0,1,2,3,4,5,6,7,8,9,10,11,12,13,14,15,16,17,18,19,20,21,22,23,24,25,26,27,28,29,30,31,32,33,34,35,36,37,38,39,40,41,42,43,44
-0.022777371,0.15970705,-0.114209935,-0.05293439,0.0013894028,0.0,0.0,0.0,0.013745032,0.0,-0.0047195475,0.0,-0.100517124,0.0,-0.0025244548,-0.0018972601,-0.35843536,0.0,0.16579586,0.0,0.0,-0.043369647,0.0,0.0,0.0,0.0,0.0,0.12999947,0.0,0.0007378072,-0.009753089,0.0,-0.027803997,-0.002082019,0.0,-0.028935755,0.5032206,-0.030314967,0.037798844,-0.24214752,0.0,-0.002424514,0.0005887636,-0.13945691,-0.0044233957
-0.009707291,-0.111166835,-0.1172239,-0.007855957,0.0008880644,0.0,0.0,0.0,0.02685888,0.0,-0.0047195475,0.0,0.13127643,0.0,0.001603096,-0.0018972601,-0.29053494,0.0,0.17298697,0.0,0.0,0.07335449,0.0,0.0,0.0,0.0,0.0,0.1661259,0.0,0.00046389567,-0.009753089,0.0,-0.034313455,-0.002082019,0.0,-0.019613694,0.44971436,-0.030314967,0.02209337,0.10986505,0.0,-0.0021067285,0.0005887636,0.30745208,0.001407335
-0.021778181,-0.4340433,-0.3918229,-0.09926799,0.0001476258,0.0,0.0,0.0,0.02233924,0.0,-0.019792344,0.0,-0.063008346,0.0,-0.00041246324,0.00013513495,-0.13666384,0.0,-0.233267,0.0,0.0,-0.04911038,0.0,0.0,0.0,0.0,0.0,-0.25410125,0.0,0.0007378072,0.0037387437,0.0,-0.025564205,0.0010527901,0.0,-0.07636209,-0.908071,-0.08801111,-0.28074378,-0.08845511,0.0,-0.025037764,-0.0066033686,-0.13508107,0.001407335
0.050331514,-0.115673274,-0.03851156,-0.11181517,-0.0012802833,0.0,0.0,0.0,0.02014675,0.0,-0.0042897584,0.0,0.12327437,0.0,0.001603096,0.00082474446,0.19385442,0.0,0.17165288,0.0,0.0,0.044829186,0.0,0.0,0.0,0.0,0.0,0.14284505,0.0,0.00059738336,-0.009753089,0.0,-0.029223438,-0.002082019,0.0,-0.01817747,0.5400251,-0.030314967,0.0239635,0.08709512,0.0,-0.0015209079,0.0006897679,0.28012785,0.001407335
-0.014322828,-0.55207336,-0.21598917,-0.0731734,0.0044367104,0.0,0.0,0.0,-0.074639454,0.0,-0.004486008,0.0,0.06355904,0.0,0.001603096,-0.0018972601,-0.12764552,0.0,0.25396723,0.0,0.0,0.05645924,0.0,0.0,0.0,0.0,0.0,0.1759647,0.0,0.0007378072,0.010109393,0.0,0.031439926,-0.002082019,0.0,-0.07653732,-0.9125887,-0.112991,-0.13561186,0.07434372,0.0,0.0059297876,0.0005887636,-0.2606563,0.00047790786
-0.021778181,-0.28367758,-0.41767284,-0.09351195,0.0001476258,0.0,0.0,0.0,-0.050467588,0.0,-0.019792344,0.0,-0.06154816,0.0,-0.00041246324,0.0011452292,-0.14377964,0.0,-0.23347002,0.0,0.0,-0.06740921,0.0,0.0,0.0,0.0,0.0,-0.25379807,0.0,0.0007378072,0.0037387437,0.0,-0.009893382,0.0010527901,0.0,-0.07666607,-0.9151868,-0.08801111,-0.28074378,-0.08845511,0.0,-0.025219956,0.00056854245,-0.10950333,-0.0044233957
-0.02186572,-0.39715284,0.6009114,-0.059587654,-0.0039626732,0.0,0.0,0.0,0.050505497,0.0,-0.0028311147,0.0,0.03871204,0.0,0.0008860773,0.0011452292,0.109410174,0.0,-0.21501592,0.0,0.0,-0.05915011,0.0,0.0,0.0,0.0,0.0,-0.18654086,0.0,-0.010383418,0.0037387437,0.0,0.051033277,0.000697852,0.0,0.01862815,-0.8125166,-0.155018,-0.21879917,-0.14375089,0.0,-0.0018840398,0.00056854245,0.13287579,0.00047790786
-0.013653941,-0.19023345,-0.12713312,-0.02010276,-0.0012802833,0.0,0.0,0.0,0.015383462,0.0,-0.0047195475,0.0,-0.12443034,0.0,-0.0007462308,-0.0018972601,-0.2921925,0.0,0.14673321,0.0,0.0,0.03336346,0.0,0.0,0.0,0.0,0.0,0.14551632,0.0,0.0007378072,-0.009753089,0.0,-0.036585398,-0.002082019,0.0,-0.036955625,0.46405035,-0.030314967,0.03072314,0.09387963,0.0,-0.0020425096,0.0005887636,-0.22077869,-0.0044233957
-0.01186203,-0.3079239,-0.14911272,-0.17268166,-0.00010916684,0.0,0.0,0.0,0.02387236,0.0,0.054397523,0.0,0.11458477,0.0,-0.0007462308,-0.0015942659,-0.13423666,0.0,0.27627322,0.0,0.0,0.065618,0.0,0.0,0.0,0.0,0.0,0.15567943,0.0,0.00046389567,0.010109393,0.0,0.042467006,0.002744601,0.0,0.08782441,-0.7011402,0.15880366,0.022103824,0.09018622,0.0,-0.0065584024,0.0005887636,0.2582351,0.00047790786
-0.009860332,0.9432135,0.51542634,0.071808755,0.005501175,0.0,0.0,0.0,-0.08170621,0.0,-0.0047603124,0.0,0.08611985,0.0,0.0017877159,0.012792513,0.1805833,0.0,-0.29617906,0.0,0.0,0.09444597,0.0,0.0,0.0,0.0,0.0,0.1689356,0.0,0.0056710923,0.008210573,0.0,0.018557703,0.002744601,0.0,0.020858275,0.5804664,-0.039525364,0.05030064,0.117909595,0.0,-0.0016983892,0.0029948216,0.16489041,0.0003059106
-0.0083063375,-0.11432704,0.064239025,-0.11705837,-0.006444211,0.0,0.0,0.0,-0.05435074,0.0,-0.0042897584,0.0,-0.13250428,0.0,-0.0007462308,0.0011452292,0.1969984,0.0,0.16087706,0.0,0.0,0.061350297,0.0,0.0,0.0,0.0,0.0,0.15943864,0.0,0.00059738336,0.010109393,0.0,0.042007178,0.002744601,0.0,0.018926028,0.5390507,-0.040954176,0.0240124,0.09124056,0.0,-0.0022889215,0.0006897679,0.21498628,0.00047790786
-0.013063697,0.16142334,-0.34829623,-0.034590896,-0.0037612498,0.0,0.0,0.0,0.017643085,0.0,-0.0045834514,0.0,-0.095611036,0.0,-0.00083217025,0.0011452292,-0.3768193,0.0,-0.33362752,0.0,0.0,-0.045798384,0.0,0.0,0.0,0.0,0.0,-0.322814,0.0,0.0007378072,0.0037387437,0.0,-0.028284147,0.0010527901,0.0,-0.028935755,0.48308316,-0.026857154,0.08037615,0.07025366,0.0,-0.017787745,0.00056854245,-0.1136558,-0.0044233957
0.049819373,0.3698727,-0.09603267,-0.03124236,-0.0012802833,0.0,0.0,0.0,0.022292038,0.0,-0.0042897584,0.0,0.13127643,0.0,0.0054231794,0.00082474446,0.2284706,0.0,0.19676073,0.0,0.0,0.05696327,0.0,0.0,0.0,0.0,0.0,0.17393737,0.0,0.00059738336,-0.009753089,0.0,-0.029193787,-0.002082019,0.0,-0.017821584,0.60221684,-0.030314967,0.022736453,0.09850131,0.0,-0.0015209079,0.0006897679,0.24309964,0.001407335
0.10555064,-0.79890597,0.47289452,0.085934676,0.0024119657,0.0,0.0,0.0,0.02355957,0.0,-0.0028311147,0.0,0.047392182,0.0,0.001603096,0.00082474446,0.07558083,0.0,0.21574757,0.0,0.0,0.051296372,0.0,0.0,0.0,0.0,0.0,0.15327428,0.0,0.0008712949,0.010109393,0.0,0.056601703,0.002744601,0.0,0.07309928,-0.949262,-0.18081579,-0.09763001,-0.2567811,0.0,0.0030967796,0.0006897679,-0.1608926,0.00047790786
-0.02591985,-0.4767413,-0.113485046,-0.08505161,-0.00029844118,0.0,0.0,0.0,-0.071521305,0.0,0.0335603,0.0,0.047817007,0.0,-0.0007462308,8.630735e-05,-0.2866823,0.0,0.14370063,0.0,0.0,-0.037893314,0.0,0.0,0.0,0.0,0.0,0.12749368,0.0,0.0007378072,-0.009753089,0.0,-0.011333502,0.002744601,0.0,0.041109182,0.4333664,-0.040954176,0.03723932,-0.1803879,0.0,-0.0020201919,-0.004291843,-0.1640898,0.001407335
-0.018586924,0.46990138,-0.11388908,-0.008812476,0.0008954721,0.0,0.0,0.0,0.01833942,0.0,-0.0047195475,0.0,-0.1397524,0.0,-0.0025244548,-0.0018972601,-0.24650341,0.0,0.19768679,0.0,0.0,0.07178784,0.0,0.0,0.0,0.0,0.0,0.14596911,0.0,0.00046389567,0.010109393,0.0,0.030947603,-0.002082019,0.0,-0.016514113,0.5425267,-0.030314967,0.022483882,-0.22755788,0.0,-0.0024887328,0.0005887636,0.20290786,0.00047790786
-0.008781608,0.36345628,-0.054290295,-0.05843963,-0.0012802833,0.0,0.0,0.0,0.020434523,0.0,-0.0042897584,0.0,-0.13364285,0.0,-0.00083217025,0.0011452292,0.2590149,0.0,-0.38464525,0.0,0.0,-0.06906079,0.0,0.0,0.0,0.0,0.0,0.15354863,0.0,0.00059738336,-0.009753089,0.0,-0.016152479,-0.002082019,0.0,-0.016514113,0.6037056,-0.026733205,0.047343362,0.09699415,0.0,-0.0021067285,0.00056854245,0.17442477,0.001407335
-0.021649282,-0.20619929,-0.18566164,-0.06381567,8.831959e-05,0.0,0.0,0.0,0.03432965,0.0,0.012503779,0.0,0.044092845,0.0,-0.00041246324,8.630735e-05,-0.14133573,0.0,-0.24178958,0.0,0.0,-0.062322862,0.0,0.0,0.0,0.0,0.0,-0.24959227,0.0,-0.015147548,0.0037387437,0.0,0.034776695,0.0010527901,0.0,0.07309928,-0.84237534,-0.16574232,-0.2885045,-0.0919893,0.0,-0.001038072,-0.004013705,-0.1493176,0.00047790786
-0.012717492,0.55154675,-0.15401202,0.011967367,-0.0006428057,0.0,0.0,0.0,0.030391116,0.0,0.012914714,0.0,0.0948069,0.0,-0.0025244548,-0.0015942659,-0.24744062,0.0,0.20558764,0.0,0.0,0.040258553,0.0,0.0,0.0,0.0,0.0,0.18026216,0.0,0.0007378072,0.010109393,0.0,0.03445663,-0.002082019,0.0,-0.030243225,0.5550822,-0.030314967,0.032470018,0.10780876,0.0,-0.0020425096,0.0005887636,-0.20378888,-0.0015021125
-0.021686507,0.16082527,-0.4202717,-0.034459136,-0.0042438754,0.0,0.0,0.0,-0.058358006,0.0,-0.0045834514,0.0,-0.06350274,0.0,-0.00083217025,0.00013513495,-0.14650379,0.0,-0.25349054,0.0,0.0,-0.046870176,0.0,0.0,0.0,0.0,0.0,-0.2145821,0.0,0.0007378072,0.0037387437,0.0,-0.011558657,0.0010527901,0.0,-0.14813522,-0.8922085,0.081996046,0.08037615,-0.13518354,0.0,-0.020768283,-0.0066033686,-0.09645664,0.001407335
-0.012259522,-0.4514695,-0.23098494,-0.1373615,0.00082032394,0.0,0.0,0.0,-0.11213868,0.0,-0.019792344,0.0,0.080849715,0.0,0.0008860773,0.0011452292,-0.3291763,0.0,-0.30409038,0.0,0.0,-0.13782336,0.0,0.0,0.0,0.0,0.0,-0.33222246,0.0,0.00046389567,0.0037387437,0.0,-0.012042965,0.0010527901,0.0,-0.019613694,0.42795205,-0.026857154,0.06967126,0.055841204,0.0,-0.011827436,0.00056854245,0.14884149,0.001407335
-0.008726221,-0.4794418,0.36159477,-0.047051057,-0.0041601597,0.0,0.0,0.0,0.03952377,0.0,-0.0028311147,0.0,0.08173004,0.0,0.001603096,0.0011452292,0.20200741,0.0,0.15257673,0.0,0.0,-0.107972614,0.0,0.0,0.0,0.0,0.0,0.123569384,0.0,0.00059738336,0.010109393,0.0,0.047802646,0.002744601,0.0,0.019343577,0.44753298,-0.03964842,0.027406657,0.101999044,0.0,-0.002301962,0.0006897679,0.2046803,0.00047790786
0.056513242,0.16320314,-0.13042898,-0.029539138,0.0008880644,0.0,0.0,0.0,0.01898321,0.0,-0.0047195475,0.0,-0.15053496,0.0,-0.00083217025,-0.0013644537,-0.35394529,0.0,-0.33865172,0.0,0.0,0.0711148,0.0,0.0,0.0,0.0,0.0,0.17648433,0.0,0.00046389567,-0.009753089,0.0,-0.02930223,-0.002082019,0.0,-0.016514113,0.48567712,-0.026733205,0.033312123,0.07281415,0.0,-0.0015209079,0.0004675381,0.19279046,0.001407335
-0.017197255,-1.2242147,-0.25945273,-0.12460193,-0.000549158,0.0,0.0,0.0,-0.068692096,0.0,-0.019792344,0.0,0.035170082,0.0,0.0008860773,0.0011452292,-0.10561399,0.0,-0.42460787,0.0,0.0,-0.056251932,0.0,0.0,0.0,0.0,0.0,-0.29848492,0.0,0.0007378072,0.0037387437,0.0,-0.010143792,0.0010527901,0.0,-0.07653732,-0.9123302,-0.09310598,-0.2953324,-0.12492371,0.0,0.061971303,0.020414108,-0.19445884,0.001407335
-0.010256939,-0.840666,-0.14896922,-0.044146765,0.003986607,0.0,0.0,0.0,0.021911608,0.0,-0.004486008,0.0,-0.13528362,0.0,-0.00041246324,-0.0018972601,-0.13498405,0.0,-0.37168872,0.0,0.0,0.10808027,0.0,0.0,0.0,0.0,0.0,-0.3324108,0.0,-0.010383418,0.0037387437,0.0,0.044898782,0.0010527901,0.0,0.018210601,-0.86699003,-0.17083718,-0.23100758,0.05712854,0.0,0.001696053,0.0004675381,0.2106033,0.00047790786
-0.014322828,-0.4882217,-0.19931395,-0.10934147,-0.004841806,0.0,0.0,0.0,-0.08865337,0.0,-0.004486008,0.0,-0.0719852,0.0,-0.00041246324,-0.0018972601,-0.12876777,0.0,-0.23556194,0.0,0.0,0.041210137,0.0,0.0,0.0,0.0,0.0,0.1364663,0.0,0.0008712949,0.010109393,0.0,0.030788671,0.002744601,0.0,0.14662382,-0.7226482,0.14753526,0.042738743,0.047748458,0.0,0.0059297876,0.0004675381,-0.15002264,0.00047790786
0.06963887,-0.85751444,0.3101791,-0.06761088,0.00038571784,0.0,0.0,0.0,-0.07499006,0.0,-0.0028311147,0.0,0.06342353,0.0,0.001603096,-0.00018534983,0.16408443,0.0,0.14163943,0.0,0.0,0.04900732,0.0,0.0,0.0,0.0,0.0,0.10762168,0.0,0.0008712949,0.010109393,0.0,0.044603236,0.002744601,0.0,0.041109182,0.45793745,-0.043107126,0.033997215,0.07855465,0.0,0.0009812076,-0.006881507,-0.16992393,0.00047790786
-0.0066695837,-1.2640414,0.5300987,-0.11309698,-0.0016374681,0.0,0.0,0.0,0.041294515,0.0,-0.0028311147,0.0,0.06979952,0.0,0.0008860773,0.0011452292,0.084650666,0.0,-0.4176245,0.0,0.0,-0.07526402,0.0,0.0,0.0,0.0,0.0,0.15673569,0.0,0.00059738336,0.010109393,0.0,0.029086044,0.0012553849,0.0,0.01862815,-0.9162415,-0.15571195,-0.1803804,0.0948836,0.0,-0.004798689,0.020414108,0.27295825,0.00047790786
-0.02132775,-0.21929061,-0.19522461,-0.04039728,0.0001476258,0.0,0.0,0.0,0.009781091,0.0,-0.004486008,0.0,-0.05930923,0.0,-0.00041246324,-0.0018972601,-0.14506108,0.0,-0.23233029,0.0,0.0,-0.04979503,0.0,0.0,0.0,0.0,0.0,-0.23361811,0.0,-0.015147548,-0.0036069527,0.0,-0.022906763,-0.0007986329,0.0,-0.07636209,-0.8963868,-0.08801111,-0.28074378,-0.072374865,0.0,0.0042141266,0.0004675381,-0.13719271,0.001407335
0.07571674,-0.45491162,-0.0024734237,-0.014515974,0.00037425695,0.0,0.0,0.0,-0.050933108,0.0,-0.0028311147,0.0,0.053248446,0.0,0.001603096,0.00082474446,0.18601266,0.0,0.16438296,0.0,0.0,-0.03194489,0.0,0.0,0.0,0.0,0.0,0.124580935,0.0,0.0008712949,-0.009753089,0.0,-0.008472378,-0.002082019,0.0,-0.036826875,0.5364677,-0.030314967,0.037593845,0.059652727,0.0,0.0009812076,0.0006897679,-0.17471293,-0.0044233957
-0.0134825,-0.029057303,-0.4414052,-0.034697466,-0.0013504521,0.0,0.0,0.0,0.015824536,0.0,-0.0045834514,0.0,-0.095611036,0.0,-0.00041246324,0.0011452292,-0.13139227,0.0,-0.2637434,0.0,0.0,-0.06336334,0.0,0.0,0.0,0.0,0.0,-0.31626365,0.0,0.0007378072,0.0037387437,0.0,-0.031777535,0.0010527901,0.0,-0.07666607,-0.93427354,-0.08801111,-0.3088877,0.0623402,0.0,-0.017787745,0.00056854245,-0.15625142,-0.0044233957
0.124842875,0.2695861,-0.100296475,-0.053530674,0.0013894028,0.0,0.0,0.0,0.010708605,0.0,-0.0042897584,0.0,-0.0928742,0.0,-0.00083217025,0.00082474446,0.24736224,0.0,-0.28806615,0.0,0.0,0.039754782,0.0,0.0,0.0,0.0,0.0,0.122570194,0.0,0.0008712949,-0.009753089,0.0,-0.028713636,-0.002082019,0.0,-0.028935755,0.62658316,-0.026733205,0.043550838,-0.17391025,0.0,0.0048119305,0.00056854245,-0.15019874,0.001407335
-0.015373958,-0.442318,-0.11755698,-0.019784836,-0.00074664445,0.0,0.0,0.0,0.013042632,0.0,-0.004486008,0.0,0.06818719,0.0,0.001603096,-0.0018972601,-0.28470966,0.0,0.16226633,0.0,0.0,0.022955451,0.0,0.0,0.0,0.0,0.0,0.15425442,0.0,0.0007378072,-0.009753089,0.0,-0.031329866,-0.002082019,0.0,-0.036826875,0.45446363,-0.030314967,0.030394895,0.08131881,0.0,0.005653361,0.0005887636,-0.24807444,0.001407335
-0.008726221,-0.24352936,0.16653362,-0.026072334,0.0030846638,0.0,0.0,0.0,0.025762504,0.0,-0.002185993,0.0,0.10306372,0.0,0.001603096,0.0011452292,0.20889561,0.0,0.14820783,0.0,0.0,0.070287764,0.0,0.0,0.0,0.0,0.0,0.16422595,0.0,0.00059738336,0.010109393,0.0,0.042401567,0.002744601,0.0,0.019343577,0.4980222,-0.043107126,0.023837894,0.098382846,0.0,-0.0015202136,0.0006897679,0.26332924,0.00047790786
-0.013063697,0.48081154,-0.42851213,0.01206073,0.003346783,0.0,0.0,0.0,0.017643085,0.0,-0.0045834514,0.0,-0.092073604,0.0,-0.00083217025,0.0011452292,-0.25601792,0.0,-0.35408843,0.0,0.0,-0.045798384,0.0,0.0,0.0,0.0,0.0,-0.3597538,0.0,0.0007378072,0.0023605714,0.0,-0.020599214,0.0010527901,0.0,-0.028935755,0.541784,-0.026857154,0.08037615,0.066815086,0.0,-0.017787745,0.00056854245,-0.111918576,-0.0044233957
-0.012241346,-0.39615422,0.2708005,-0.016106365,0.008717025,0.0,0.0,0.0,0.024004834,0.0,-0.0028311147,0.0,-0.08655751,0.0,-0.0007462308,0.00013513495,0.099316776,0.0,0.20748681,0.0,0.0,-0.042840194,0.0,0.0,0.0,0.0,0.0,-0.17275533,0.0,-0.015147548,-0.0036069527,0.0,-0.02631143,0.0010527901,0.0,0.14662382,-0.735489,0.16379204,0.072196774,0.064274386,0.0,0.0017602718,-0.006881507,-0.113481596,0.001407335
-0.012430965,-0.499831,-0.09855014,0.00014880132,0.0037992327,0.0,0.0,0.0,-0.062223904,0.0,-0.004486008,0.0,-0.10423694,0.0,-0.00041246324,-0.0018972601,-0.3220144,0.0,-0.29034007,0.0,0.0,-0.10717501,0.0,0.0,0.0,0.0,0.0,0.16452254,0.0,0.00046389567,-0.009753089,0.0,-0.011813652,-0.002082019,0.0,-0.018002236,0.44745055,-0.026733205,0.044754487,0.056891654,0.0,-0.0017024063,0.0004675381,0.148408,0.001407335
-0.018513469,-0.26092225,0.6823176,-0.022869945,-0.0039626732,0.0,0.0,0.0,-0.09662498,0.0,-0.0028311147,0.0,0.033730652,0.0,0.0008860773,0.00013513495,0.102561116,0.0,-0.16001134,0.0,0.0,-0.065743975,0.0,0.0,0.0,0.0,0.0,-0.10162916,0.0,-0.015147548,0.0037387437,0.0,0.031378224,0.000697852,0.0,0.14704137,-0.704233,0.12991984,0.07109147,-0.1414426,0.0,-0.008640452,-0.0066033686,-0.10052526,0.00047790786
-0.008919853,0.16563465,-0.12013497,-0.025331747,0.0028528525,0.0,0.0,0.0,-0.061651953,0.0,-0.0047195475,0.0,-0.13619429,0.0,-0.0025244548,-0.0018972601,-0.36306968,0.0,0.18564342,0.0,0.0,0.09110403,0.0,0.0,0.0,0.0,0.0,-0.33032978,0.0,-0.010383418,0.0037387437,0.0,0.027212339,0.0010527901,0.0,0.017742842,0.45387036,-0.041078124,0.04616108,0.076766275,0.0,0.0009273448,0.0005887636,0.17929052,0.00047790786
-0.0082126735,0.5783567,0.17668703,-0.02265813,0.005501175,0.0,0.0,0.0,0.01833942,0.0,-0.0042897584,0.0,-0.16338582,0.0,-0.0025244548,0.0011452292,0.16557641,0.0,0.2193171,0.0,0.0,0.055045344,0.0,0.0,0.0,0.0,0.0,0.15202045,0.0,0.00059738336,0.010109393,0.0,0.032332275,0.002744601,0.0,0.017742842,0.6100166,-0.040954176,0.024402907,0.09885068,0.0,-0.0021067285,0.0006897679,0.16049595,0.00047790786
0.050560765,-1.4877224,0.7269159,-0.09472205,-0.0011914009,0.0,0.0,0.0,0.02669872,0.0,-0.0028311147,0.0,0.030515729,0.0,0.0008860773,0.00082474446,0.06638781,0.0,-0.36990294,0.0,0.0,0.09665717,0.0,0.0,0.0,0.0,0.0,-0.22552055,0.0,-0.015147548,0.0037387437,0.0,0.04590348,0.000697852,0.0,0.07309928,-0.887009,-0.16011286,-0.21134406,0.06396746,0.0,-0.0075680874,0.020414108,-0.1790932,-0.0015021125
-0.0083063375,-0.019039221,0.3310272,-0.112329304,0.005501175,0.0,0.0,0.0,0.016068285,0.0,-0.0042897584,0.0,-0.14081815,0.0,-0.00041246324,0.0011452292,0.21007666,0.0,-0.23192742,0.0,0.0,0.06804807,0.0,0.0,0.0,0.0,0.0,0.1319671,0.0,0.00059738336,0.010109393,0.0,0.042401567,0.002744601,0.0,0.018926028,0.5136306,-0.039525364,0.03587169,0.10245158,0.0,-0.0021067285,0.00056854245,0.19885433,0.00047790786
-0.016377619,-0.3073596,-0.16512616,-0.18063535,0.00037425695,0.0,0.0,0.0,-0.033401236,0.0,-0.019928439,0.0,-0.063150905,0.0,-0.00041246324,-0.0018972601,-0.1420455,0.0,-0.23907876,0.0,0.0,-0.034888,0.0,0.0,0.0,0.0,0.0,0.12410827,0.0,0.0007378072,-0.009753089,0.0,-0.009990211,-0.002082019,0.0,-0.15585108,-0.86373717,0.081111684,0.053384252,0.065983035,0.0,-0.006676377,0.0004675381,-0.11307303,-0.0044233957
-0.008119185,-0.55521697,0.3789707,-0.13617198,-6.4385706e-05,0.0,0.0,0.0,-0.09295046,0.0,-0.0028311147,0.0,0.099348925,0.0,0.001603096,0.0011452292,0.09184374,0.0,0.22826384,0.0,0.0,0.081659876,0.0,0.0,0.0,0.0,0.0,-0.2830995,0.0,-0.010383418,0.0037387437,0.0,0.04523781,0.0010527901,0.0,0.01862815,-0.9007427,-0.20544177,-0.20433234,0.08657561,0.0,0.0015138601,0.0006897679,0.22046147,0.00047790786
-0.013235139,0.36581498,-0.17099915,-0.0057610245,0.0008880644,0.0,0.0,0.0,-0.081717774,0.0,-0.0047195475,0.0,0.080595076,0.0,0.0054231794,-0.00021668678,-0.35273737,0.0,0.20563811,0.0,0.0,0.038318083,0.0,0.0,0.0,0.0,0.0,0.17363167,0.0,0.0007378072,-0.009753089,0.0,-0.0132520385,-0.002082019,0.0,-0.030243225,0.5026715,-0.030314967,0.032470018,0.107475966,0.0,-0.0022247026,-0.004291843,-0.19445384,0.001407335
-0.015373958,-0.13112032,-0.17878063,-0.119146846,-0.00074664445,0.0,0.0,0.0,-0.035094824,0.0,-0.012168519,0.0,-0.06187239,0.0,-0.00041246324,-0.0018972601,-0.15033458,0.0,-0.23362982,0.0,0.0,-0.034888,0.0,0.0,0.0,0.0,0.0,0.14555556,0.0,0.0007378072,-0.009753089,0.0,-0.008678565,-0.002082019,0.0,-0.15585108,-0.88140804,0.081111684,0.053384252,0.07298581,0.0,0.02066501,0.0004675381,-0.13289143,0.001407335
-0.021780375,-0.25694856,-0.08815075,-0.16993803,0.0008755954,0.0,0.0,0.0,0.016010823,0.0,-0.010513625,0.0,0.06478169,0.0,0.001603096,0.0011452292,0.214709,0.0,0.1309383,0.0,0.0,0.021724617,0.0,0.0,0.0,0.0,0.0,0.12403786,0.0,0.0008712949,-0.009753089,0.0,-0.030261122,-0.002082019,0.0,-0.036826875,0.56349015,-0.030314967,0.030647468,-0.22816177,0.0,0.02170412,0.0006897679,-0.23872083,0.001407335
-0.009442183,0.46237165,-0.36056012,0.0104493,0.003346783,0.0,0.0,0.0,-0.08718069,0.0,-0.0045834514,0.0,-0.0973512,0.0,-0.00083217025,0.0011452292,-0.28123063,0.0,-0.3634178,0.0,0.0,-0.12070957,0.0,0.0,0.0,0.0,0.0,-0.3800366,0.0,0.00046389567,0.0023605714,0.0,-0.0038737245,0.0010527901,0.0,-0.016514113,0.5192575,-0.026857154,0.07039001,0.068582766,0.0,-0.018034156,0.00056854245,0.12163345,0.001407335
-0.012238149,-0.46134382,-0.023979837,-0.035552077,-0.016394228,0.0,0.0,0.0,0.013042632,0.0,-0.0028311147,0.0,0.061918836,0.0,0.001603096,0.0011452292,0.1934987,0.0,0.16093227,0.0,0.0,0.020573327,0.0,0.0,0.0,0.0,0.0,0.13244237,0.0,0.0008712949,-0.009753089,0.0,-0.040914018,0.002744601,0.0,0.041109182,0.513627,-0.040954176,0.03378062,0.08415012,0.0,0.005653361,0.0006897679,-0.22203553,0.001407335
-0.020774523,-0.4591499,-0.27048007,-0.12469556,0.0001476258,0.0,0.0,0.0,0.028425679,0.0,-0.019792344,0.0,0.047008134,0.0,0.0008860773,0.0011452292,-0.13794528,0.0,-0.24378161,0.0,0.0,-0.052105695,0.0,0.0,0.0,0.0,0.0,-0.2644764,0.0,0.0007378072,0.0037387437,0.0,-0.028425612,0.0010527901,0.0,-0.07653732,-0.9026508,-0.08801111,-0.28074378,-0.086343236,0.0,0.051310144,0.00056854245,-0.17304459,0.001407335
-0.017263245,0.7944085,-0.19512202,0.09802587,-0.0012802833,0.0,0.0,0.0,0.02407669,0.0,0.020550637,0.0,0.10732296,0.0,-0.0025244548,-0.015332067,-0.23675507,0.0,0.17957209,0.0,0.0,0.06802838,0.0,0.0,0.0,0.0,0.0,0.2101897,0.0,0.0031137276,-0.0041200104,0.0,-0.022729322,0.002744601,0.0,0.020858275,0.55259234,-0.040954176,0.025494877,0.10186074,0.0,-0.0015161962,0.0011661218,0.22459546,0.0005919774
0.0812483,0.9662745,-0.0008089193,0.1766883,-0.0012802833,0.0,0.0,0.0,0.008442801,0.0,-0.0047603124,0.0,-0.09044561,0.0,-0.0025244548,0.0066078044,0.16314998,0.0,0.1606195,0.0,0.0,0.025655232,0.0,0.0,0.0,0.0,0.0,0.22406125,0.0,0.010916204,-0.0041200104,0.0,-0.020622896,-0.002082019,0.0,-0.028935755,0.638318,-0.030314967,0.036680486,0.06186619,0.0,0.0010900879,0.003116047,-0.15895244,0.0005919774
-0.02082113,-0.42229956,-0.21494022,-0.055303514,0.0001476258,0.0,0.0,0.0,0.023896819,0.0,-0.004486008,0.0,-0.06377411,0.0,-0.00041246324,-0.0018972601,-0.13794528,0.0,-0.23233029,0.0,0.0,-0.04979503,0.0,0.0,0.0,0.0,0.0,-0.23005854,0.0,-0.012828371,-0.0036069527,0.0,-0.025290525,-0.0007986329,0.0,-0.07636209,-0.88927096,-0.08801111,-0.28074378,-0.072374865,0.0,0.0042141266,0.0004675381,-0.1468985,0.001407335
-0.012081348,0.008053135,-0.16836101,-0.111531116,-0.0002628712,0.0,0.0,0.0,-0.07186333,0.0,-0.0047195475,0.0,0.06528299,0.0,0.0008860773,-0.0018972601,-0.12349622,0.0,-0.25053713,0.0,0.0,0.042936202,0.0,0.0,0.0,0.0,0.0,0.15587741,0.0,0.0008712949,0.010109393,0.0,0.028209299,0.002744601,0.0,0.14704137,-0.7474349,0.14753526,0.043319557,0.09304131,0.0,0.00764494,0.0004675381,-0.18406439,0.00047790786
-0.013342175,-0.5052756,0.7542893,-0.03307881,-6.4385706e-05,0.0,0.0,0.0,-0.13198625,0.0,-0.0028311147,0.0,0.033916738,0.0,0.0008860773,0.0011452292,0.09748374,0.0,-0.23246685,0.0,0.0,-0.08422899,0.0,0.0,0.0,0.0,0.0,-0.19906774,0.0,-0.015147548,0.0037387437,0.0,0.033437137,0.000697852,0.0,0.07309928,-0.8205453,-0.155018,-0.23721258,0.062185626,0.0,-0.005842107,0.00056854245,-0.07665735,-0.0015021125
-0.013241807,-0.20740683,-0.07647488,-0.08434664,-0.00074664445,0.0,0.0,0.0,-0.033401236,0.0,-0.011517948,0.0,-0.058189332,0.0,-0.00041246324,0.00013513495,0.101731285,0.0,-0.24047719,0.0,0.0,-0.029655017,0.0,0.0,0.0,0.0,0.0,0.10455422,0.0,0.0008712949,-0.009753089,0.0,-0.008678565,-0.002082019,0.0,-0.15585108,-1.0868708,0.081111684,0.055254377,0.06681688,0.0,-0.0016381877,-0.0066033686,-0.15122776,0.001407335
-0.019155858,0.36987957,-0.13016544,-0.015958972,-0.0017629091,0.0,0.0,0.0,-0.063854575,0.0,-0.0047195475,0.0,-0.11367566,0.0,-0.0025244548,-0.0018972601,-0.2964542,0.0,0.19768679,0.0,0.0,0.07671673,0.0,0.0,0.0,0.0,0.0,0.1430351,0.0,0.00046389567,-0.009753089,0.0,-0.013732189,-0.002082019,0.0,-0.016514113,0.5180354,-0.030314967,0.022483882,-0.22820905,0.0,-0.002670926,0.0005887636,0.19758055,0.001407335
0.04673616,-0.5002479,0.7696289,-0.1412801,-6.4385706e-05,0.0,0.0,0.0,0.032297805,0.0,-0.0028311147,0.0,0.078794524,0.0,0.0008860773,0.00082474446,0.08509631,0.0,-0.2354229,0.0,0.0,0.09284095,0.0,0.0,0.0,0.0,0.0,-0.21598633,0.0,-0.010383418,0.0037387437,0.0,0.06966618,0.000697852,0.0,0.01862815,-0.82233083,-0.155018,-0.17550917,0.051187173,0.0,0.0015001249,0.00056854245,0.16404198,0.00047790786
-0.022806734,-0.26924446,-0.14949948,-0.023800952,0.0005384227,0.0,0.0,0.0,0.029733313,0.0,0.012503779,0.0,0.054309595,0.0,-0.0007462308,8.630735e-05,-0.13673398,0.0,0.22985658,0.0,0.0,-0.051044602,0.0,0.0,0.0,0.0,0.0,0.15215689,0.0,0.0007378072,0.010109393,0.0,0.035801087,0.002744601,0.0,0.07309928,-0.877897,-0.19072218,-0.17027381,-0.2004336,0.0,-0.001837999,-0.004291843,-0.18844798,0.00047790786
-0.02591985,-0.26129413,-0.16090609,-0.21313557,0.0008755954,0.0,0.0,0.0,0.013150646,0.0,-0.019928439,0.0,0.050690144,0.0,0.0008860773,-0.0018972601,-0.1446366,0.0,-0.21283682,0.0,0.0,0.02610208,0.0,0.0,0.0,0.0,0.0,0.10559148,0.0,0.0007378072,-0.009753089,0.0,-0.03205292,-0.002082019,0.0,-0.15602632,-0.8829081,0.081111684,0.041223142,-0.16855907,0.0,-0.006876189,0.0004675381,-0.21132195,-0.0044233957
-0.0082126735,0.55079657,0.5232873,-0.027410828,0.005501175,0.0,0.0,0.0,0.040111575,0.0,-0.0042897584,0.0,0.09488146,0.0,0.0054231794,0.0011452292,0.24593668,0.0,0.20038453,0.0,0.0,-0.11174873,0.0,0.0,0.0,0.0,0.0,0.13431466,0.0,0.00059738336,0.010109393,0.0,0.024668898,0.002744601,0.0,0.020858275,0.5337164,-0.03964842,0.02819616,0.13327134,0.0,-0.0021067285,0.0006897679,0.15179043,0.00047790786
-0.020360006,-0.27574235,-0.16369696,-0.016589742,8.831959e-05,0.0,0.0,0.0,0.015435695,0.0,-0.004486008,0.0,-0.12702398,0.0,-0.00041246324,-0.0018972601,-0.14256376,0.0,-0.22141051,0.0,0.0,0.061700318,0.0,0.0,0.0,0.0,0.0,-0.21108666,0.0,-0.010383418,0.0037387437,0.0,0.04166815,-0.0007986329,0.0,-0.09557975,-0.77518797,0.081996046,0.055931885,-0.099735774,0.0,-0.0011022909,0.0004675381,0.25491074,0.00047790786
-0.021649282,-0.42407674,-0.18272865,-0.07299891,-0.00034630485,0.0,0.0,0.0,-0.08931732,0.0,0.012503779,0.0,0.04790275,0.0,-0.0007462308,8.630735e-05,-0.13263376,0.0,0.22786877,0.0,0.0,-0.0670702,0.0,0.0,0.0,0.0,0.0,-0.24919805,0.0,-0.012828371,0.0037387437,0.0,0.014470387,0.0010527901,0.0,0.07309928,-0.8254134,-0.19084615,-0.23857996,-0.1427198,0.0,-0.0012202652,-0.004291843,-0.1559249,0.00047790786
-0.012403122,0.5117194,0.1360156,-0.035641428,-0.019612174,0.0,0.0,0.0,-0.036050264,0.0,-0.0042897584,0.0,-0.08900322,0.0,-0.00083217025,0.0011452292,0.21588865,0.0,-0.36746493,0.0,0.0,0.04183204,0.0,0.0,0.0,0.0,0.0,0.14004898,0.0,0.0008712949,-0.009753089,0.0,-0.025108136,0.002744601,0.0,0.032879587,0.6064726,-0.037372414,0.0463942,0.096399434,0.0,-0.0022247026,0.00056854245,-0.12666912,-0.0044233957
-0.012403122,0.3812655,-0.11643589,-0.04348917,0.0008880644,0.0,0.0,0.0,0.01081662,0.0,-0.0042897584,0.0,-0.12443034,0.0,-0.0025244548,0.0011452292,0.23847356,0.0,0.17766505,0.0,0.0,0.03098134,0.0,0.0,0.0,0.0,0.0,0.15839006,0.0,0.0008712949,-0.009753089,0.0,-0.032023266,-0.002082019,0.0,-0.028935755,0.6215387,-0.030314967,0.032470018,0.10495303,0.0,-0.0020425096,0.0006897679,-0.17413017,-0.0044233957
-0.015542926,-0.52894014,0.44588012,0.09971957,0.00038571784,0.0,0.0,0.0,-0.14695196,0.0,-0.0028311147,0.0,0.05031542,0.0,0.0008860773,0.0011452292,0.103249095,0.0,-0.22634123,0.0,0.0,-0.085503675,0.0,0.0,0.0,0.0,0.0,0.09586205,0.0,0.00059738336,0.010109393,0.0,0.031378224,0.0012553849,0.0,0.08782441,-0.7083084,0.12903547,0.042872436,0.08054221,0.0,-0.0091225915,0.00056854245,0.11368298,0.00047790786
-0.018268451,-0.4419575,0.25665045,-0.06281021,-0.0046427855,0.0,0.0,0.0,0.02338348,0.0,-0.0028311147,0.0,0.10593943,0.0,0.001603096,0.0011452292,0.18768531,0.0,0.13647854,0.0,0.0,0.06022369,0.0,0.0,0.0,0.0,0.0,0.10399596,0.0,0.00059738336,0.010109393,0.0,0.05546603,0.002744601,0.0,0.019343577,0.4784079,-0.043107126,0.025198435,-0.27016482,0.0,-0.0019022179,0.0006897679,0.2504619,0.00047790786
-0.021101652,-0.05468562,-0.2943724,-0.040490516,0.0014589422,0.0,0.0,0.0,0.017125811,0.0,-0.0045834514,0.0,-0.081817724,0.0,-0.00041246324,0.0011452292,-0.13139227,0.0,-0.20191611,0.0,0.0,-0.041956577,0.0,0.0,0.0,0.0,0.0,-0.2127431,0.0,0.0007378072,0.0037387437,0.0,-0.029505586,0.0010527901,0.0,-0.15615508,-0.85023946,0.081996046,0.07862926,-0.12826751,0.0,0.07576863,0.00056854245,-0.13275151,0.001407335
-0.012672872,-0.51860917,-0.03472878,-0.08145503,0.00093967875,0.0,0.0,0.0,0.019355567,0.0,-0.0028311147,0.0,0.059072714,0.0,0.0008860773,0.00013513495,0.20657696,0.0,-0.265867,0.0,0.0,0.036139395,0.0,0.0,0.0,0.0,0.0,0.12912929,0.0,0.0008712949,0.010109393,0.0,0.05546603,-0.002082019,0.0,-0.036826875,0.55845547,-0.026733205,0.043093268,0.05421682,0.0,-0.0014559947,-0.0066033686,-0.21173277,0.00047790786
-0.023871934,-0.25330457,-0.007158311,-0.13695781,-0.0016793734,0.0,0.0,0.0,0.017861187,0.0,-0.012168519,0.0,0.05277277,0.0,0.0008860773,-0.0018972601,-0.3413149,0.0,-0.24642168,0.0,0.0,-0.0374932,0.0,0.0,0.0,0.0,0.0,-0.22137544,0.0,-0.015147548,-0.0036069527,0.0,-0.023386914,0.0010527901,0.0,0.041109182,0.42567647,-0.037496362,0.09100126,-0.1235002,0.0,0.018949352,0.0004675381,-0.13180153,0.001407335
0.070422776,0.41014898,-0.11220115,-0.026806317,-0.0012802833,0.0,0.0,0.0,0.018264128,0.0,-0.0042897584,0.0,0.09826146,0.0,0.0054231794,0.00082474446,0.23428398,0.0,0.19007513,0.0,0.0,0.032707408,0.0,0.0,0.0,0.0,0.0,0.16296686,0.0,0.0008712949,-0.009753089,0.0,-0.030985584,-0.002082019,0.0,-0.030243225,0.6215387,-0.030314967,0.03272259,0.09583925,0.0,0.00057688553,0.0006897679,-0.1965109,-0.0044233957
-0.021649282,-0.44071797,-0.18217051,-0.05169279,8.831959e-05,0.0,0.0,0.0,0.03235175,0.0,-0.004486008,0.0,-0.06377411,0.0,-0.00041246324,-0.00021668678,-0.13748135,0.0,-0.2024871,0.0,0.0,-0.038788505,0.0,0.0,0.0,0.0,0.0,-0.18281314,0.0,-0.015147548,0.0037387437,0.0,0.034776695,-0.0007986329,0.0,-0.15585108,-0.8098377,0.081996046,0.07830102,-0.08917834,0.0,-0.001038072,-0.004013705,-0.12464607,0.00047790786
0.04673616,-0.8195047,0.3641018,-0.017794788,-6.4385706e-05,0.0,0.0,0.0,0.034365207,0.0,-0.0028311147,0.0,0.10986668,0.0,0.001603096,0.00082474446,0.18276651,0.0,0.15532587,0.0,0.0,0.0709276,0.0,0.0,0.0,0.0,0.0,-0.23571165,0.0,-0.010383418,0.0037387437,0.0,0.058062088,0.0010527901,0.0,0.019343577,0.4437364,-0.043231074,0.06472705,0.06481956,0.0,0.002281874,0.0006897679,0.22869276,0.00047790786
-0.01887099,0.99076533,-0.26308388,0.19609201,-0.0037612498,0.0,0.0,0.0,0.016353026,0.0,-0.005054005,0.0,-0.073067784,0.0,-0.00083217025,0.012792513,-0.26321495,0.0,-0.27172214,0.0,0.0,-0.039930746,0.0,0.0,0.0,0.0,0.0,-0.3207747,0.0,0.008358839,0.0023605714,0.0,-0.01847295,0.0010527901,0.0,-0.028935755,0.56135607,-0.026857154,0.09729773,0.07613073,0.0,-0.004067739,0.0029948216,-0.10763703,-0.0018606446
-0.009295155,-0.43922365,0.04377492,-0.013209846,0.01299309,0.0,0.0,0.0,-0.09050007,0.0,-0.0028311147,0.0,0.065519765,0.0,0.001603096,0.0011452292,0.20200741,0.0,0.17986089,0.0,0.0,-0.09138341,0.0,0.0,0.0,0.0,0.0,0.1499609,0.0,0.00059738336,-0.009753089,0.0,-0.0092193205,0.002744601,0.0,0.019343577,0.5167584,-0.040954176,0.02924294,0.08606553,0.0,-0.0017024063,0.0006897679,0.19509701,0.001407335
-0.0086013805,-0.37101,0.28096312,0.042823255,-0.004610263,0.0,0.0,0.0,0.015435695,0.0,-0.0028311147,0.0,-0.12146244,0.0,-0.0007462308,0.0011452292,0.21218078,0.0,0.14455007,0.0,0.0,0.06106574,0.0,0.0,0.0,0.0,0.0,-0.24976048,0.0,-0.010383418,0.0037387437,0.0,0.05546603,0.0010527901,0.0,0.018926028,0.45839745,-0.043231074,0.056490906,0.09144363,0.0,0.001696053,0.0006897679,0.19368047,0.00047790786
-0.019789806,-0.42981166,0.6645573,-0.09910835,-0.0039626732,0.0,0.0,0.0,0.032851417,0.0,-0.0028311147,0.0,0.02205254,0.0,0.0008860773,0.00013513495,0.09748374,0.0,-0.15988176,0.0,0.0,-0.046576146,0.0,0.0,0.0,0.0,0.0,-0.09392225,0.0,-0.015147548,0.0037387437,0.0,0.051033277,0.000697852,0.0,0.14704137,-0.6727309,0.12991984,0.073473625,-0.1414426,0.0,-0.001819821,-0.0066033686,-0.08142916,0.00047790786
-0.015201648,-0.4804888,-0.14386392,-0.030412886,0.003986607,0.0,0.0,0.0,0.03235175,0.0,-0.004486008,0.0,-0.08655751,0.0,-0.0007462308,-0.00021668678,-0.13589518,0.0,0.25687873,0.0,0.0,-0.05423997,0.0,0.0,0.0,0.0,0.0,-0.27207515,0.0,-0.015147548,0.0037387437,0.0,0.034776695,0.0010527901,0.0,0.072681725,-0.81221753,-0.19084615,-0.26722613,0.054614935,0.0,0.0017602718,-0.004291843,-0.13707012,0.00047790786
-0.012190677,-0.50186694,0.4104193,-0.02880003,0.00038571784,0.0,0.0,0.0,0.03235175,0.0,-0.0028311147,0.0,-0.07696064,0.0,-0.00041246324,0.0011452292,0.09132267,0.0,-0.21808207,0.0,0.0,-0.053594418,0.0,0.0,0.0,0.0,0.0,0.089211114,0.0,0.0008712949,0.010109393,0.0,0.05063349,0.002744601,0.0,0.14662382,-0.77557886,0.15163931,0.05809384,0.076925516,0.0,-0.0014559947,0.00056854245,-0.12411222,-0.0015021125
-0.02210531,-0.046762317,-0.40841237,-0.04358291,-0.001833078,0.0,0.0,0.0,0.015824536,0.0,-0.0045834514,0.0,-0.081817724,0.0,-0.00041246324,0.00013513495,-0.13139227,0.0,-0.20171309,0.0,0.0,-0.041956577,0.0,0.0,0.0,0.0,0.0,-0.2108732,0.0,0.0007378072,0.0037387437,0.0,-0.029985737,0.0010527901,0.0,-0.15615508,-0.85023946,0.081996046,0.07862926,-0.13715202,0.0,-0.02058609,-0.0066033686,-0.13266252,0.001407335
-0.010749624,-1.2552521,-0.28196147,-0.11976076,-0.0039018083,0.0,0.0,0.0,0.020514237,0.0,-0.019792344,0.0,0.049221598,0.0,0.0008860773,0.0011452292,-0.10561399,0.0,-0.46429598,0.0,0.0,-0.05220604,0.0,0.0,0.0,0.0,0.0,-0.34197548,0.0,0.0007378072,0.0037387437,0.0,-0.022044288,0.0010527901,0.0,-0.07653732,-0.9137461,-0.09310598,-0.2953324,0.05257945,0.0,0.05205802,0.020414108,-0.21693313,0.001407335
-0.017224193,-0.32039097,0.593161,-0.020924537,-0.0039626732,0.0,0.0,0.0,0.03952377,0.0,-0.0028311147,0.0,0.0678659,0.0,0.001603096,0.0011452292,0.1112432,0.0,0.14999117,0.0,0.0,-0.10443188,0.0,0.0,0.0,0.0,0.0,-0.19026707,0.0,-0.010383418,0.0037387437,0.0,0.047802646,0.000697852,0.0,0.01862815,-0.885074,-0.18012184,-0.16521513,-0.19902252,0.0,-0.0018840398,0.0006897679,0.19831178,0.00047790786
-0.012403122,0.5561424,0.11150987,-0.04995806,0.01301213,0.0,0.0,0.0,0.0126669835,0.0,-0.0042897584,0.0,-0.11686362,0.0,-0.0025244548,0.0011452292,0.2399337,0.0,0.21709213,0.0,0.0,-0.03742122,0.0,0.0,0.0,0.0,0.0,0.1389012,0.0,0.0008712949,-0.009753089,0.0,-0.018485032,0.002744601,0.0,0.032879587,0.59615535,-0.040954176,0.04118457,0.11008911,0.0,-0.0020425096,0.0006897679,-0.119458646,-0.0044233957
0.06963887,-0.8423204,0.34377378,-0.067841515,0.00038571784,0.0,0.0,0.0,0.022697475,0.0,-0.0028311147,0.0,0.06871202,0.0,0.001603096,-0.00018534983,0.16408443,0.0,0.14222282,0.0,0.0,0.04080114,0.0,0.0,0.0,0.0,0.0,0.10762168,0.0,0.0008712949,0.010109393,0.0,0.058062088,0.002744601,0.0,0.041109182,0.45592275,-0.043107126,0.033997215,0.07855465,0.0,0.0011634006,-0.006881507,-0.16758007,0.00047790786
-0.013063697,0.44783166,-0.36536393,0.01348864,0.003346783,0.0,0.0,0.0,0.017643085,0.0,-0.0045834514,0.0,-0.092073604,0.0,-0.00083217025,0.0011452292,-0.27224296,0.0,-0.35408843,0.0,0.0,-0.045798384,0.0,0.0,0.0,0.0,0.0,-0.36005694,0.0,0.0007378072,0.0023605714,0.0,-0.020599214,0.0010527901,0.0,-0.028935755,0.53419626,-0.026857154,0.08037615,0.066815086,0.0,-0.017787745,0.00056854245,-0.111918576,-0.0044233957
-0.015683843,-0.1671178,-0.1816838,-0.1574772,0.0003263933,0.0,0.0,0.0,0.02173459,0.0,-0.012168519,0.0,0.06898339,0.0,0.001603096,-0.0018972601,-0.14560206,0.0,0.25954926,0.0,0.0,0.031356353,0.0,0.0,0.0,0.0,0.0,-0.254075,0.0,-0.015147548,0.0037387437,0.0,0.043075804,0.0010527901,0.0,0.14704137,-0.6500911,0.15968803,0.055249,0.07492056,0.0,-0.0032779179,0.0005887636,-0.18910266,-0.0015021125
-0.024306659,-0.21196084,-0.10157706,-0.077961944,8.831959e-05,0.0,0.0,0.0,-0.053642705,0.0,-0.004486008,0.0,-0.05888121,0.0,-0.00041246324,-0.0018972601,-0.13889916,0.0,-0.21905254,0.0,0.0,0.085473225,0.0,0.0,0.0,0.0,0.0,-0.22711213,0.0,-0.015147548,0.0037387437,0.0,0.03026821,0.0010527901,0.0,0.072681725,-0.85026354,-0.16574232,-0.2660437,-0.08660582,0.0,-0.0012202652,0.0004675381,-0.13276507,-0.0015021125
-0.015330552,-0.49465117,-0.3388505,-0.13464263,-0.0039018083,0.0,0.0,0.0,-0.06993492,0.0,-0.019792344,0.0,0.041694943,0.0,0.0008860773,0.0011452292,-0.13794528,0.0,-0.2834698,0.0,0.0,-0.057887014,0.0,0.0,0.0,0.0,0.0,-0.2987545,0.0,0.0007378072,0.0037387437,0.0,-0.015509059,0.0010527901,0.0,-0.07653732,-0.9040666,-0.08801111,-0.28074378,0.03975189,0.0,-0.01176322,0.00056854245,-0.1533322,-0.0044233957
-0.024828985,-0.25173825,-0.40006483,-0.15691337,-0.0016793734,0.0,0.0,0.0,-0.050467588,0.0,-0.019792344,0.0,-0.056586593,0.0,-0.00041246324,0.0011452292,-0.15206873,0.0,-0.20298028,0.0,0.0,-0.046870176,0.0,0.0,0.0,0.0,0.0,-0.1979925,0.0,0.0007378072,0.0037387437,0.0,-0.014314911,0.0010527901,0.0,-0.15615508,-0.84845215,0.081996046,0.07830102,-0.11702507,0.0,-0.025219956,0.00056854245,-0.10732224,-0.0044233957
0.06722293,-0.38835734,0.31499153,-0.018392727,0.0030846638,0.0,0.0,0.0,0.018658385,0.0,-0.0028311147,0.0,0.0619294,0.0,0.001603096,0.00082474446,0.20471722,0.0,0.1392545,0.0,0.0,0.046031892,0.0,0.0,0.0,0.0,0.0,0.11180537,0.0,0.0008712949,0.010109393,0.0,0.040344503,0.002744601,0.0,0.041109182,0.49129716,-0.043107126,0.033997215,0.0811282,0.0,0.0017812458,0.0006897679,-0.22195378,0.00047790786
0.05032957,-0.6072207,0.30084902,-0.026776094,0.00038571784,0.0,0.0,0.0,0.02338348,0.0,-0.0028311147,0.0,0.11483511,0.0,0.001603096,0.00082474446,0.17769353,0.0,0.15731369,0.0,0.0,0.070287764,0.0,0.0,0.0,0.0,0.0,0.12968466,0.0,0.00059738336,0.010109393,0.0,0.053408965,0.002744601,0.0,0.019343577,0.47452176,-0.043107126,0.025198435,0.07516199,0.0,-0.00093439256,0.0006897679,0.24182348,0.00047790786
-0.015611077,-0.53223604,0.46306604,-0.045263883,0.0024119657,0.0,0.0,0.0,0.04590319,0.0,-0.0028311147,0.0,0.082804225,0.0,0.001603096,0.0011452292,0.10000477,0.0,0.15215808,0.0,0.0,-0.10302133,0.0,0.0,0.0,0.0,0.0,0.14459628,0.0,0.00059738336,0.010109393,0.0,0.037968814,0.002744601,0.0,0.01862815,-0.89087677,-0.17999788,-0.107985035,-0.24351421,0.0,-0.0019022179,0.0006897679,0.23307371,0.00047790786
-0.021778181,-0.4276625,-0.38497707,-0.13529968,-0.000549158,0.0,0.0,0.0,0.014372686,0.0,-0.019792344,0.0,-0.063008346,0.0,-0.00041246324,0.0011452292,-0.13794528,0.0,-0.23347002,0.0,0.0,-0.04911038,0.0,0.0,0.0,0.0,0.0,-0.25435892,0.0,0.0007378072,0.0037387437,0.0,-0.030697558,0.0010527901,0.0,-0.07636209,-0.9026508,-0.08801111,-0.28074378,-0.09371479,0.0,-0.025037764,0.00056854245,-0.13508107,-0.0044233957
-0.009613627,0.42511013,-0.10830451,-0.036204632,0.0008880644,0.0,0.0,0.0,0.030128745,0.0,-0.0047195475,0.0,0.11806204,0.0,0.0054231794,-0.0018972601,-0.32902238,0.0,0.21311656,0.0,0.0,-0.11240554,0.0,0.0,0.0,0.0,0.0,0.18595506,0.0,0.00059738336,-0.009753089,0.0,-0.01567233,0.002744601,0.0,0.020858275,0.5119844,-0.040954176,0.028151402,0.1169022,0.0,-0.0021067285,0.0005887636,0.17399447,0.001407335
-0.015201648,-0.354284,-0.12085158,-0.061221056,-0.0043957387,0.0,0.0,0.0,0.023937091,0.0,-0.004486008,0.0,0.062086917,0.0,0.001603096,-0.0018972601,-0.14301096,0.0,0.2678509,0.0,0.0,-0.057235286,0.0,0.0,0.0,0.0,0.0,-0.28232643,0.0,-0.015147548,0.0037387437,0.0,0.036184352,0.0010527901,0.0,0.07309928,-0.8193333,-0.19084615,-0.26722613,0.055009704,0.0,0.0017602718,0.0005887636,-0.16036464,-0.0015021125
-0.01887099,0.9374569,-0.24831437,0.017231522,0.003346783,0.0,0.0,0.0,0.021899143,0.0,-0.005054005,0.0,0.06507665,0.0,0.0017877159,0.012792513,-0.26321495,0.0,-0.31081104,0.0,0.0,-0.042926062,0.0,0.0,0.0,0.0,0.0,-0.3630673,0.0,0.008358839,0.0023605714,0.0,-0.0179928,0.0010527901,0.0,-0.030243225,0.56135607,-0.026857154,0.095727436,0.07737925,0.0,-0.0007934427,0.0029948216,-0.12698172,-0.0018606446
-0.008781608,0.25757053,-0.09744831,-0.029748734,-0.0012802833,0.0,0.0,0.0,0.012597819,0.0,-0.0042897584,0.0,-0.1682978,0.0,-0.0025244548,0.0011452292,0.23266017,0.0,0.18080646,0.0,0.0,0.047101427,0.0,0.0,0.0,0.0,0.0,0.1712088,0.0,0.00059738336,-0.009753089,0.0,-0.03071162,-0.002082019,0.0,-0.01766884,0.5981288,-0.030314967,0.02209337,0.10162885,0.0,-0.0021067285,0.0006897679,0.22638537,0.001407335
-0.029430017,0.87176085,-0.20635316,0.13227522,0.0013894028,0.0,0.0,0.0,-0.049265306,0.0,-0.007687144,0.0,-0.0566748,0.0,-0.0025244548,-0.021194363,-0.23913303,0.0,0.16216417,0.0,0.0,0.0324172,0.0,0.0,0.0,0.0,0.0,0.1692886,0.0,0.008358839,-0.0041200104,0.0,-0.013794281,-0.002082019,0.0,-0.028935755,0.5784837,-0.030314967,0.036680486,-0.19285123,0.0,-0.0020161748,0.0011661218,-0.16013084,-0.0018606446
-0.01626627,0.8793601,-0.18166088,0.07234145,0.0008880644,0.0,0.0,0.0,0.018168723,0.0,-0.007687144,0.0,-0.101334766,0.0,-0.00083217025,-0.021194363,-0.27643776,0.0,-0.30529565,0.0,0.0,-0.092419,0.0,0.0,0.0,0.0,0.0,0.20560929,0.0,0.0031137276,-0.0041200104,0.0,-0.017441306,-0.002082019,0.0,-0.016514113,0.5574258,-0.026733205,0.059286334,0.086511746,0.0,-0.0015161962,0.0010448964,0.15041953,0.0005919774
-0.015683843,-0.20953648,-0.06392024,-0.022993658,0.0030359647,0.0,0.0,0.0,0.0187664,0.0,-0.004486008,0.0,0.050528657,0.0,0.0008860773,-0.00021668678,-0.13889916,0.0,-0.2549736,0.0,0.0,0.035369854,0.0,0.0,0.0,0.0,0.0,-0.20542167,0.0,-0.015147548,0.0037387437,0.0,0.042401567,0.0010527901,0.0,0.14704137,-0.68776464,0.14841963,0.07726187,0.054537766,0.0,0.0017602718,-0.004013705,-0.16119064,0.00047790786
-0.013653941,-0.005015728,-0.12527372,-0.022167845,0.0008880644,0.0,0.0,0.0,-0.036050264,0.0,-0.0047195475,0.0,-0.09072746,0.0,-0.00083217025,-0.0018972601,-0.35913146,0.0,-0.28178576,0.0,0.0,0.04480276,0.0,0.0,0.0,0.0,0.0,0.14439066,0.0,0.0007378072,-0.009753089,0.0,-0.021660024,0.002744601,0.0,0.041415974,0.46433723,-0.037372414,0.043066986,0.08338813,0.0,-0.0022247026,0.0004675381,-0.17504016,-0.0044233957
0.046000205,-1.591124,0.66556704,0.04866863,0.008717025,0.0,0.0,0.0,0.020189192,0.0,-0.0028311147,0.0,0.028449083,0.0,0.0008860773,0.00082474446,0.06889354,0.0,-0.3891841,0.0,0.0,-0.054682914,0.0,0.0,0.0,0.0,0.0,-0.23628828,0.0,-0.015147548,-0.0036069527,0.0,-0.021274965,0.000697852,0.0,0.07309928,-0.88208014,-0.16011286,-0.25180116,0.056200814,0.0,0.0022759757,0.020414108,-0.1744815,0.001407335
-0.020651225,-0.8267411,-0.11575886,-0.040397342,0.0023632664,0.0,0.0,0.0,-0.07872998,0.0,-0.004486008,0.0,-0.055000674,0.0,-0.00041246324,-0.00021668678,-0.13748135,0.0,-0.3363425,0.0,0.0,-0.070030175,0.0,0.0,0.0,0.0,0.0,-0.27091625,0.0,-0.015147548,0.0037387437,0.0,0.015855063,0.0010527901,0.0,0.072681725,-0.8571537,-0.17083718,-0.33173925,-0.12155599,0.0,-0.0012202652,-0.004013705,-0.10160591,0.00047790786
0.06722293,-0.49747092,0.389854,-0.024462411,0.0030846638,0.0,0.0,0.0,0.024799189,0.0,-0.0028311147,0.0,0.05531793,0.0,0.001603096,0.00082474446,0.18601266,0.0,0.1372779,0.0,0.0,-0.06589414,0.0,0.0,0.0,0.0,0.0,0.105935834,0.0,0.0008712949,0.010109393,0.0,0.03268112,0.002744601,0.0,0.041109182,0.4439568,-0.03964842,0.032399457,0.082634054,0.0,0.0017812458,0.0006897679,-0.17063445,0.00047790786
-0.0134825,0.058493897,-0.3516884,-0.021532066,0.003346783,0.0,0.0,0.0,-0.082163334,0.0,-0.0045834514,0.0,0.06723975,0.0,0.0008860773,0.00013513495,-0.13139227,0.0,-0.28135303,0.0,0.0,-0.07127225,0.0,0.0,0.0,0.0,0.0,-0.30330366,0.0,0.0007378072,0.0037387437,0.0,-0.012042965,0.0010527901,0.0,-0.077973545,-0.94328386,-0.08801111,-0.3088877,0.072571576,0.0,-0.0073115453,-0.0066033686,-0.15841982,0.001407335
-0.026490146,0.87985396,-0.24627304,0.17007689,-0.0042438754,0.0,0.0,0.0,0.016245011,0.0,-0.005054005,0.0,-0.059274465,0.0,-0.00083217025,0.012792513,-0.26321495,0.0,-0.26846814,0.0,0.0,-0.041330837,0.0,0.0,0.0,0.0,0.0,-0.2976343,0.0,0.008358839,0.0023605714,0.0,-0.017921455,0.0010527901,0.0,-0.028935755,0.55970454,-0.026857154,0.09729773,-0.13898139,0.0,0.027424632,0.0029948216,-0.10369278,0.0005919774
-0.0072459662,-0.90079314,0.25270236,-0.15811338,0.00038571784,0.0,0.0,0.0,-0.09295046,0.0,-0.0028311147,0.0,0.09385581,0.0,0.0008860773,0.0011452292,0.088927,0.0,-0.37616628,0.0,0.0,0.100994244,0.0,0.0,0.0,0.0,0.0,0.19876885,0.0,0.00059738336,0.010109393,0.0,0.04523781,0.002744601,0.0,0.01862815,-1.024461,-0.18103191,-0.14181155,0.1020308,0.0,-0.0017024063,0.00056854245,0.22256899,0.00047790786
-0.02194535,0.50380254,-0.10208512,-0.013359824,-0.0017629091,0.0,0.0,0.0,0.018264128,0.0,-0.0042897584,0.0,0.074570276,0.0,0.0054231794,0.0011452292,0.1713898,0.0,0.19258404,0.0,0.0,0.033858698,0.0,0.0,0.0,0.0,0.0,0.12960243,0.0,0.0008712949,-0.009753089,0.0,-0.025298635,-0.002082019,0.0,-0.030243225,0.6360476,-0.030314967,0.03272259,-0.2468402,0.0,-0.002424514,0.0006897679,-0.19364777,-0.0044233957
-0.015330552,-0.49662918,-0.46370178,-0.13074352,0.003349129,0.0,0.0,0.0,-0.047830798,0.0,-0.019792344,0.0,-0.054749172,0.0,-0.00041246324,0.00013513495,-0.13794528,0.0,-0.23581396,0.0,0.0,-0.03435265,0.0,0.0,0.0,0.0,0.0,-0.23439826,0.0,0.0007378072,0.0037387437,0.0,-0.014197413,0.0010527901,0.0,-0.15585108,-0.82463336,0.081996046,0.07830102,0.039489973,0.0,-0.022421611,-0.0066033686,-0.09880954,0.001407335
0.1132435,-0.39718282,-0.060388103,-0.023185836,0.0008755954,0.0,0.0,0.0,0.00981994,0.0,-0.0028311147,0.0,-0.14572337,0.0,-0.0007462308,0.00082474446,0.17769353,0.0,0.1448884,0.0,0.0,0.034730006,0.0,0.0,0.0,0.0,0.0,0.13779798,0.0,0.00059738336,-0.009753089,0.0,-0.028743288,-0.002082019,0.0,-0.018002236,0.52193445,-0.030314967,0.021765126,-0.15441754,0.0,-0.001316397,0.0006897679,0.21340685,0.001407335
-0.019789806,-0.39946216,0.7275122,-0.042058546,-0.0039626732,0.0,0.0,0.0,-0.13198625,0.0,-0.0028311147,0.0,0.029547574,0.0,0.0008860773,0.0011452292,0.09748374,0.0,-0.1926491,0.0,0.0,-0.07252145,0.0,0.0,0.0,0.0,0.0,-0.15778805,0.0,-0.015147548,0.0037387437,0.0,0.033437137,0.000697852,0.0,0.07309928,-0.81912947,-0.155018,-0.23721258,-0.1414426,0.0,-0.008640452,0.00056854245,-0.07499646,-0.0015021125
-0.0134825,-0.15348992,-0.34696063,-0.037523,-0.0013504521,0.0,0.0,0.0,0.015824536,0.0,-0.0045834514,0.0,-0.095611036,0.0,-0.00041246324,0.0011452292,-0.31627443,0.0,-0.25523514,0.0,0.0,-0.045798384,0.0,0.0,0.0,0.0,0.0,-0.30942273,0.0,0.0007378072,0.0037387437,0.0,-0.031777535,0.0010527901,0.0,-0.036955625,0.4615276,-0.026857154,0.07862926,0.06430142,0.0,-0.017787745,0.00056854245,-0.13699539,-0.0044233957
-0.015611077,-0.48368618,0.23756628,-0.056804787,0.0024119657,0.0,0.0,0.0,0.029551422,0.0,-0.0028311147,0.0,-0.15050656,0.0,-0.0007462308,0.0011452292,0.085682675,0.0,0.18840034,0.0,0.0,0.065291636,0.0,0.0,0.0,0.0,0.0,0.15102448,0.0,0.00059738336,0.010109393,0.0,0.0456322,0.002744601,0.0,0.018210601,-0.9507333,-0.20531781,-0.09275667,-0.24194382,0.0,-0.0019022179,0.0006897679,0.23663144,0.00047790786
-0.012306126,-0.5126319,-0.12536691,-0.21446005,-0.0011967476,0.0,0.0,0.0,0.010897989,0.0,-0.019928439,0.0,-0.15318817,0.0,-0.0007462308,-0.0018972601,-0.295042,0.0,0.16498064,0.0,0.0,0.0519984,0.0,0.0,0.0,0.0,0.0,-0.3016124,0.0,-0.008064239,-0.0036069527,0.0,-0.031329866,-0.0007986329,0.0,-0.018002236,0.41024622,-0.030438917,0.045103636,0.06308128,0.0,-0.0033421358,0.0005887636,0.19869268,0.001407335
-0.015837172,-0.33792692,-0.43158245,-0.105747245,0.003349129,0.0,0.0,0.0,0.015191946,0.0,-0.019792344,0.0,-0.079211846,0.0,-0.00041246324,0.00013513495,-0.14377964,0.0,-0.26545414,0.0,0.0,-0.06336334,0.0,0.0,0.0,0.0,0.0,-0.2910678,0.0,0.0007378072,0.0037387437,0.0,-0.029985737,0.0010527901,0.0,-0.07666607,-0.9166027,-0.08801111,-0.28074378,0.039489973,0.0,-0.022239419,-0.0066033686,-0.12646231,0.001407335
-0.009295155,-0.41503373,-0.03708132,-0.016151793,-0.00074664445,0.0,0.0,0.0,0.01717856,0.0,-0.0028311147,0.0,0.09196465,0.0,0.001603096,0.0011452292,0.18768531,0.0,0.1764102,0.0,0.0,0.044829186,0.0,0.0,0.0,0.0,0.0,0.1464236,0.0,0.00059738336,-0.009753089,0.0,-0.030741272,-0.002082019,0.0,-0.01817747,0.51768655,-0.030314967,0.023635255,0.086444974,0.0,-0.0015202136,0.0006897679,0.3031761,0.001407335
-0.022828657,0.083125606,-0.122942746,-0.0048736306,0.0013894028,0.0,0.0,0.0,0.024649516,0.0,0.012914714,0.0,0.07277655,0.0,-0.00083217025,-0.0015942659,-0.35841107,0.0,-0.31382766,0.0,0.0,0.043862972,0.0,0.0,0.0,0.0,0.0,0.13442162,0.0,0.0007378072,-0.009753089,0.0,-0.03261186,-0.002082019,0.0,-0.03541136,0.5068038,-0.026733205,0.041551385,-0.22353931,0.0,-0.002424514,0.0004675381,-0.20538159,-0.0044233957
-0.017197255,-1.1791252,-0.27030915,-0.09894961,-0.000549158,0.0,0.0,0.0,-0.046587974,0.0,-0.019792344,0.0,-0.04761919,0.0,-0.00041246324,0.0011452292,-0.10561399,0.0,-0.41429627,0.0,0.0,-0.053256605,0.0,0.0,0.0,0.0,0.0,-0.29023737,0.0,0.0007378072,0.0037387437,0.0,-0.0034777177,0.0010527901,0.0,-0.07636209,-0.9123302,-0.09310598,-0.2953324,-0.11880229,0.0,0.107326366,0.020414108,-0.1620996,0.001407335
-0.010429267,0.8910619,-0.0006190953,0.17126387,-0.0012802833,0.0,0.0,0.0,-0.035893213,0.0,-0.0047603124,0.0,-0.108428694,0.0,-0.0025244548,0.012792513,0.16750503,0.0,0.16537304,0.0,0.0,0.05523673,0.0,0.0,0.0,0.0,0.0,0.22995882,0.0,0.0056710923,-0.0041200104,0.0,-0.013134344,-0.002082019,0.0,-0.016514113,0.61489743,-0.030314967,0.02515618,0.088204585,0.0,-0.0016983892,0.003116047,0.19908033,0.0005919774
-0.0117532825,-1.3001984,-0.3855908,-0.13058835,0.003349129,0.0,0.0,0.0,0.014101056,0.0,-0.019792344,0.0,-0.06528287,0.0,-0.00041246324,0.00013513495,-0.10561399,0.0,-0.41726732,0.0,0.0,-0.049210723,0.0,0.0,0.0,0.0,0.0,-0.3248186,0.0,0.0007378072,0.0037387437,0.0,-0.022524439,0.0010527901,0.0,-0.07636209,-0.9137461,-0.09310598,-0.2953324,0.05651941,0.0,-0.03340542,-0.051868074,-0.18606406,0.001407335
-0.014197989,-0.59609276,-0.16412067,-0.047315873,0.003986607,0.0,0.0,0.0,0.030718157,0.0,0.012503779,0.0,0.060303476,0.0,-0.0007462308,-0.0015942659,-0.26574838,0.0,0.15987699,0.0,0.0,0.028764302,0.0,0.0,0.0,0.0,0.0,-0.28922412,0.0,-0.012828371,0.0037387437,0.0,0.045697637,0.0010527901,0.0,0.041109182,0.40278712,-0.041078124,0.055249,0.050864674,0.0,-0.005422732,0.0005887636,-0.21302743,0.00047790786
-0.009764903,-1.502651,0.65312374,-0.08927515,-6.4385706e-05,0.0,0.0,0.0,0.031280246,0.0,-0.0028311147,0.0,0.024266006,0.0,0.0008860773,0.00013513495,0.07888531,0.0,-0.35996804,0.0,0.0,-0.076862805,0.0,0.0,0.0,0.0,0.0,-0.23020871,0.0,-0.015147548,0.0037387437,0.0,0.04215051,0.000697852,0.0,0.07309928,-0.88208014,-0.16011286,-0.2665591,0.07921506,0.0,-0.010187482,-0.051868074,-0.15163721,0.00047790786
-0.021784399,0.28731102,-0.23435241,0.013136752,0.0038481215,0.0,0.0,0.0,-0.08800956,0.0,0.012914714,0.0,0.05332337,0.0,-0.0025244548,-0.0015942659,-0.14419723,0.0,0.28837427,0.0,0.0,-0.064449236,0.0,0.0,0.0,0.0,0.0,-0.25515884,0.0,-0.012828371,-0.0036069527,0.0,-0.005665521,-0.0007986329,0.0,-0.06995367,-0.984441,-0.11311493,-0.26726827,-0.1914533,0.0,-0.0018067801,0.0005887636,-0.14507404,-0.0044233957
0.18948175,0.83698297,-0.19833836,0.13544844,-0.0017629091,0.0,0.0,0.0,0.02407669,0.0,0.020550637,0.0,0.08503837,0.0,-0.0025244548,-0.0050507234,-0.2214363,0.0,0.1714739,0.0,0.0,0.067791045,0.0,0.0,0.0,0.0,0.0,0.19577014,0.0,0.0031137276,-0.0041200104,0.0,-0.02121149,-0.002082019,0.0,-0.017821584,0.5581986,-0.030314967,0.02515618,-0.1842017,0.0,-0.0038701117,0.0011661218,0.22331665,0.0005919774
-0.020780124,-0.81460065,-0.28584608,-0.13635164,-0.000549158,0.0,0.0,0.0,-0.06993492,0.0,-0.019792344,0.0,0.03622907,0.0,0.0008860773,0.0011452292,-0.13794528,0.0,-0.3419934,0.0,0.0,-0.057019304,0.0,0.0,0.0,0.0,0.0,-0.29605415,0.0,0.0007378072,0.0037387437,0.0,-0.015989209,0.0010527901,0.0,-0.07653732,-0.9123302,-0.09310598,-0.2953324,-0.13315704,0.0,-0.014561566,0.00056854245,-0.15190676,-0.0044233957
-0.021686507,0.15341862,-0.43914548,-0.031965226,0.0038481215,0.0,0.0,0.0,-0.058358006,0.0,-0.0045834514,0.0,-0.06350274,0.0,-0.00083217025,0.0011452292,-0.14650379,0.0,-0.2833337,0.0,0.0,-0.06740921,0.0,0.0,0.0,0.0,0.0,-0.26816025,0.0,0.0007378072,0.0037387437,0.0,-0.012870305,0.0010527901,0.0,-0.0686462,-0.9716417,-0.08801111,-0.31719276,-0.13453238,0.0,-0.020768283,0.00056854245,-0.12193083,-0.0044233957
-0.013116967,-0.3874907,-0.05147669,-0.016022824,0.00082032394,0.0,0.0,0.0,0.013150646,0.0,-0.0028311147,0.0,0.060029,0.0,0.001603096,0.00013513495,0.21799417,0.0,0.15656465,0.0,0.0,0.021213153,0.0,0.0,0.0,0.0,0.0,-0.21889514,0.0,-0.015147548,-0.0036069527,0.0,-0.030261122,-0.0007986329,0.0,-0.036826875,0.5240962,-0.030438917,0.064918034,0.06612839,0.0,0.0017602718,-0.006881507,-0.2129146,0.001407335
-0.024907669,1.0346131,-0.8858881,0.15554658,-0.0042438754,0.0,0.0,0.0,0.016353026,0.0,-0.005054005,0.0,-0.07333529,0.0,-0.00083217025,0.012792513,-0.26321495,0.0,-0.26837772,0.0,0.0,-0.05263563,0.0,0.0,0.0,0.0,0.0,-0.29520354,0.0,0.008358839,0.0023605714,0.0,-0.01847295,0.0010527901,0.0,-0.028935755,0.55970454,-0.026857154,0.09470739,-0.3645807,0.0,-0.0068660825,0.0029770506,-0.10360378,-0.0018606446
-0.010429267,0.9076191,0.021449246,0.17104506,-0.0012802833,0.0,0.0,0.0,0.010332015,0.0,-0.0047603124,0.0,-0.12870277,0.0,-0.0025244548,0.012792513,0.1870372,0.0,0.16537304,0.0,0.0,0.041775316,0.0,0.0,0.0,0.0,0.0,0.22995882,0.0,0.0056710923,-0.0041200104,0.0,-0.022140728,-0.002082019,0.0,-0.016514113,0.61489743,-0.030314967,0.02515618,0.088204585,0.0,-0.0015161962,0.003116047,0.20425794,0.0005919774
-0.024306659,-0.3864363,-0.11252157,-0.16882315,0.0008277317,0.0,0.0,0.0,-0.06612154,0.0,0.054397523,0.0,0.041562125,0.0,-0.0007462308,8.630735e-05,-0.29297423,0.0,0.13826214,0.0,0.0,0.03812177,0.0,0.0,0.0,0.0,0.0,-0.24218103,0.0,-0.012828371,0.0037387437,0.0,0.028356897,0.0010527901,0.0,0.041109182,0.4136053,-0.041078124,0.055249,-0.16608907,0.0,-0.006258454,-0.004291843,-0.18252908,0.00047790786
-0.020682849,0.31406254,-0.41339627,0.023244541,0.0038481215,0.0,0.0,0.0,-0.058007397,0.0,-0.0045834514,0.0,-0.059965305,0.0,-0.00083217025,0.0011452292,-0.11625105,0.0,-0.28629866,0.0,0.0,-0.046870176,0.0,0.0,0.0,0.0,0.0,-0.26987207,0.0,0.0007378072,0.0023605714,0.0,-0.0038737245,0.0010527901,0.0,-0.14813522,-1.0129082,0.081996046,0.08037615,-0.12889864,0.0,0.08392155,0.00056854245,-0.094808415,0.001407335
-0.027493805,0.9538134,-0.27323595,0.16698448,-0.0042438754,0.0,0.0,0.0,0.016353026,0.0,-0.005054005,0.0,-0.059274465,0.0,-0.00083217025,0.012792513,-0.26321495,0.0,-0.26846814,0.0,0.0,-0.041330837,0.0,0.0,0.0,0.0,0.0,-0.29520354,0.0,0.008358839,0.0023605714,0.0,-0.01847295,0.0010527901,0.0,-0.028935755,0.55970454,-0.026857154,0.09729773,-0.14721473,0.0,-0.0068660825,0.0029948216,-0.10360378,-0.0018606446
0.04725766,-0.5866085,0.63240355,-0.033026014,-0.0016374681,0.0,0.0,0.0,0.03533532,0.0,-0.0028311147,0.0,0.09373285,0.0,0.0008860773,0.00082474446,0.07893523,0.0,-0.22300763,0.0,0.0,0.08211969,0.0,0.0,0.0,0.0,0.0,0.10581946,0.0,0.00059738336,0.010109393,0.0,0.056601703,0.002744601,0.0,0.08782441,-0.7132372,0.12903547,0.035637274,0.06489631,0.0,-0.00093439256,0.00056854245,0.22280625,0.00047790786
0.06613276,0.8986138,0.03639071,0.16877346,-0.0012802833,0.0,0.0,0.0,0.017691303,0.0,-0.0047603124,0.0,0.10527502,0.0,0.0054231794,0.0066078044,0.13780439,0.0,0.18709037,0.0,0.0,0.05163716,0.0,0.0,0.0,0.0,0.0,0.22910298,0.0,0.0056710923,-0.0041200104,0.0,-0.020622896,-0.002082019,0.0,-0.017821584,0.61489743,-0.030314967,0.025408752,0.07875801,0.0,-0.0009303754,0.003116047,0.22928414,0.0005919774
-0.013241807,-0.30578858,-0.03133237,-0.16878988,0.00037425695,0.0,0.0,0.0,0.016118838,0.0,-0.010513625,0.0,0.073677346,0.0,0.001603096,0.0011452292,0.214709,0.0,0.15617496,0.0,0.0,0.020573327,0.0,0.0,0.0,0.0,0.0,0.1385458,0.0,0.0008712949,-0.009753089,0.0,-0.03205292,-0.002082019,0.0,-0.036826875,0.5572642,-0.030314967,0.032265022,0.09019267,0.0,-0.006494184,0.0006897679,-0.23597503,-0.0044233957
-0.022777371,0.153999,-0.11165338,-0.039988536,0.0013894028,0.0,0.0,0.0,-0.039549492,0.0,-0.0047195475,0.0,-0.07455921,0.0,-0.00083217025,-0.0018972601,-0.35913146,0.0,-0.29977474,0.0,0.0,0.04536546,0.0,0.0,0.0,0.0,0.0,0.12929899,0.0,0.0007378072,-0.009753089,0.0,-0.022248618,-0.002082019,0.0,-0.028935755,0.5027351,-0.026733205,0.043298267,-0.22138165,0.0,-0.0026067072,0.0004675381,-0.15890248,-0.0044233957
-0.022777371,0.42449018,-0.14875697,-0.013408165,0.0013894028,0.0,0.0,0.0,-0.056638464,0.0,-0.0047195475,0.0,-0.07756996,0.0,-0.0025244548,-0.0018972601,-0.29811174,0.0,0.19293325,0.0,0.0,0.037743308,0.0,0.0,0.0,0.0,0.0,0.13253996,0.0,0.0007378072,-0.009753089,0.0,-0.015043836,-0.002082019,0.0,-0.028935755,0.5355193,-0.030314967,0.032470018,-0.21835007,0.0,-0.0026067072,0.0005887636,-0.16163717,-0.0044233957
-0.009758579,-0.008857242,-0.18671714,-0.0034682031,0.0008880644,0.0,0.0,0.0,0.028677428,0.0,0.012914714,0.0,0.13127643,0.0,-0.0025244548,-0.0015942659,-0.35035944,0.0,0.18678464,0.0,0.0,0.07335449,0.0,0.0,0.0,0.0,0.0,0.17650306,0.0,0.00046389567,-0.009753089,0.0,-0.030820062,-0.002082019,0.0,-0.019613694,0.46147043,-0.030314967,0.02209337,0.103402324,0.0,-0.010409837,0.0005887636,0.2890675,0.001407335
-0.021686507,0.12737215,-0.43682188,-0.031965226,0.0038481215,0.0,0.0,0.0,-0.058358006,0.0,-0.0045834514,0.0,-0.06350274,0.0,-0.00083217025,0.0011452292,-0.14650379,0.0,-0.2833337,0.0,0.0,-0.06740921,0.0,0.0,0.0,0.0,0.0,-0.26816025,0.0,0.0007378072,0.0037387437,0.0,-0.012870305,0.0010527901,0.0,-0.07381434,-0.9716417,-0.08801111,-0.3088877,-0.13453238,0.0,-0.020768283,0.00056854245,-0.12861949,-0.0044233957
0.05691412,0.530163,-0.17908965,0.1043691,0.0008880644,0.0,0.0,0.0,0.028677428,0.0,0.012914714,0.0,0.123273164,0.0,-0.0025244548,-0.0010614597,-0.22602944,0.0,0.21034119,0.0,0.0,0.07335449,0.0,0.0,0.0,0.0,0.0,0.20490785,0.0,0.00046389567,-0.0041200104,0.0,-0.02209745,-0.002082019,0.0,-0.017821584,0.5467422,-0.030314967,0.022483882,0.07842521,0.0,-0.0015209079,0.0005887636,0.23923282,0.001407335
-0.018729575,-0.53119314,0.21509112,-0.06595316,-0.016300598,0.0,0.0,0.0,-0.08125973,0.0,-0.0028311147,0.0,0.049689543,0.0,0.0008860773,0.0011452292,0.08881694,0.0,-0.20047152,0.0,0.0,0.072950095,0.0,0.0,0.0,0.0,0.0,0.14062731,0.0,0.0008712949,-0.009753089,0.0,-0.033159874,0.002744601,0.0,0.07309928,-0.95732254,-0.180214,-0.17213596,-0.18708183,0.0,0.007245321,0.00056854245,-0.20321876,0.001407335
-0.016206173,-0.33738017,-0.44172233,-0.105528444,0.003349129,0.0,0.0,0.0,-0.050467588,0.0,-0.019792344,0.0,-0.06625042,0.0,-0.00041246324,0.0011452292,-0.14377964,0.0,-0.26565716,0.0,0.0,-0.06827693,0.0,0.0,0.0,0.0,0.0,-0.2910678,0.0,0.0007378072,0.0037387437,0.0,-0.014314911,0.0010527901,0.0,-0.07666607,-0.9166027,-0.08801111,-0.28074378,0.039120972,0.0,-0.022421611,0.00056854245,-0.110928774,-0.0044233957
-0.008419532,-0.6761133,-0.07239703,-0.049621653,-0.012402311,0.0,0.0,0.0,-0.1274691,0.0,-0.0028311147,0.0,0.09291959,0.0,0.001603096,0.0011452292,0.10000477,0.0,0.28108242,0.0,0.0,-0.09071784,0.0,0.0,0.0,0.0,0.0,0.1354088,0.0,0.00059738336,-0.009753089,0.0,-0.021235071,0.002744601,0.0,0.08782441,-0.8323596,0.15880366,0.02924294,0.07640676,0.0,-0.0017024063,0.0006897679,0.2069285,0.001407335
0.048184954,-0.6373926,-0.028280204,-0.045164388,-0.012402311,0.0,0.0,0.0,0.036586165,0.0,-0.0028311147,0.0,0.10343735,0.0,0.001603096,0.00082474446,0.19201563,0.0,0.17986089,0.0,0.0,-0.069109775,0.0,0.0,0.0,0.0,0.0,0.15054196,0.0,0.00059738336,-0.009753089,0.0,-0.035475194,0.002744601,0.0,0.019343577,0.5151054,-0.040954176,0.02924294,0.05464904,0.0,-0.00093439256,0.0006897679,0.20456196,0.001407335
-0.025808502,0.8153742,-0.15649939,0.13043442,0.0013894028,0.0,0.0,0.0,-0.035893213,0.0,-0.007687144,0.0,-0.08954517,0.0,-0.0025244548,-0.021194363,-0.23747545,0.0,0.16691771,0.0,0.0,0.07197922,0.0,0.0,0.0,0.0,0.0,0.18106405,0.0,0.0031137276,-0.0041200104,0.0,-0.012654193,0.002744601,0.0,0.017742842,0.5559646,-0.040954176,0.025494877,-0.20205902,0.0,-0.0020803937,0.0011661218,0.17690912,0.0005919774
-0.024828985,-0.2542174,-0.40419558,-0.13457121,0.0013216623,0.0,0.0,0.0,0.015191946,0.0,-0.019792344,0.0,-0.07450958,0.0,-0.00041246324,0.0011452292,-0.14377964,0.0,-0.23347002,0.0,0.0,-0.062495623,0.0,0.0,0.0,0.0,0.0,-0.25379807,0.0,0.0007378072,0.0037387437,0.0,-0.031297382,0.0010527901,0.0,-0.07666607,-0.9151868,-0.08801111,-0.28074378,-0.11528253,0.0,-0.025037764,0.00056854245,-0.12503685,-0.0044233957
-0.024967479,-0.42842144,-0.12853342,-0.11131604,-0.00029844118,0.0,0.0,0.0,-0.0711707,0.0,0.054397523,0.0,0.04229423,0.0,-0.00041246324,-0.0015942659,-0.2930764,0.0,-0.24923705,0.0,0.0,-0.04157285,0.0,0.0,0.0,0.0,0.0,0.12504132,0.0,0.0007378072,-0.009753089,0.0,-0.011333502,-0.002082019,0.0,-0.036826875,0.47130668,-0.026733205,0.053384252,-0.13860573,0.0,0.021980546,0.0004675381,-0.14826846,0.001407335
0.052814033,-0.1906922,0.24313855,0.010690175,-0.017398292,0.0,0.0,0.0,0.017656645,0.0,-0.0028311147,0.0,-0.08853174,0.0,-0.00041246324,0.00082474446,0.10449577,0.0,-0.22709964,0.0,0.0,-0.07217124,0.0,0.0,0.0,0.0,0.0,-0.21285142,0.0,-0.010383418,-0.0036069527,0.0,-0.03204183,0.0010527901,0.0,0.08740686,-0.777514,0.15252368,0.08216579,0.03179981,0.0,0.002281874,0.00056854245,0.14378534,0.001407335
-0.020774523,-0.41462022,-0.3613372,-0.11928544,-0.000549158,0.0,0.0,0.0,0.014264671,0.0,-0.019792344,0.0,-0.063008346,0.0,-0.00041246324,0.0011452292,-0.13794528,0.0,-0.23347002,0.0,0.0,-0.04911038,0.0,0.0,0.0,0.0,0.0,-0.25678968,0.0,0.0007378072,0.0037387437,0.0,-0.028905764,0.0010527901,0.0,-0.07636209,-0.9026508,-0.08801111,-0.28074378,-0.08548147,0.0,0.09666518,0.00056854245,-0.13517007,0.001407335
0.10972733,0.41149426,-0.09401129,-0.041993547,0.0013894028,0.0,0.0,0.0,0.020434523,0.0,-0.0042897584,0.0,-0.12458456,0.0,-0.0025244548,0.00082474446,0.20817511,0.0,0.19598529,0.0,0.0,-0.06430087,0.0,0.0,0.0,0.0,0.0,0.13628379,0.0,0.00059738336,-0.009753089,0.0,-0.0141544975,-0.002082019,0.0,-0.016514113,0.6096182,-0.030314967,0.027812706,-0.1795912,0.0,-0.0019029123,0.0006897679,0.162923,0.001407335
-0.021733113,0.16618681,-0.11860204,-0.042054,-0.0042438754,0.0,0.0,0.0,-0.042342052,0.0,-0.0047195475,0.0,-0.07380042,0.0,-0.0025244548,-0.0018972601,-0.37042522,0.0,0.16548063,0.0,0.0,-0.048432548,0.0,0.0,0.0,0.0,0.0,-0.24154168,0.0,-0.012828371,-0.0036069527,0.0,-0.013350454,-0.0007986329,0.0,-0.028935755,0.48033255,-0.030438917,0.062715605,-0.17566648,0.0,-0.0018067801,0.0005887636,-0.1068625,-0.0044233957
-0.008244025,-0.6567625,0.40099183,-0.0298015,0.00038571784,0.0,0.0,0.0,-0.117551744,0.0,-0.0028311147,0.0,0.10431737,0.0,0.001603096,0.0011452292,0.085682675,0.0,0.24121098,0.0,0.0,0.087955356,0.0,0.0,0.0,0.0,0.0,0.11455152,0.0,0.00059738336,0.010109393,0.0,0.04523781,0.002744601,0.0,0.08782441,-0.73835313,0.16290767,0.025198435,0.104265496,0.0,-0.0017024063,0.0006897679,0.25718045,0.00047790786
-0.021733113,0.13856998,-0.12131911,-0.033214334,0.0038481215,0.0,0.0,0.0,-0.036050264,0.0,-0.0047195475,0.0,-0.07645516,0.0,-0.0025244548,-0.00021668678,-0.36472723,0.0,0.16183361,0.0,0.0,0.038383137,0.0,0.0,0.0,0.0,0.0,-0.23797096,0.0,-0.012828371,-0.0036069527,0.0,-0.020456823,-0.0007986329,0.0,-0.03410389,0.4819213,-0.030438917,0.054061644,-0.17365977,0.0,-0.0018067801,-0.004291843,-0.16204616,0.001407335
-0.016206173,-0.1690712,-0.39499757,-0.11212451,-0.0011967476,0.0,0.0,0.0,-0.057084024,0.0,-0.012032424,0.0,-0.0649719,0.0,-0.00041246324,0.00013513495,-0.15206873,0.0,-0.23390022,0.0,0.0,-0.047737893,0.0,0.0,0.0,0.0,0.0,-0.25929087,0.0,0.0007378072,0.0037387437,0.0,-0.012523114,0.0010527901,0.0,-0.15615508,-0.8548402,0.081996046,0.07830102,0.05294407,0.0,-0.020569399,-0.0066033686,-0.11389182,0.001407335
-0.008781608,0.14466394,-0.08546909,-0.025035812,-0.0012802833,0.0,0.0,0.0,-0.07908997,0.0,-0.0042897584,0.0,0.11183534,0.0,0.0054231794,0.0011452292,0.23161457,0.0,0.18095712,0.0,0.0,0.07042469,0.0,0.0,0.0,0.0,0.0,0.15806572,0.0,0.00059738336,-0.009753089,0.0,-0.020348378,-0.002082019,0.0,-0.01897631,0.57564586,-0.030314967,0.022345942,0.11019784,0.0,-0.0022889215,0.0006897679,0.26815146,0.001407335
0.05108227,-1.321136,0.26950172,-0.049172085,0.00038571784,0.0,0.0,0.0,0.02570783,0.0,-0.0028311147,0.0,0.06489966,0.0,0.001603096,-0.00018534983,0.05948813,0.0,0.34958386,0.0,0.0,-0.04181017,0.0,0.0,0.0,0.0,0.0,0.122142255,0.0,0.0008712949,0.010109393,0.0,0.03905724,0.002744601,0.0,0.14704137,-0.79253614,0.16873,0.0039131884,0.09875203,0.0,-0.010002604,-0.09187074,-0.22677508,0.00047790786
-0.0082126735,0.32898816,0.023578255,-0.015245633,0.0031037051,0.0,0.0,0.0,0.02803364,0.0,-0.0042897584,0.0,0.13127643,0.0,0.0054231794,0.0011452292,0.23161457,0.0,0.20560247,0.0,0.0,0.06490719,0.0,0.0,0.0,0.0,0.0,0.15550312,0.0,0.00059738336,0.010109393,0.0,0.042360958,-0.002082019,0.0,-0.017821584,0.5985819,-0.030314967,0.024354007,0.11589301,0.0,-0.0021067285,0.0006897679,0.23019142,0.00047790786
-0.01106218,-0.7546022,0.56335574,-0.05981298,-6.4385706e-05,0.0,0.0,0.0,0.03186602,0.0,-0.0028311147,0.0,0.03267143,0.0,0.0008860773,0.0011452292,0.21164995,0.0,-0.2235779,0.0,0.0,0.057653002,0.0,0.0,0.0,0.0,0.0,-0.1821531,0.0,-0.015147548,0.0037387437,0.0,0.07030074,0.000697852,0.0,0.041109182,0.40861592,-0.0361906,0.058675326,0.06082925,0.0,-0.004236646,0.00056854245,-0.12624358,0.00047790786
0.07271273,-0.045681935,-0.103451855,-0.04535814,-0.0012802833,0.0,0.0,0.0,0.0126669835,0.0,-0.0042897584,0.0,-0.1217756,0.0,-0.0025244548,-0.00018534983,0.19858505,0.0,0.1651158,0.0,0.0,-0.03742122,0.0,0.0,0.0,0.0,0.0,0.13616353,0.0,0.0008712949,-0.009753089,0.0,-0.02183943,-0.002082019,0.0,-0.036955625,0.5621211,-0.030314967,0.036304537,0.071972735,0.0,0.00057688553,-0.006881507,-0.16876401,0.001407335
-0.01626627,0.8422745,-0.19450548,0.088053964,0.0008880644,0.0,0.0,0.0,0.010332015,0.0,-0.007687144,0.0,-0.13107774,0.0,-0.0025244548,-0.021194363,-0.23747545,0.0,0.17052524,0.0,0.0,0.05816655,0.0,0.0,0.0,0.0,0.0,0.20680322,0.0,0.0031137276,-0.0041200104,0.0,-0.02224917,0.002744601,0.0,0.017742842,0.55129474,-0.040954176,0.025494877,0.08787179,0.0,-0.0015161962,0.0011661218,0.18562372,0.0005919774
-0.018072013,-1.3878865,-0.09370708,-0.053722028,0.0028580325,0.0,0.0,0.0,-0.08415647,0.0,-0.004486008,0.0,0.040498745,0.0,0.0008860773,-0.00021668678,-0.10515009,0.0,-0.4002555,0.0,0.0,-0.059616946,0.0,0.0,0.0,0.0,0.0,-0.27916378,0.0,-0.015147548,0.0037387437,0.0,0.010212755,0.0010527901,0.0,0.07309928,-0.8571537,-0.17083718,-0.32660896,-0.12548636,0.0,-0.012386271,-0.04927841,-0.17455228,0.00047790786
0.053335533,-0.59229577,-0.029476326,-0.08326084,0.0077761905,0.0,0.0,0.0,0.0129539445,0.0,-0.0028311147,0.0,-0.16267398,0.0,-0.0007462308,0.00082474446,0.17769353,0.0,0.16563438,0.0,0.0,0.034967344,0.0,0.0,0.0,0.0,0.0,0.14477417,0.0,0.00059738336,-0.009753089,0.0,-0.029764194,0.002744601,0.0,0.018926028,0.5155503,-0.040954176,0.023973953,0.03789262,0.0,-0.00093439256,0.0006897679,0.17888595,0.001407335
-0.009707291,-0.026399003,-0.1204492,-0.007855957,-0.0012802833,0.0,0.0,0.0,0.028677428,0.0,-0.0047195475,0.0,0.13127643,0.0,0.0054231794,-0.0018972601,-0.3018818,0.0,0.18610932,0.0,0.0,0.07335449,0.0,0.0,0.0,0.0,0.0,0.16797413,0.0,0.00046389567,-0.009753089,0.0,-0.031300213,-0.002082019,0.0,-0.019613694,0.4540149,-0.030314967,0.02209337,0.11019784,0.0,-0.0021067285,0.0005887636,0.2890675,0.001407335
0.06963887,-0.6402027,0.3140508,-0.031701002,0.00038571784,0.0,0.0,0.0,0.030337289,0.0,-0.0028311147,0.0,0.06871202,0.0,0.001603096,-0.00018534983,0.18350692,0.0,0.14163943,0.0,0.0,0.046031892,0.0,0.0,0.0,0.0,0.0,0.10762168,0.0,0.0008712949,0.010109393,0.0,0.058062088,0.002744601,0.0,0.041109182,0.4709455,-0.043107126,0.033997215,0.07855465,0.0,0.0011634006,-0.006881507,-0.20673835,0.00047790786
-0.009170315,-0.45319578,0.0059939483,9.884781e-06,0.012944389,0.0,0.0,0.0,0.00981994,0.0,-0.0028311147,0.0,-0.14980736,0.0,-0.0007462308,0.0011452292,0.21218078,0.0,0.16364656,0.0,0.0,0.03560717,0.0,0.0,0.0,0.0,0.0,-0.25634006,0.0,-0.010383418,-0.0036069527,0.0,-0.031282026,0.0010527901,0.0,0.018926028,0.497773,-0.041078124,0.056626964,0.062400367,0.0,0.001696053,0.0006897679,0.1675036,0.001407335
-0.023825327,-0.39145198,-0.19577688,-0.10536127,0.0013216623,0.0,0.0,0.0,-0.0722211,0.0,-0.019792344,0.0,0.043239012,0.0,0.0008860773,0.0011452292,-0.3039637,0.0,-0.24568482,0.0,0.0,-0.055107396,0.0,0.0,0.0,0.0,0.0,-0.25793862,0.0,0.0007378072,0.0037387437,0.0,-0.012042965,0.0010527901,0.0,-0.038263097,0.45161524,-0.026857154,0.07830102,-0.11443519,0.0,0.051586572,0.00056854245,-0.11696318,0.001407335
-0.02210531,-0.16888317,-0.34410664,-0.04226782,0.0014589422,0.0,0.0,0.0,-0.05251178,0.0,-0.0045834514,0.0,-0.06350274,0.0,-0.00041246324,0.0011452292,-0.31627443,0.0,-0.23024571,0.0,0.0,-0.052112076,0.0,0.0,0.0,0.0,0.0,-0.26044416,0.0,0.0007378072,0.0037387437,0.0,-0.013834762,0.0010527901,0.0,-0.036955625,0.4598761,-0.026857154,0.07862926,-0.14079188,0.0,-0.020768283,0.00056854245,-0.11742861,-0.0044233957
-0.017197255,-1.2115775,-0.19072203,-0.10344274,0.0001476258,0.0,0.0,0.0,0.013993042,0.0,-0.019792344,0.0,-0.06058062,0.0,-0.00041246324,0.0011452292,-0.10561399,0.0,-0.41429627,0.0,0.0,-0.048343007,0.0,0.0,0.0,0.0,0.0,-0.2899797,0.0,0.0007378072,0.0037387437,0.0,-0.022044288,0.0010527901,0.0,-0.07636209,-0.9123302,-0.09310598,-0.2953324,-0.11354261,0.0,0.107049935,0.020414108,-0.17763315,0.001407335
-0.009044692,0.3708051,-0.16208446,-0.032437094,0.00039413373,0.0,0.0,0.0,0.01833942,0.0,-0.0047195475,0.0,-0.16338582,0.0,-0.0025244548,-0.0018972601,-0.113300666,0.0,0.28895146,0.0,0.0,0.07125374,0.0,0.0,0.0,0.0,0.0,0.1624766,0.0,0.00059738336,0.010109393,0.0,0.030947603,0.002744601,0.0,0.08622367,-0.90594673,0.15880366,0.02282258,0.10072416,0.0,-0.0021067285,0.0005887636,0.18333009,0.00047790786
-0.01783153,-0.47379002,-0.42498705,-0.13521428,0.0001476258,0.0,0.0,0.0,0.022140224,0.0,-0.019792344,0.0,-0.11555524,0.0,-0.00041246324,0.0011452292,-0.16801623,0.0,-0.22606708,0.0,0.0,-0.0787284,0.0,0.0,0.0,0.0,0.0,-0.2258813,0.0,0.00046389567,0.0037387437,0.0,-0.021759536,0.0010527901,0.0,-0.09557975,-0.7735638,0.081996046,0.06967126,-0.090763405,0.0,-0.025101984,0.00056854245,0.20774832,0.001407335
-0.018417504,-0.044070516,-0.08249408,-0.10769865,0.0013894028,0.0,0.0,0.0,0.022292038,0.0,-0.0042897584,0.0,0.10303774,0.0,0.0054231794,0.0011452292,0.1934099,0.0,0.15953857,0.0,0.0,0.044591848,0.0,0.0,0.0,0.0,0.0,0.12775896,0.0,0.00059738336,-0.009753089,0.0,-0.030231468,-0.002082019,0.0,-0.01817747,0.54791385,-0.030314967,0.02209337,-0.2671423,0.0,-0.0024887328,0.0006897679,0.28199255,0.001407335
-0.018268451,-0.26053503,0.3713249,-0.061454207,-0.0046427855,0.0,0.0,0.0,-0.082190484,0.0,-0.0028311147,0.0,0.09542168,0.0,0.001603096,0.0011452292,0.09076005,0.0,0.20564482,0.0,0.0,0.076055974,0.0,0.0,0.0,0.0,0.0,0.08910857,0.0,0.00059738336,0.010109393,0.0,0.042007178,0.002744601,0.0,0.08782441,-0.78254086,0.16290767,0.025198435,-0.28311956,0.0,-0.0020844107,0.0006897679,0.2431975,0.00047790786
0.070422776,0.3957538,0.022898559,-0.035504777,0.0008880644,0.0,0.0,0.0,0.02011449,0.0,-0.0042897584,0.0,0.096194826,0.0,0.0054231794,-0.00018534983,0.23678972,0.0,0.20217122,0.0,0.0,-0.040416535,0.0,0.0,0.0,0.0,0.0,0.13621485,0.0,0.0008712949,-0.009753089,0.0,-0.02135928,-0.002082019,0.0,-0.030243225,0.6170058,-0.030314967,0.03966897,0.09038324,0.0,0.00057688553,-0.006881507,-0.15089327,0.001407335
-0.01868059,-0.034823336,-0.10264768,-0.012464924,0.0008954721,0.0,0.0,0.0,0.034419034,0.0,0.012914714,0.0,0.113087736,0.0,-0.0025244548,-0.0015942659,-0.35035944,0.0,0.16265498,0.0,0.0,0.078286186,0.0,0.0,0.0,0.0,0.0,0.14092301,0.0,0.00046389567,0.010109393,0.0,0.041775137,0.002744601,0.0,0.0227658,0.4639062,-0.040954176,0.022432068,-0.2671423,0.0,-0.0024887328,0.0005887636,0.25660574,0.00047790786
-0.013286427,0.3378786,-0.145877,-0.004237597,-0.0012802833,0.0,0.0,0.0,0.026499879,0.0,0.012914714,0.0,0.09274025,0.0,-0.0025244548,8.630735e-05,-0.35771498,0.0,0.208842,0.0,0.0,-0.04496487,0.0,0.0,0.0,0.0,0.0,0.17578979,0.0,0.0007378072,-0.009753089,0.0,-0.019287568,-0.002082019,0.0,-0.030243225,0.5035242,-0.030314967,0.037798844,0.10900458,0.0,-0.0020425096,-0.004291843,-0.15923694,0.001407335
-0.014805024,-0.4420245,-0.12739143,-0.1870945,-0.00011967363,0.0,0.0,0.0,0.013546481,0.0,-0.019928439,0.0,-0.091568336,0.0,-0.0007462308,-0.0018972601,-0.31769687,0.0,0.14890926,0.0,0.0,0.029761897,0.0,0.0,0.0,0.0,0.0,0.15357873,0.0,0.0007378072,0.010109393,0.0,0.04101689,-0.002082019,0.0,-0.036651637,0.4606576,-0.030314967,0.030394895,0.07683455,0.0,0.020388585,0.0005887636,-0.21168986,0.00047790786
-0.009295155,-0.43654358,-0.02238505,-0.07607762,-0.00074664445,0.0,0.0,0.0,-0.06260172,0.0,-0.0028311147,0.0,0.096208915,0.0,0.001603096,0.0011452292,0.18768531,0.0,0.1764102,0.0,0.0,0.0582906,0.0,0.0,0.0,0.0,0.0,0.14478199,0.0,0.00059738336,-0.009753089,0.0,-0.02060337,-0.002082019,0.0,-0.01817747,0.5160336,-0.030314967,0.023635255,0.080548175,0.0,-0.0017024063,0.0006897679,0.27468452,0.001407335
-0.024357945,-0.25005427,-0.18502238,-0.15575814,0.0008277317,0.0,0.0,0.0,-0.08321052,0.0,0.054397523,0.0,0.04464073,0.0,-0.0007462308,-0.0015942659,-0.13405158,0.0,0.23928046,0.0,0.0,0.035515007,0.0,0.0,0.0,0.0,0.0,-0.19018725,0.0,-0.012828371,0.0037387437,0.0,0.030415809,-0.0007986329,0.0,-0.15602632,-0.7936244,0.09326443,0.0537334,-0.17885076,0.0,-0.006258454,0.0005887636,-0.19518317,-0.0015021125
-0.012238149,-0.2657722,-0.14545797,-0.023610005,-0.00074664445,0.0,0.0,0.0,0.007930725,0.0,-0.0028311147,0.0,-0.09283079,0.0,-0.0007462308,0.0011452292,0.090649985,0.0,0.25052628,0.0,0.0,0.01807582,0.0,0.0,0.0,0.0,0.0,0.13097423,0.0,0.0008712949,-0.009753089,0.0,-0.030741272,-0.002082019,0.0,-0.15585108,-0.98981667,0.09238007,0.030394895,0.082009554,0.0,0.005653361,0.0006897679,-0.19184881,0.001407335
0.12493564,-0.8321219,-0.24722458,-0.12095039,-0.000549158,0.0,0.0,0.0,0.020785864,0.0,-0.019792344,0.0,0.045911424,0.0,0.0008860773,0.00082474446,-0.122480005,0.0,-0.3419934,0.0,0.0,-0.052105695,0.0,0.0,0.0,0.0,0.0,-0.30183583,0.0,0.0007378072,0.0037387437,0.0,-0.028437536,0.0010527901,0.0,-0.07653732,-0.9123302,-0.09310598,-0.2953324,-0.093116015,0.0,0.04743803,0.00056854245,-0.16401002,0.001407335
-0.017754905,0.47432157,0.01252316,-0.025086977,-0.0011254315,0.0,0.0,0.0,0.01833942,0.0,-0.0042897584,0.0,-0.1397524,0.0,-0.0025244548,0.0011452292,0.15466973,0.0,0.21570954,0.0,0.0,0.054808006,0.0,0.0,0.0,0.0,0.0,0.12244255,0.0,0.00059738336,0.010109393,0.0,0.03159886,-0.002082019,0.0,-0.016514113,0.6164392,-0.030314967,0.024354007,-0.22820905,0.0,-0.0024887328,0.0006897679,0.20001651,0.00047790786
-0.02210531,-0.049630366,-0.419677,-0.041936204,-0.001833078,0.0,0.0,0.0,-0.05251178,0.0,-0.0045834514,0.0,-0.06350274,0.0,-0.00041246324,0.0011452292,-0.13139227,0.0,-0.20191611,0.0,0.0,-0.046870176,0.0,0.0,0.0,0.0,0.0,-0.21117638,0.0,0.0007378072,0.0037387437,0.0,-0.014314911,0.0010527901,0.0,-0.15615508,-0.85023946,0.081996046,0.07862926,-0.13715202,0.0,-0.020768283,0.00056854245,-0.117128976,-0.0044233957
-0.015326486,-0.36429664,-0.18779929,-0.093246445,-0.004841806,0.0,0.0,0.0,0.027770223,0.0,-0.004486008,0.0,-0.07953282,0.0,-0.00041246324,-0.0018972601,-0.13634752,0.0,-0.23556194,0.0,0.0,0.03300396,0.0,0.0,0.0,0.0,0.0,0.13083409,0.0,0.0008712949,0.010109393,0.0,0.046306435,-0.002082019,0.0,-0.15585108,-0.86866605,0.081111684,0.041223142,0.048322063,0.0,-0.0014559947,0.0004675381,-0.17276539,-0.0015021125
0.04725766,-0.6209424,0.28715804,-0.023198998,0.00038571784,0.0,0.0,0.0,0.045400865,0.0,-0.0028311147,0.0,0.09756095,0.0,0.001603096,0.00082474446,0.19201563,0.0,0.16134776,0.0,0.0,-0.097962774,0.0,0.0,0.0,0.0,0.0,0.12999453,0.0,0.00059738336,0.010109393,0.0,0.04794001,0.002744601,0.0,0.019343577,0.47206214,-0.043107126,0.03052726,0.078048594,0.0,-0.00093439256,0.0006897679,0.19100572,0.00047790786
-0.012672872,-0.4818666,0.29054612,-0.020894842,-0.0041601597,0.0,0.0,0.0,0.023347924,0.0,-0.0028311147,0.0,0.05944221,0.0,0.001603096,0.00013513495,0.19600444,0.0,0.14509012,0.0,0.0,-0.055884287,0.0,0.0,0.0,0.0,0.0,0.10768579,0.0,0.0008712949,0.010109393,0.0,0.045343954,0.002744601,0.0,0.041109182,0.4721536,-0.043107126,0.03932604,0.10286359,0.0,-0.0014559947,-0.006881507,-0.19311759,0.00047790786
0.04725766,-0.55362034,0.42018437,-0.15321405,0.00038571784,0.0,0.0,0.0,0.026725389,0.0,-0.0028311147,0.0,0.1050603,0.0,0.0008860773,0.00082474446,0.07893523,0.0,-0.2546152,0.0,0.0,0.043652944,0.0,0.0,0.0,0.0,0.0,0.11233418,0.0,0.00059738336,0.010109393,0.0,0.058062088,0.002744601,0.0,0.08782441,-0.7876548,0.15163931,0.03713394,0.06758435,0.0,-0.00093439256,0.00056854245,0.18562157,0.00047790786
-0.020360006,-0.30906186,-0.08950853,-0.026384102,0.0008277317,0.0,0.0,0.0,-0.08058272,0.0,-0.004486008,0.0,0.077096485,0.0,0.0008860773,-0.0018972601,-0.30097216,0.0,-0.26360983,0.0,0.0,0.096216604,0.0,0.0,0.0,0.0,0.0,-0.28015813,0.0,-0.010383418,0.0037387437,0.0,0.027558042,-0.0007986329,0.0,-0.01817747,0.42231053,-0.026857154,0.055931885,-0.13052075,0.0,-0.0012844838,0.0004675381,0.23574708,0.00047790786
-0.023825327,-0.24306938,-0.3008868,-0.1425458,-0.0016793734,0.0,0.0,0.0,0.015083931,0.0,-0.019792344,0.0,-0.06954801,0.0,-0.00041246324,0.0011452292,-0.15206873,0.0,-0.20298028,0.0,0.0,-0.041956577,0.0,0.0,0.0,0.0,0.0,-0.20012012,0.0,0.0007378072,0.0037387437,0.0,-0.029985737,0.0010527901,0.0,-0.15615508,-0.84845215,0.081996046,0.07830102,-0.10879175,0.0,0.09666518,0.00056854245,-0.12294478,0.001407335
-0.008232378,-0.39080778,0.43508765,-0.012057375,-6.4385706e-05,0.0,0.0,0.0,-0.082190484,0.0,-0.0028311147,0.0,0.099348925,0.0,0.001603096,0.0011452292,0.09692111,0.0,0.23503424,0.0,0.0,0.08859518,0.0,0.0,0.0,0.0,0.0,-0.21183307,0.0,-0.010383418,0.0037387437,0.0,0.042007178,0.0010527901,0.0,0.08782441,-0.73676133,0.16379204,0.058429994,0.08657561,0.0,0.0015138601,0.0006897679,0.2268095,0.00047790786
-0.01784857,-0.14620273,-0.0030900151,-0.12297389,-0.0011254315,0.0,0.0,0.0,-0.05435074,0.0,-0.0042897584,0.0,-0.11092751,0.0,-0.0007462308,0.0011452292,0.1969984,0.0,0.14394921,0.0,0.0,0.06111296,0.0,0.0,0.0,0.0,0.0,0.10141341,0.0,0.00059738336,0.010109393,0.0,0.028209299,-0.002082019,0.0,-0.018002236,0.5446949,-0.030314967,0.0239635,-0.23995449,0.0,-0.002670926,0.0006897679,0.23821719,0.00047790786
-0.027816825,0.51673865,-0.1474442,0.07241344,0.0033541908,0.0,0.0,0.0,0.01359468,0.0,-0.007687144,0.0,-0.06903917,0.0,-0.0025244548,0.011246894,-0.11470628,0.0,0.24398151,0.0,0.0,0.035754226,0.0,0.0,0.0,0.0,0.0,-0.2983338,0.0,-0.18972686,0.0023605714,0.0,0.029377837,0.0010527901,0.0,0.13881177,-0.8853354,0.15968803,0.06305649,-0.15912054,0.0,-0.001034055,-0.019094829,-0.17635174,0.0003059106
0.070422776,0.52275556,-0.12461264,-0.021265697,-0.0012802833,0.0,0.0,0.0,0.018264128,0.0,-0.0042897584,0.0,0.0948069,0.0,0.0054231794,0.00082474446,0.1996664,0.0,0.20068224,0.0,0.0,0.032707408,0.0,0.0,0.0,0.0,0.0,0.16581722,0.0,0.0008712949,-0.009753089,0.0,-0.023780802,-0.002082019,0.0,-0.030243225,0.625859,-0.030314967,0.03272259,0.08470603,0.0,0.00057688553,0.0006897679,-0.18904041,-0.0044233957
-0.017068354,-0.9720909,-0.06976129,-0.039599825,-0.0034087119,0.0,0.0,0.0,0.025599815,0.0,-0.004486008,0.0,0.05103554,0.0,0.001603096,-0.0018972601,-0.10356392,0.0,0.4175198,0.0,0.0,-0.051929377,0.0,0.0,0.0,0.0,0.0,-0.2858816,0.0,-0.015147548,0.0037387437,0.0,0.03969181,0.0010527901,0.0,0.07309928,-0.84730756,-0.195941,-0.2520381,-0.18069397,0.0,0.014598864,0.037724935,-0.22466297,0.00047790786
-0.011841764,0.09432702,-0.7916276,-0.032253187,-0.0037612498,0.0,0.0,0.0,0.017643085,0.0,-0.0045834514,0.0,-0.14124034,0.0,-0.00083217025,0.0011452292,-0.3768193,0.0,-0.3335371,0.0,0.0,-0.057103176,0.0,0.0,0.0,0.0,0.0,-0.32311714,0.0,0.0007378072,0.0037387437,0.0,-0.028284147,0.0010527901,0.0,-0.028935755,0.48308316,-0.026857154,0.07778581,0.18506727,0.0,-0.017787745,0.0005507715,-0.1136558,-0.0044233957
-0.013342175,-0.5959072,0.6566043,-0.03517108,-0.0011914009,0.0,0.0,0.0,0.04049124,0.0,-0.0028311147,0.0,0.03619653,0.0,0.001603096,0.00013513495,0.09423941,0.0,0.17126654,0.0,0.0,-0.06757107,0.0,0.0,0.0,0.0,0.0,-0.1945262,0.0,-0.015147548,0.0037387437,0.0,0.037968814,0.000697852,0.0,0.07309928,-0.84356546,-0.18012184,-0.18362854,0.07876169,0.0,0.0009785228,-0.006881507,-0.115656614,0.00047790786
-0.020774523,-0.4611069,-0.28596902,-0.09944083,0.0001476258,0.0,0.0,0.0,0.021904485,0.0,-0.019792344,0.0,-0.063008346,0.0,-0.00041246324,0.0011452292,-0.13794528,0.0,-0.20382985,0.0,0.0,-0.02857134,0.0,0.0,0.0,0.0,0.0,-0.1998624,0.0,0.0007378072,0.0037387437,0.0,-0.021759536,0.0010527901,0.0,-0.15585108,-0.8232175,0.081996046,0.07830102,-0.080221795,0.0,0.09666518,0.00056854245,-0.11300662,0.001407335
-0.0118182665,-0.1745072,-0.031198377,-0.10773453,-0.016927866,0.0,0.0,0.0,0.016010823,0.0,-0.0042897584,0.0,0.08926962,0.0,0.001603096,0.0011452292,0.20281179,0.0,0.15617496,0.0,0.0,0.020573327,0.0,0.0,0.0,0.0,0.0,0.12524028,0.0,0.0008712949,-0.009753089,0.0,-0.040914018,0.002744601,0.0,0.041109182,0.53281677,-0.040954176,0.034108862,0.10790299,0.0,0.0073685125,0.0006897679,-0.22584513,0.001407335
-0.011379835,-0.6443639,-0.11988415,-0.04191581,0.0044367104,0.0,0.0,0.0,0.036327,0.0,0.012503779,0.0,0.111395,0.0,-0.0007462308,-0.0015942659,-0.2521009,0.0,0.17734276,0.0,0.0,0.06638944,0.0,0.0,0.0,0.0,0.0,0.17769386,0.0,0.00046389567,0.010109393,0.0,0.045697637,0.002744601,0.0,0.019343577,0.43310317,-0.040954176,0.022103824,0.07315985,0.0,-0.0015202136,0.0005887636,0.28826115,0.00047790786
-0.008087834,0.4334314,0.1920662,-0.028070642,-0.009305112,0.0,0.0,0.0,-0.09758579,0.0,-0.0042897584,0.0,-0.11865149,0.0,-0.0025244548,0.0011452292,0.2704321,0.0,0.19987202,0.0,0.0,-0.10312576,0.0,0.0,0.0,0.0,0.0,-0.2692426,0.0,-0.010383418,0.0037387437,0.0,0.025343193,-0.0007986329,0.0,-0.016514113,0.58333147,-0.030438917,0.06362431,0.08608835,0.0,0.0009273448,0.0006897679,0.1271526,0.00047790786
0.05032957,-0.2985255,0.024059292,-0.009217903,0.0030846638,0.0,0.0,0.0,0.015435695,0.0,-0.0028311147,0.0,-0.13211833,0.0,-0.0007462308,0.00082474446,0.19890383,0.0,0.16305314,0.0,0.0,0.04291126,0.0,0.0,0.0,0.0,0.0,0.1495564,0.0,0.00059738336,0.010109393,0.0,0.040344503,0.002744601,0.0,0.018926028,0.5390507,-0.040954176,0.023914117,0.05661939,0.0,-0.00093439256,0.0006897679,0.21313635,0.00047790786
-0.0082126735,0.2777532,0.54200864,-0.037829395,-0.006824146,0.0,0.0,0.0,0.01833942,0.0,-0.0042897584,0.0,-0.151827,0.0,-0.00083217025,0.0011452292,0.09602533,0.0,-0.2617842,0.0,0.0,0.06709112,0.0,0.0,0.0,0.0,0.0,0.118880644,0.0,0.00059738336,0.010109393,0.0,0.05542542,0.002744601,0.0,0.0874709,-0.9622921,0.15163931,0.037232224,0.10610039,0.0,-0.0021067285,0.00056854245,0.17607555,0.00047790786
-0.014379098,-0.85057324,-0.1693249,-0.033737566,0.003349129,0.0,0.0,0.0,0.018932087,0.0,-0.004486008,0.0,0.051215388,0.0,0.0008860773,-0.0018972601,-0.13748135,0.0,-0.3865453,0.0,0.0,-0.053658064,0.0,0.0,0.0,0.0,0.0,-0.30487415,0.0,-0.015147548,-0.0036069527,0.0,-0.02756247,0.0010527901,0.0,0.07309928,-0.8552012,-0.17083718,-0.33173925,0.058422215,0.0,0.0017602718,0.0004675381,-0.1569943,-0.0044233957
-0.024828985,-0.23229957,-0.31411707,-0.11997789,-0.0016793734,0.0,0.0,0.0,-0.0725717,0.0,-0.019792344,0.0,0.0465921,0.0,0.0008860773,0.0011452292,-0.14377964,0.0,-0.24378161,0.0,0.0,-0.07040453,0.0,0.0,0.0,0.0,0.0,-0.26260647,0.0,0.0007378072,0.0037387437,0.0,-0.014314911,0.0010527901,0.0,-0.077973545,-0.9151868,-0.08801111,-0.28074378,-0.12205514,0.0,-0.014561566,0.00056854245,-0.14060205,-0.0044233957
-0.017197255,-1.2281467,-0.26251814,-0.12460193,0.0001476258,0.0,0.0,0.0,-0.068692096,0.0,-0.019792344,0.0,0.035170082,0.0,0.0008860773,0.0011452292,-0.10561399,0.0,-0.42460787,0.0,0.0,-0.056251932,0.0,0.0,0.0,0.0,0.0,-0.29792407,0.0,0.0007378072,0.0037387437,0.0,-0.009663642,0.0010527901,0.0,-0.07653732,-0.9123302,-0.09310598,-0.2953324,-0.11966405,0.0,0.061971303,0.020414108,-0.19445884,0.001407335
0.04732555,0.05805851,0.26568693,-0.112836435,-0.006824146,0.0,0.0,0.0,0.026168682,0.0,-0.0042897584,0.0,0.12354885,0.0,0.0054231794,0.00082474446,0.20469193,0.0,0.1707759,0.0,0.0,0.070287764,0.0,0.0,0.0,0.0,0.0,0.1438271,0.0,0.00059738336,0.010109393,0.0,0.048217233,0.002744601,0.0,0.019343577,0.51083213,-0.043107126,0.023936177,0.0968614,0.0,-0.0015209079,0.0006897679,0.2313862,0.00047790786
-0.01887099,0.99951464,-0.28226787,0.13069527,0.003346783,0.0,0.0,0.0,-0.054150503,0.0,-0.005054005,0.0,-0.060555443,0.0,-0.00083217025,0.012792513,-0.26321495,0.0,-0.27172214,0.0,0.0,-0.044844348,0.0,0.0,0.0,0.0,0.0,-0.32462987,0.0,0.008358839,0.0023605714,0.0,-0.0044159666,0.0010527901,0.0,-0.028935755,0.56135607,-0.026857154,0.09729773,0.07579794,0.0,-0.004249932,0.0029948216,-0.092103496,-0.0018606446
-0.012478188,0.9701418,0.105078004,0.17272295,0.00039413373,0.0,0.0,0.0,0.013486665,0.0,-0.0047603124,0.0,-0.09044561,0.0,-0.0025244548,0.012792513,0.17331843,0.0,0.18379444,0.0,0.0,0.033599153,0.0,0.0,0.0,0.0,0.0,0.20529489,0.0,0.010916204,0.0042706355,0.0,0.029377837,-0.002082019,0.0,-0.028935755,0.638318,-0.030314967,0.03855061,0.084636115,0.0,0.0049622026,0.003116047,-0.1564447,0.0003059106
-0.021376416,0.5816648,0.21428995,-0.012054537,-0.0073067714,0.0,0.0,0.0,0.01655822,0.0,-0.0042897584,0.0,-0.09825991,0.0,-0.0025244548,0.0011452292,0.1713898,0.0,0.210956,0.0,0.0,0.04007655,0.0,0.0,0.0,0.0,0.0,0.10925275,0.0,0.0008712949,0.010109393,0.0,0.047455654,0.002744601,0.0,0.032879587,0.6111092,-0.040954176,0.035565946,-0.22521898,0.0,-0.002424514,0.0006897679,-0.13201775,-0.0015021125
-0.021778181,-0.3137313,-0.46716654,-0.09351195,-0.000549158,0.0,0.0,0.0,-0.073482476,0.0,-0.019792344,0.0,-0.06154816,0.0,-0.00041246324,0.00013513495,-0.14377964,0.0,-0.233267,0.0,0.0,-0.06740921,0.0,0.0,0.0,0.0,0.0,-0.25435892,0.0,0.0007378072,0.0037387437,0.0,-0.008581734,0.0010527901,0.0,-0.07666607,-0.9151868,-0.08801111,-0.28074378,-0.09371479,0.0,-0.025219956,-0.0066033686,-0.10950333,0.001407335
-0.017878136,-0.45816487,-0.099076755,-0.07921268,-0.000549158,0.0,0.0,0.0,-0.09957074,0.0,-0.004486008,0.0,0.08561492,0.0,0.0008860773,-0.0018972601,-0.30097216,0.0,-0.26360983,0.0,0.0,0.08329506,0.0,0.0,0.0,0.0,0.0,-0.27484643,0.0,-0.010383418,-0.0036069527,0.0,-0.022987131,0.0010527901,0.0,0.019343577,0.42137408,-0.037496362,0.05627058,-0.10110607,0.0,-0.0012844838,0.0004675381,0.20948316,0.001407335
0.055719048,-0.5008206,0.48665398,-0.011033859,-0.0011914009,0.0,0.0,0.0,0.050505497,0.0,-0.0028311147,0.0,0.05285602,0.0,0.001603096,0.00082474446,0.096174054,0.0,0.1821421,0.0,0.0,-0.10745634,0.0,0.0,0.0,0.0,0.0,-0.17522758,0.0,-0.010383418,0.0037387437,0.0,0.03733424,0.000697852,0.0,0.08782441,-0.6766443,0.14118822,0.04867643,0.0633041,0.0,0.0015001249,0.0006897679,0.14485398,0.00047790786
-0.021778181,-0.52694875,-0.2964503,-0.1425907,0.0001476258,0.0,0.0,0.0,-0.09453619,0.0,-0.019792344,0.0,0.03732578,0.0,0.0008860773,0.0011452292,-0.13794528,0.0,-0.21414146,0.0,0.0,-0.036480244,0.0,0.0,0.0,0.0,0.0,-0.20537606,0.0,0.0007378072,0.0037387437,0.0,-0.015509059,0.0010527901,0.0,-0.15602632,-0.8232175,0.081996046,0.07830102,-0.09457655,0.0,-0.014561566,0.00056854245,-0.12974331,-0.0044233957
0.06613276,0.92594427,0.015036928,0.17104506,0.0008880644,0.0,0.0,0.0,0.010332015,0.0,-0.0047603124,0.0,-0.12870277,0.0,-0.0025244548,0.0066078044,0.15733658,0.0,0.16537304,0.0,0.0,0.041775316,0.0,0.0,0.0,0.0,0.0,0.22835633,0.0,0.0056710923,-0.0041200104,0.0,-0.020142743,-0.002082019,0.0,-0.016514113,0.61489743,-0.030314967,0.02515618,0.06476907,0.0,-0.0009303754,0.003116047,0.19031237,0.0005919774
-0.027493805,0.9538134,-0.27323595,0.16698448,-0.0042438754,0.0,0.0,0.0,0.016353026,0.0,-0.005054005,0.0,-0.059274465,0.0,-0.00083217025,0.012792513,-0.26321495,0.0,-0.26846814,0.0,0.0,-0.041330837,0.0,0.0,0.0,0.0,0.0,-0.29520354,0.0,0.008358839,0.0023605714,0.0,-0.01847295,0.0010527901,0.0,-0.028935755,0.55970454,-0.026857154,0.09729773,-0.14721473,0.0,-0.0068660825,0.0029948216,-0.10360378,-0.0018606446
-0.008726221,-0.4716532,0.29791245,-0.042611793,0.0030846638,0.0,0.0,0.0,0.03336218,0.0,-0.0028311147,0.0,0.08002138,0.0,0.001603096,0.0011452292,0.20200741,0.0,0.16134776,0.0,0.0,-0.097962774,0.0,0.0,0.0,0.0,0.0,0.12941346,0.0,0.00059738336,0.010109393,0.0,0.032279484,0.002744601,0.0,0.019343577,0.47206214,-0.043107126,0.03052726,0.10166625,0.0,-0.0015202136,0.0006897679,0.2230183,0.00047790786
0.07056617,-0.7871627,-0.0012738957,-0.05194359,0.0037992327,0.0,0.0,0.0,0.018932087,0.0,-0.0028311147,0.0,0.057006072,0.0,0.0008860773,-0.00018534983,0.17966843,0.0,-0.27371797,0.0,0.0,-0.030710826,0.0,0.0,0.0,0.0,0.0,0.12490269,0.0,0.0008712949,-0.009753089,0.0,-0.01395606,-0.002082019,0.0,-0.036826875,0.54302216,-0.026733205,0.055254377,0.040919583,0.0,0.0011634006,-0.0066033686,-0.18699756,0.001407335
-0.018323839,0.0926288,-0.07734409,-0.056090552,-0.0017629091,0.0,0.0,0.0,0.012597819,0.0,-0.0042897584,0.0,-0.14703934,0.0,-0.0025244548,0.0011452292,0.23161457,0.0,0.15161917,0.0,0.0,0.04686409,0.0,0.0,0.0,0.0,0.0,0.12448459,0.0,0.00059738336,-0.009753089,0.0,-0.03071162,-0.002082019,0.0,-0.01766884,0.58031565,-0.030314967,0.02209337,-0.23995449,0.0,-0.0024887328,0.0006897679,0.23038445,0.001407335
-0.023196174,-0.19720346,-0.098722994,-0.029280841,-0.0017629091,0.0,0.0,0.0,0.018295942,0.0,-0.0047195475,0.0,0.0759582,0.0,0.001603096,-0.00021668678,-0.29789048,0.0,0.13934486,0.0,0.0,-0.04704961,0.0,0.0,0.0,0.0,0.0,0.119850524,0.0,0.0007378072,-0.009753089,0.0,-0.02685065,-0.002082019,0.0,-0.038263097,0.4686875,-0.030314967,0.036051966,-0.2599412,0.0,-0.002424514,-0.004291843,-0.20496406,0.001407335
-0.009664915,0.14987771,-0.13461308,-0.010145094,-0.0012802833,0.0,0.0,0.0,-0.12757653,0.0,0.012914714,0.0,0.10002758,0.0,-0.0025244548,-0.0015942659,-0.38292763,0.0,0.20249474,0.0,0.0,-0.13399453,0.0,0.0,0.0,0.0,0.0,0.18390994,0.0,0.00046389567,-0.009753089,0.0,-0.011558657,-0.002082019,0.0,-0.017821584,0.48350853,-0.030314967,0.027812706,0.10912372,0.0,-0.0022889215,0.0005887636,0.17078543,0.001407335
0.04673616,-0.5510948,0.5515911,0.12385644,-0.0011914009,0.0,0.0,0.0,-0.14695196,0.0,-0.0028311147,0.0,0.07902736,0.0,0.001603096,0.00082474446,0.096174054,0.0,0.1821421,0.0,0.0,-0.084281966,0.0,0.0,0.0,0.0,0.0,-0.16762622,0.0,-0.010383418,0.0037387437,0.0,0.017679188,0.000697852,0.0,0.08782441,-0.6766443,0.14118822,0.04867643,0.0633041,0.0,-0.0053205052,0.0006897679,0.14151287,0.00047790786
-0.019100374,-0.08917163,-1.1190131,-0.031025136,0.0038481215,0.0,0.0,0.0,-0.058358006,0.0,-0.0045834514,0.0,-0.10913206,0.0,-0.00083217025,0.0011452292,-0.3768193,0.0,-0.27751505,0.0,0.0,-0.06341687,0.0,0.0,0.0,0.0,0.0,-0.23184632,0.0,0.0007378072,0.0037387437,0.0,-0.012870305,0.0010527901,0.0,-0.03410389,0.47430676,-0.026857154,0.07603893,-0.35372445,0.0,-0.020768283,0.0005507715,-0.10649508,-0.0044233957
-0.0094887875,0.075766996,-0.12133346,-0.019796614,-0.0037612498,0.0,0.0,0.0,0.030128745,0.0,-0.0047195475,0.0,0.1047254,0.0,0.0017877159,-0.0018972601,-0.40203196,0.0,-0.32177386,0.0,0.0,-0.11623436,0.0,0.0,0.0,0.0,0.0,-0.30171373,0.0,-0.010383418,-0.0036069527,0.0,-0.023357263,-0.0007986329,0.0,-0.01897631,0.44827798,-0.026857154,0.0699995,0.07663326,0.0,0.0011095378,0.0004675381,0.19417095,0.001407335
-0.018268451,-0.40991494,0.1287999,-0.027979447,-0.0046427855,0.0,0.0,0.0,0.03336218,0.0,-0.0028311147,0.0,0.07126121,0.0,0.001603096,0.0011452292,0.20200741,0.0,0.13499731,0.0,0.0,-0.08604257,0.0,0.0,0.0,0.0,0.0,0.13063572,0.0,0.00059738336,0.010109393,0.0,0.045343954,-0.002082019,0.0,-0.01817747,0.48019218,-0.032467924,0.028828025,-0.22601606,0.0,-0.0019022179,0.0006897679,0.24563552,0.00047790786
-0.009540075,0.5025801,-0.1634531,0.050799817,-0.0037612498,0.0,0.0,0.0,0.028677428,0.0,0.012914714,0.0,0.121781155,0.0,-0.0025244548,-0.0015942659,-0.25777292,0.0,0.21002595,0.0,0.0,0.073994316,0.0,0.0,0.0,0.0,0.0,-0.36465847,0.0,-0.008064239,-0.0022773212,0.0,-0.024095433,-0.0007986329,0.0,-0.017821584,0.5113056,-0.030438917,0.045822386,0.083931744,0.0,0.0011095378,0.0005887636,0.2434511,0.001407335
-0.011834187,0.60054857,0.316886,-0.029484369,0.005501175,0.0,0.0,0.0,-0.09384242,0.0,-0.0042897584,0.0,0.07852843,0.0,0.0054231794,0.0011452292,0.2399337,0.0,0.2029407,0.0,0.0,-0.07036302,0.0,0.0,0.0,0.0,0.0,0.14562243,0.0,0.0008712949,0.010109393,0.0,0.004308965,-0.002082019,0.0,-0.030243225,0.5820925,-0.032467924,0.038295068,0.11990996,0.0,-0.0022247026,0.0006897679,-0.12963644,-0.0015021125
0.08380577,-0.73789275,-0.17664696,-0.034930885,0.003349129,0.0,0.0,0.0,-0.062950246,0.0,-0.004486008,0.0,0.05570172,0.0,0.001603096,-0.0013644537,-0.12042994,0.0,0.30916405,0.0,0.0,-0.03666161,0.0,0.0,0.0,0.0,0.0,-0.24780664,0.0,-0.015147548,-0.0036069527,0.0,-0.010594099,0.0010527901,0.0,0.14704137,-0.6456165,0.1959521,0.028103778,0.05736014,0.0,-0.00901842,0.0005887636,-0.12318409,0.001407335
-0.0076097483,-1.4669522,0.25562352,-0.050978523,-0.0016374681,0.0,0.0,0.0,0.025599815,0.0,-0.0028311147,0.0,0.05444039,0.0,0.0008860773,0.0011452292,0.07272424,0.0,-0.4578541,0.0,0.0,-0.062458977,0.0,0.0,0.0,0.0,0.0,0.18261747,0.0,0.0008712949,0.010109393,0.0,0.026627347,-0.002082019,0.0,-0.07653732,-1.0658056,-0.10330071,-0.22902888,0.09364327,0.0,0.016038097,0.020414108,-0.24402416,0.00047790786
0.10972733,0.4498368,-0.09398395,-0.032593485,0.0013894028,0.0,0.0,0.0,0.012597819,0.0,-0.0042897584,0.0,-0.1397524,0.0,-0.0025244548,0.00082474446,0.15152575,0.0,0.1925346,0.0,0.0,0.04686409,0.0,0.0,0.0,0.0,0.0,0.13597392,0.0,0.00059738336,-0.009753089,0.0,-0.021508856,-0.002082019,0.0,-0.016514113,0.6164392,-0.030314967,0.022483882,-0.1812104,0.0,-0.0019029123,0.0006897679,0.18607095,0.001407335
-0.021686507,0.1703808,-0.44017494,-0.030537305,0.0038481215,0.0,0.0,0.0,-0.058358006,0.0,-0.0045834514,0.0,-0.06350274,0.0,-0.00083217025,0.0011452292,-0.14650379,0.0,-0.28568828,0.0,0.0,-0.06740921,0.0,0.0,0.0,0.0,0.0,-0.26846343,0.0,0.0007378072,0.0037387437,0.0,-0.012870305,0.0010527901,0.0,-0.0686462,-0.9739964,-0.08801111,-0.31719276,-0.14688063,0.0,-0.020768283,0.00056854245,-0.12193083,-0.0044233957
-0.01783153,-0.33437306,-0.38593635,-0.11136715,-0.000549158,0.0,0.0,0.0,0.022959486,0.0,-0.019792344,0.0,-0.12559032,0.0,-0.00041246324,0.0011452292,-0.17385057,0.0,-0.25570723,0.0,0.0,-0.11265269,0.0,0.0,0.0,0.0,0.0,-0.28341487,0.0,0.00046389567,0.0037387437,0.0,-0.026044358,0.0010527901,0.0,-0.018852184,-0.86553305,-0.08801111,-0.23714548,-0.09602308,0.0,-0.025101984,0.00056854245,0.22426268,0.001407335
0.04681341,0.53401536,0.08308523,-0.016675694,0.0031037051,0.0,0.0,0.0,0.02803364,0.0,-0.0042897584,0.0,0.12782186,0.0,0.0054231794,0.00082474446,0.193853,0.0,0.22861074,0.0,0.0,0.06490719,0.0,0.0,0.0,0.0,0.0,0.15627562,0.0,0.00059738336,0.010109393,0.0,0.03027521,-0.002082019,0.0,-0.017821584,0.60699034,-0.030314967,0.024354007,0.0894041,0.0,-0.0015209079,0.0006897679,0.20963745,0.00047790786
-0.016377619,-0.31217295,-0.15113868,-0.17744195,0.00037425695,0.0,0.0,0.0,0.009889105,0.0,-0.019928439,0.0,-0.08930828,0.0,-0.0007462308,-0.0018972601,-0.1487484,0.0,0.2531324,0.0,0.0,-0.027918743,0.0,0.0,0.0,0.0,0.0,0.12657134,0.0,0.0007378072,-0.009753089,0.0,-0.027833644,-0.002082019,0.0,-0.15585108,-0.83336866,0.09238007,0.035723723,0.08265621,0.0,-0.006494184,0.0005887636,-0.17329235,-0.0044233957
-0.009295155,-0.21097673,-0.062437937,-0.0027814405,-0.016948188,0.0,0.0,0.0,-0.062223904,0.0,-0.0028311147,0.0,-0.07621028,0.0,-0.00041246324,0.0011452292,0.10832648,0.0,-0.26376703,0.0,0.0,-0.07497509,0.0,0.0,0.0,0.0,0.0,0.1278231,0.0,0.00059738336,-0.009753089,0.0,-0.01885131,0.002744601,0.0,0.08740686,-0.9196364,0.14753526,0.04690347,0.06713549,0.0,-0.0017024063,0.00056854245,0.15866484,0.001407335
0.06722487,-0.09160197,0.023858735,-0.10922455,0.0008880644,0.0,0.0,0.0,0.016010823,0.0,-0.0042897584,0.0,0.07922033,0.0,0.0008860773,0.00082474446,0.21274607,0.0,-0.2574073,0.0,0.0,0.028195476,0.0,0.0,0.0,0.0,0.0,0.122133985,0.0,0.0008712949,-0.009753089,0.0,-0.017396897,-0.002082019,0.0,-0.036826875,0.58177507,-0.026733205,0.04342151,0.07121679,0.0,0.0034963975,0.00056854245,-0.20994988,0.001407335
-0.02324746,-0.22422145,-0.16536641,-0.021594014,-0.0017629091,0.0,0.0,0.0,0.022830967,0.0,0.012914714,0.0,0.078024834,0.0,-0.0007462308,-0.0015942659,-0.2914721,0.0,0.13747795,0.0,0.0,0.036240824,0.0,0.0,0.0,0.0,0.0,0.12991782,0.0,0.0007378072,-0.009753089,0.0,-0.036585398,-0.002082019,0.0,-0.038263097,0.47157386,-0.030314967,0.03072314,-0.25858563,0.0,-0.010727623,0.0005887636,-0.24776676,-0.0044233957
0.070422776,0.37134126,0.09863814,-0.005499742,-0.0012802833,0.0,0.0,0.0,0.018264128,0.0,-0.0042897584,0.0,0.1003094,0.0,0.0054231794,-0.00018534983,0.23428398,0.0,0.19872053,0.0,0.0,0.032707408,0.0,0.0,0.0,0.0,0.0,0.14295757,0.0,0.0008712949,-0.009753089,0.0,-0.017847398,0.002744601,0.0,0.035995018,0.59251213,-0.040954176,0.035855744,0.08952021,0.0,0.00057688553,-0.006881507,-0.1680116,0.001407335
-0.014249277,-0.4967604,-0.22976048,-0.029154925,0.003986607,0.0,0.0,0.0,0.032191068,0.0,0.012503779,0.0,0.060029,0.0,-0.0007462308,-0.0015942659,-0.12693577,0.0,0.26623374,0.0,0.0,0.050934434,0.0,0.0,0.0,0.0,0.0,-0.28985125,0.0,-0.012828371,0.0037387437,0.0,0.045697637,-0.0007986329,0.0,-0.07653732,-0.8705895,-0.11311493,-0.19883002,0.057597373,0.0,-0.005422732,0.0005887636,-0.24859028,0.00047790786
-0.01225299,-0.006713193,0.50182843,-0.099885195,-0.006444211,0.0,0.0,0.0,-0.061461918,0.0,-0.0042897584,0.0,-0.09119477,0.0,-0.0007462308,0.0011452292,0.086589724,0.0,0.21549265,0.0,0.0,-0.06292604,0.0,0.0,0.0,0.0,0.0,0.10619473,0.0,0.0008712949,0.010109393,0.0,0.02774781,0.002744601,0.0,0.14662382,-0.8004255,0.16290767,0.039424323,0.11205948,0.0,-0.0022247026,0.0006897679,-0.13434415,-0.0015021125
-0.016141431,0.785454,-0.17094213,0.025744803,0.003346783,0.0,0.0,0.0,0.011410066,0.0,-0.007687144,0.0,-0.12617986,0.0,-0.0025244548,-0.021194363,-0.24946533,0.0,0.17021,0.0,0.0,0.058806375,0.0,0.0,0.0,0.0,0.0,-0.3629891,0.0,-0.05410554,-0.0022773212,0.0,-0.02224917,-0.0007986329,0.0,-0.016514113,0.52438223,-0.030438917,0.048494685,0.0699428,0.0,0.0017000702,0.0011661218,0.23727532,0.0005919774
-0.018513469,-0.42418665,0.7737016,-0.046496633,0.0028580325,0.0,0.0,0.0,0.032851417,0.0,-0.0028311147,0.0,0.02623562,0.0,0.0008860773,0.00013513495,0.09748374,0.0,-0.19257565,0.0,0.0,-0.06181882,0.0,0.0,0.0,0.0,0.0,-0.1495203,0.0,-0.015147548,0.0037387437,0.0,0.037968814,0.000697852,0.0,0.07309928,-0.81912947,-0.155018,-0.23721258,-0.1361829,0.0,-0.001819821,-0.0066033686,-0.12949283,0.00047790786
-0.02210531,0.008435858,-0.39517713,-0.040870205,-0.0042438754,0.0,0.0,0.0,-0.057084024,0.0,-0.0045834514,0.0,-0.06350274,0.0,-0.00041246324,0.00013513495,-0.13139227,0.0,-0.23135325,0.0,0.0,-0.06740921,0.0,0.0,0.0,0.0,0.0,-0.24972989,0.0,0.0007378072,0.0037387437,0.0,-0.012523114,0.0010527901,0.0,-0.07666607,-0.93868315,-0.08801111,-0.3088877,-0.13715202,0.0,-0.018916069,-0.0066033686,-0.13929245,0.001407335
-0.013843647,-1.2300923,0.57991225,-0.09120476,-0.0011914009,0.0,0.0,0.0,-0.1417911,0.0,-0.0028311147,0.0,0.043191273,0.0,0.0008860773,0.0011452292,0.090811744,0.0,-0.3973004,0.0,0.0,-0.10473727,0.0,0.0,0.0,0.0,0.0,-0.25840065,0.0,-0.010383418,0.0037387437,0.0,0.012671454,0.000697852,0.0,0.01862815,-0.8789367,-0.16011286,-0.24814567,0.07719374,0.0,-0.008403052,0.020414108,0.15916768,0.00047790786
-0.008750433,-0.087470494,-0.021871697,-0.09442163,0.01308167,0.0,0.0,0.0,0.010452529,0.0,-0.0042897584,0.0,-0.13241644,0.0,-0.00041246324,0.0011452292,0.23457213,0.0,-0.2648434,0.0,0.0,0.04322932,0.0,0.0,0.0,0.0,0.0,-0.2705254,0.0,-0.010383418,-0.0036069527,0.0,-0.031282026,0.0010527901,0.0,0.018926028,0.54162794,-0.037496362,0.06778345,0.0601337,0.0,0.0011095378,0.00056854245,0.17955498,0.001407335
-0.008781608,0.501854,-0.11161564,-0.02584866,0.0008880644,0.0,0.0,0.0,0.022292038,0.0,-0.0042897584,0.0,0.12782186,0.0,0.0054231794,0.0011452292,0.16557641,0.0,0.20543578,0.0,0.0,0.05696327,0.0,0.0,0.0,0.0,0.0,0.17237014,0.0,0.00059738336,-0.009753089,0.0,-0.023026688,-0.002082019,0.0,-0.017821584,0.6104998,-0.030314967,0.022736453,0.11013803,0.0,-0.0021067285,0.0006897679,0.25043678,0.001407335
-0.016377619,-0.24876331,-0.17048202,-0.08820762,-0.00074664445,0.0,0.0,0.0,-0.027109442,0.0,-0.013172839,0.0,-0.06612395,0.0,-0.00041246324,-0.00021668678,-0.13634752,0.0,-0.23535891,0.0,0.0,0.028288594,0.0,0.0,0.0,0.0,0.0,0.12524691,0.0,0.0007378072,-0.009753089,0.0,-0.02060337,0.002744601,0.0,0.14662382,-0.729764,0.14753526,0.042738743,0.066411026,0.0,-0.0016381877,-0.004013705,-0.14022782,0.001407335
-0.021778181,-0.27951348,-0.30160764,-0.12272311,-0.000549158,0.0,0.0,0.0,0.021713138,0.0,-0.019792344,0.0,0.047008134,0.0,0.0008860773,0.0011452292,-0.14377964,0.0,-0.24378161,0.0,0.0,-0.052105695,0.0,0.0,0.0,0.0,0.0,-0.26260647,0.0,0.0007378072,0.0037387437,0.0,-0.027836155,0.0010527901,0.0,-0.07653732,-0.9151868,-0.08801111,-0.28074378,-0.09983623,0.0,-0.014379371,0.00056854245,-0.16324982,-0.0044233957
-0.010429267,0.8910619,-0.0006190953,0.17126387,-0.0012802833,0.0,0.0,0.0,-0.035893213,0.0,-0.0047603124,0.0,-0.108428694,0.0,-0.0025244548,0.012792513,0.16750503,0.0,0.16537304,0.0,0.0,0.05523673,0.0,0.0,0.0,0.0,0.0,0.22995882,0.0,0.0056710923,-0.0041200104,0.0,-0.013134344,-0.002082019,0.0,-0.016514113,0.61489743,-0.030314967,0.02515618,0.088204585,0.0,-0.0016983892,0.003116047,0.19908033,0.0005919774
-0.014326894,-0.36168104,-0.3003561,-0.11433489,-0.0039018083,0.0,0.0,0.0,-0.09418558,0.0,-0.019792344,0.0,0.041694943,0.0,0.0008860773,0.0011452292,-0.14506108,0.0,-0.2834698,0.0,0.0,-0.057887014,0.0,0.0,0.0,0.0,0.0,-0.30852786,0.0,0.0007378072,0.0037387437,0.0,-0.0070511885,0.0010527901,0.0,-0.07653732,-0.91118246,-0.08801111,-0.28074378,0.035550013,0.0,0.041949715,0.00056854245,-0.14371538,0.001407335
-0.009044692,0.38794726,-0.13664073,0.009950021,-0.0006428057,0.0,0.0,0.0,0.034419034,0.0,0.012914714,0.0,0.1298698,0.0,-0.0025244548,-0.0015942659,-0.2957338,0.0,0.2085522,0.0,0.0,0.078523524,0.0,0.0,0.0,0.0,0.0,0.19002226,0.0,0.00046389567,0.010109393,0.0,0.032397714,0.002744601,0.0,0.020858275,0.5124293,-0.040954176,0.02282258,0.110470824,0.0,-0.0021067285,0.0005887636,0.23431376,0.00047790786
-0.009613627,0.557522,-0.12225453,-0.01581926,-0.0012802833,0.0,0.0,0.0,-0.04326637,0.0,-0.0047195475,0.0,-0.13730909,0.0,-0.0025244548,-0.0018972601,-0.23027846,0.0,0.20129433,0.0,0.0,0.07695407,0.0,0.0,0.0,0.0,0.0,0.18182656,0.0,0.00046389567,-0.0079009235,0.0,-0.013732189,0.002744601,0.0,0.017742842,0.5445082,-0.040954176,0.02282258,0.096814685,0.0,-0.0022889215,0.0005887636,0.18491377,0.001407335
-0.009295155,-0.32695636,-0.018612124,-0.09577903,0.00037425695,0.0,0.0,0.0,-0.03432556,0.0,-0.011517948,0.0,-0.112840116,0.0,-0.0007462308,0.0011452292,0.20889561,0.0,0.16305314,0.0,0.0,0.048428755,0.0,0.0,0.0,0.0,0.0,0.14043729,0.0,0.00059738336,-0.009753089,0.0,-0.020123221,0.002744601,0.0,0.018926028,0.5346276,-0.040954176,0.023973953,0.08007022,0.0,-0.0017024063,0.0006897679,0.21913554,0.001407335
-0.02210531,-0.11866376,-0.399651,-0.04226782,-0.0042438754,0.0,0.0,0.0,-0.05251178,0.0,-0.0045834514,0.0,-0.06350274,0.0,-0.00041246324,0.0011452292,-0.31627443,0.0,-0.23024571,0.0,0.0,-0.052112076,0.0,0.0,0.0,0.0,0.0,-0.23463461,0.0,0.0007378072,0.0037387437,0.0,-0.014314911,0.0010527901,0.0,-0.036955625,0.464066,-0.026857154,0.07862926,-0.14144304,0.0,-0.020768283,0.00056854245,-0.11742861,-0.0044233957
-0.029430017,0.8497747,-0.19053744,0.13205644,0.0013894028,0.0,0.0,0.0,0.0149362115,0.0,-0.007687144,0.0,-0.069187135,0.0,-0.0025244548,0.011246894,-0.23913303,0.0,0.16196784,0.0,0.0,0.02918865,0.0,0.0,0.0,0.0,0.0,0.1692886,0.0,0.008358839,-0.0041200104,0.0,-0.02224917,-0.002082019,0.0,-0.028935755,0.5784837,-0.030314967,0.036680486,-0.19285123,0.0,-0.0018339818,-0.019094829,-0.16395052,0.0005919774
-0.012403122,0.49935806,-0.12813286,-0.026806317,0.0008880644,0.0,0.0,0.0,0.018264128,0.0,-0.0042897584,0.0,0.0948069,0.0,0.0054231794,0.0011452292,0.23742796,0.0,0.19976012,0.0,0.0,0.032707408,0.0,0.0,0.0,0.0,0.0,0.16372323,0.0,0.0008712949,-0.009753089,0.0,-0.024818484,-0.002082019,0.0,-0.030243225,0.6215387,-0.030314967,0.03272259,0.11393869,0.0,-0.0020425096,0.0006897679,-0.19931975,-0.0044233957
-0.015201648,-0.39362046,-0.11772179,-0.0795159,0.003986607,0.0,0.0,0.0,-0.09959133,0.0,-0.004486008,0.0,0.058865074,0.0,0.001603096,-0.0018972601,-0.13731298,0.0,0.2622271,0.0,0.0,0.039562527,0.0,0.0,0.0,0.0,0.0,-0.20588398,0.0,-0.015147548,0.0037387437,0.0,0.03349884,0.0010527901,0.0,0.14704137,-0.63519865,0.15968803,0.06643363,0.057792947,0.0,0.0015780787,0.0005887636,-0.17868964,-0.0015021125
-0.023303,-0.19763026,-0.2159295,-0.1410133,-0.0010418958,0.0,0.0,0.0,-0.08285992,0.0,0.054397523,0.0,0.03939243,0.0,-0.00041246324,-0.0015942659,-0.13563775,0.0,-0.20883562,0.0,0.0,0.03952851,0.0,0.0,0.0,0.0,0.0,-0.18945265,0.0,-0.012828371,0.0037387437,0.0,0.029008152,-0.0007986329,0.0,-0.15602632,-0.8248416,0.081996046,0.06456164,-0.11527837,0.0,0.019225778,0.0004675381,-0.17732178,0.00047790786
-0.015697336,0.8084404,-0.18759213,0.080965795,-0.0006428057,0.0,0.0,0.0,0.022735164,0.0,-0.007687144,0.0,0.10527502,0.0,0.0054231794,-0.021194363,-0.23747545,0.0,0.17981888,0.0,0.0,0.07656091,0.0,0.0,0.0,0.0,0.0,0.21051033,0.0,0.0031137276,0.0042706355,0.0,0.030029094,-0.002082019,0.0,-0.017821584,0.55223113,-0.030314967,0.02515618,0.10186074,0.0,-0.0015161962,0.0011661218,0.24612102,0.0003059106
-0.007484909,-1.5406743,0.6971811,0.04319521,-0.0011914009,0.0,0.0,0.0,-0.0998122,0.0,-0.0028311147,0.0,-0.047520783,0.0,-0.00041246324,0.0011452292,0.07888531,0.0,-0.37137142,0.0,0.0,-0.07679548,0.0,0.0,0.0,0.0,0.0,-0.23117365,0.0,-0.015147548,0.0037387437,0.0,0.012671454,0.000697852,0.0,0.072681725,-0.88208014,-0.16011286,-0.25180116,0.06937518,0.0,0.016496489,0.020414108,-0.124435745,0.00047790786
-0.02387229,0.926116,-0.27855983,0.16394517,0.0038481215,0.0,0.0,0.0,-0.08297319,0.0,-0.005054005,0.0,-0.06474443,0.0,-0.00083217025,0.012792513,-0.28842765,0.0,-0.27779746,0.0,0.0,-0.113761544,0.0,0.0,0.0,0.0,0.0,-0.3151536,0.0,0.0031137276,0.0023605714,0.0,-0.0038644723,0.0010527901,0.0,-0.016514113,0.531523,-0.026857154,0.08577341,-0.15279664,0.0,-0.007112493,0.0029948216,0.110896245,0.0005919774
-0.018064994,0.27349672,-0.30697373,0.027261993,0.0038481215,0.0,0.0,0.0,0.03651414,0.0,-0.0045834514,0.0,0.08712559,0.0,0.0017877159,0.0011452292,-0.1629198,0.0,-0.29982105,0.0,0.0,-0.10922742,0.0,0.0,0.0,0.0,0.0,-0.2786447,0.0,0.00046389567,0.0023605714,0.0,-0.018807417,0.0010527901,0.0,-0.0953991,-0.9015008,0.081996046,0.07039001,-0.15837954,0.0,-0.009991915,0.00056854245,0.23819765,0.001407335
-0.0121133085,-0.13841444,0.37130448,0.010202557,0.013439156,0.0,0.0,0.0,0.007930725,0.0,-0.0028311147,0.0,-0.062417634,0.0,-0.00041246324,0.0011452292,0.10538662,0.0,-0.20748472,0.0,0.0,0.0402438,0.0,0.0,0.0,0.0,0.0,-0.18440711,0.0,-0.015147548,-0.0036069527,0.0,-0.031282026,0.0010527901,0.0,0.14662382,-0.8304977,0.15252368,0.07722519,0.05940686,0.0,-0.005422732,0.00056854245,-0.13709407,0.001407335
-0.014805024,-0.3189365,-0.15139194,-0.19619407,-0.00010916684,0.0,0.0,0.0,0.013546481,0.0,-0.019928439,0.0,-0.09188665,0.0,-0.0007462308,-0.0018972601,-0.13476133,0.0,0.25180438,0.0,0.0,0.028990457,0.0,0.0,0.0,0.0,0.0,0.13926467,0.0,0.0008712949,0.010109393,0.0,0.04166815,0.002744601,0.0,0.14662382,-0.6848427,0.15880366,0.031910494,0.082510605,0.0,0.020388585,0.0005887636,-0.17301959,0.00047790786
-0.013286427,0.60045695,-0.2519987,0.10502402,-0.0012802833,0.0,0.0,0.0,0.024649516,0.0,0.012914714,0.0,0.090258196,0.0,-0.0025244548,8.630735e-05,-0.23121564,0.0,0.20539132,0.0,0.0,0.03508953,0.0,0.0,0.0,0.0,0.0,0.20824058,0.0,0.0007378072,-0.0041200104,0.0,-0.024095433,-0.002082019,0.0,-0.030243225,0.56266993,-0.030314967,0.032470018,0.09919866,0.0,-0.010345618,-0.004291843,-0.20378888,0.001407335
0.053335533,-0.42524025,-0.06968956,-0.027407639,0.00037425695,0.0,0.0,0.0,0.01717856,0.0,-0.0028311147,0.0,0.11112052,0.0,0.001603096,0.00082474446,0.17769353,0.0,0.17422675,0.0,0.0,0.044829186,0.0,0.0,0.0,0.0,0.0,0.16180044,0.0,0.00059738336,-0.009753089,0.0,-0.028743288,-0.002082019,0.0,-0.01817747,0.5160336,-0.030314967,0.022017697,0.06111896,0.0,-0.00093439256,0.0006897679,0.28347066,0.001407335
-0.008244025,-0.85702246,0.273324,-0.027197707,-0.0016374681,0.0,0.0,0.0,0.044933077,0.0,-0.0028311147,0.0,0.103027366,0.0,0.001603096,0.0011452292,0.18258493,0.0,0.16076438,0.0,0.0,-0.097962774,0.0,0.0,0.0,0.0,0.0,0.12941346,0.0,0.00059738336,0.010109393,0.0,0.035510115,0.002744601,0.0,0.019343577,0.4610688,-0.043107126,0.03052726,0.09277757,0.0,-0.0015202136,0.0006897679,0.23219964,0.00047790786
-0.008181498,-0.03439836,0.33585778,-0.09336309,0.0055707144,0.0,0.0,0.0,0.026636148,0.0,-0.0042897584,0.0,-0.11693029,0.0,-0.00041246324,0.0011452292,0.24889423,0.0,-0.23911208,0.0,0.0,-0.084677845,0.0,0.0,0.0,0.0,0.0,-0.26200217,0.0,-0.010383418,0.0037387437,0.0,0.032279484,-0.0007986329,0.0,-0.018002236,0.4938733,-0.029010106,0.081925385,0.07640949,0.0,0.0011095378,0.00056854245,0.17951223,0.00047790786
-0.0199715,0.88375616,0.1429885,0.214058,-0.0017629091,0.0,0.0,0.0,0.010332015,0.0,-0.0047603124,0.0,-0.10981928,0.0,-0.0025244548,0.012792513,0.16750503,0.0,0.18494046,0.0,0.0,0.04153798,0.0,0.0,0.0,0.0,0.0,0.17747943,0.0,0.0056710923,-0.0041200104,0.0,-0.022140728,0.002744601,0.0,0.017742842,0.6186307,-0.040954176,0.027365005,-0.20271018,0.0,-0.0018982007,0.003116047,0.1555065,0.0005919774
0.10723352,-0.13261126,0.0896984,-0.13749006,-0.0069268374,0.0,0.0,0.0,0.016068285,0.0,-0.0042897584,0.0,-0.13732253,0.0,-0.0007462308,0.00082474446,0.19385442,0.0,0.14394921,0.0,0.0,0.042673923,0.0,0.0,0.0,0.0,0.0,0.130396,0.0,0.00059738336,0.010109393,0.0,0.053408965,0.002744601,0.0,0.018926028,0.5437205,-0.040954176,0.0240124,-0.18483463,0.0,-0.0019029123,0.0006897679,0.19880883,0.00047790786
-0.023303,-0.2225579,-0.121995814,-0.07344528,-0.00034630485,0.0,0.0,0.0,0.016680485,0.0,-0.004486008,0.0,-0.06674715,0.0,-0.00041246324,-0.0018972601,-0.13889916,0.0,-0.21905254,0.0,0.0,0.07726705,0.0,0.0,0.0,0.0,0.0,-0.22898203,0.0,-0.015147548,0.0037387437,0.0,0.04101689,0.0010527901,0.0,0.072681725,-0.85026354,-0.16574232,-0.2660437,-0.07311282,0.0,0.0042141266,0.0004675381,-0.13667375,0.00047790786
0.053335533,-0.36378518,0.122081794,-0.0035873258,-0.016948188,0.0,0.0,0.0,0.025015261,0.0,-0.0028311147,0.0,0.080431364,0.0,0.001603096,0.00082474446,0.21322593,0.0,0.1538346,0.0,0.0,-0.08843026,0.0,0.0,0.0,0.0,0.0,0.14151144,0.0,0.00059738336,-0.009753089,0.0,-0.03204183,0.002744601,0.0,0.019343577,0.4936073,-0.043107126,0.02916672,0.06933462,0.0,-0.00093439256,0.0006897679,0.20818199,0.001407335
0.07218928,-0.26228365,0.46998376,-0.03122828,0.0035307307,0.0,0.0,0.0,0.021370023,0.0,-0.0028311147,0.0,-0.086321756,0.0,-0.0007462308,-0.00018534983,0.089325,0.0,0.21183535,0.0,0.0,-0.05237271,0.0,0.0,0.0,0.0,0.0,-0.15742655,0.0,-0.015147548,0.0037387437,0.0,0.03022242,0.0010527901,0.0,0.14662382,-0.735489,0.16379204,0.08043293,0.059798367,0.0,0.0043796673,-0.006881507,-0.10231091,0.00047790786
-0.021649282,-0.38791025,-0.18178616,-0.021559047,-0.00034630485,0.0,0.0,0.0,-0.08931732,0.0,-0.004486008,0.0,0.042379968,0.0,0.0008860773,-0.00021668678,-0.13748135,0.0,-0.24243885,0.0,0.0,-0.073025495,0.0,0.0,0.0,0.0,0.0,-0.24609299,0.0,-0.015147548,0.0037387437,0.0,0.014470387,-0.0007986329,0.0,-0.07653732,-0.88927096,-0.08801111,-0.2850313,-0.09251794,0.0,-0.0012202652,-0.004013705,-0.16363518,0.00047790786
-0.030426992,0.85554963,-0.23106006,0.17266124,-0.0017629091,0.0,0.0,0.0,-0.06665641,0.0,0.020550637,0.0,0.045545034,0.0,-0.0025244548,-0.015332067,-0.23841265,0.0,0.15238886,0.0,0.0,0.034143265,0.0,0.0,0.0,0.0,0.0,0.16078201,0.0,0.008358839,-0.0041200104,0.0,-0.014274431,-0.002082019,0.0,-0.030243225,0.5797813,-0.030314967,0.036933333,-0.2221746,0.0,-0.004573907,0.0011661218,-0.18340297,-0.0018606446
-0.01855407,-0.59293497,0.3436462,-0.054703724,0.0024119657,0.0,0.0,0.0,0.0348108,0.0,-0.0028311147,0.0,0.057749704,0.0,0.001603096,0.0011452292,0.088078335,0.0,0.19341806,0.0,0.0,-0.04351118,0.0,0.0,0.0,0.0,0.0,0.07214249,0.0,0.0008712949,0.010109393,0.0,0.035510115,0.002744601,0.0,0.14704137,-0.73998624,0.16290767,0.03932604,-0.24008195,0.0,0.006968894,0.0006897679,-0.17860067,0.00047790786
-0.025971137,-0.44574887,-0.102909766,-0.12752159,-0.0012292701,0.0,0.0,0.0,-0.0725717,0.0,0.054397523,0.0,0.04754253,0.0,-0.0007462308,8.630735e-05,-0.28185436,0.0,0.14548962,0.0,0.0,-0.037893314,0.0,0.0,0.0,0.0,0.0,0.12671578,0.0,0.0007378072,-0.009753089,0.0,-0.012523114,-0.002082019,0.0,-0.036826875,0.46370986,-0.030314967,0.035723723,-0.2085851,0.0,-0.0070583816,-0.004291843,-0.16919121,0.001407335
-0.013063697,0.45392114,-0.3210895,0.01206073,-0.0037612498,0.0,0.0,0.0,0.019052375,0.0,-0.0045834514,0.0,-0.092073604,0.0,-0.00083217025,0.00013513495,-0.27224296,0.0,-0.3538854,0.0,0.0,-0.045798384,0.0,0.0,0.0,0.0,0.0,-0.36284524,0.0,0.0007378072,0.0023605714,0.0,-0.019287568,0.0010527901,0.0,-0.028935755,0.53419626,-0.026857154,0.08037615,0.06714788,0.0,-0.01593553,-0.0066033686,-0.111918576,0.001407335
0.05032957,-0.20723447,0.0292525,-0.056572445,-0.0041601597,0.0,0.0,0.0,0.016068285,0.0,-0.0037580256,0.0,-0.14445937,0.0,-0.0007462308,0.00082474446,0.19890383,0.0,0.16087706,0.0,0.0,0.04291126,0.0,0.0,0.0,0.0,0.0,0.15968437,0.0,0.00059738336,0.010109393,0.0,0.053408965,0.002744601,0.0,0.018926028,0.5390507,-0.040954176,0.023914117,0.06369472,0.0,-0.00093439256,0.0006897679,0.20558093,0.00047790786
-0.012672872,-0.2979798,0.0025641057,-0.16805784,0.0025898977,0.0,0.0,0.0,0.02173459,0.0,-0.010513625,0.0,0.073677346,0.0,0.001603096,0.00013513495,0.214709,0.0,0.15597863,0.0,0.0,0.028517248,0.0,0.0,0.0,0.0,0.0,0.14577757,0.0,0.0008712949,0.010109393,0.0,0.042401567,-0.002082019,0.0,-0.036826875,0.55929136,-0.030314967,0.032265022,0.08984456,0.0,-0.006494184,-0.006881507,-0.23364258,0.00047790786
-0.021778181,-0.46022335,-0.3873956,-0.07546691,-0.000549158,0.0,0.0,0.0,-0.073482476,0.0,-0.019792344,0.0,-0.06154816,0.0,-0.00041246324,0.0011452292,-0.13666384,0.0,-0.23347002,0.0,0.0,-0.06740921,0.0,0.0,0.0,0.0,0.0,-0.2546621,0.0,0.0007378072,0.0037387437,0.0,-0.010373532,0.0010527901,0.0,-0.07666607,-0.908071,-0.08801111,-0.28074378,-0.09371479,0.0,-0.025219956,0.00056854245,-0.119209126,-0.0044233957
-0.012525445,-0.015324194,-0.1789936,-0.048921283,-0.0037612498,0.0,0.0,0.0,0.010740418,0.0,-0.0047195475,0.0,-0.10219095,0.0,-0.0007462308,-0.0018972601,-0.12980609,0.0,0.25064108,0.0,0.0,-0.028752698,0.0,0.0,0.0,0.0,0.0,-0.23109354,0.0,-0.015147548,-0.0036069527,0.0,-0.02685065,0.0010527901,0.0,0.14662382,-0.6635295,0.15968803,0.062484328,0.074310444,0.0,-0.0037075796,0.0005887636,-0.12642665,0.001407335
-0.016206173,-0.26946536,-0.41595805,-0.103141636,-0.0011967476,0.0,0.0,0.0,-0.050467588,0.0,-0.019792344,0.0,-0.06128885,0.0,-0.00041246324,0.0011452292,-0.14377964,0.0,-0.23601699,0.0,0.0,-0.047737893,0.0,0.0,0.0,0.0,0.0,-0.23439826,0.0,0.0007378072,0.0037387437,0.0,-0.014314911,0.0010527901,0.0,-0.15615508,-0.83716935,0.081996046,0.07830102,0.050884593,0.0,-0.022421611,0.00056854245,-0.10874768,-0.0044233957
-0.008244025,-0.6074655,0.22119428,-0.032519337,0.00038571784,0.0,0.0,0.0,0.04011929,0.0,-0.0028311147,0.0,-0.14750615,0.0,-0.0007462308,0.0011452292,0.10000477,0.0,0.22376539,0.0,0.0,-0.08018344,0.0,0.0,0.0,0.0,0.0,0.12603793,0.0,0.00059738336,0.010109393,0.0,0.04857458,0.002744601,0.0,0.08740686,-0.74157196,0.16290767,0.02916672,0.08306039,0.0,-0.0015202136,0.0006897679,0.18411627,0.00047790786
-0.0082126735,0.30961663,0.04131092,-0.015245633,-0.0006428057,0.0,0.0,0.0,0.02803364,0.0,-0.0042897584,0.0,0.13127643,0.0,0.0054231794,0.0011452292,0.23161457,0.0,0.20560247,0.0,0.0,0.06490719,0.0,0.0,0.0,0.0,0.0,0.15735136,0.0,0.00059738336,0.010109393,0.0,0.026237693,-0.002082019,0.0,-0.01897631,0.5985819,-0.030314967,0.0239635,0.1162258,0.0,-0.0021067285,0.0006897679,0.25106427,0.00047790786
-0.023871934,-0.2914915,-0.17711452,-0.18626238,0.0013216623,0.0,0.0,0.0,0.01431612,0.0,-0.019928439,0.0,-0.07596074,0.0,-0.0007462308,-0.0018972601,-0.13777691,0.0,0.21874104,0.0,0.0,0.020413738,0.0,0.0,0.0,0.0,0.0,-0.1766359,0.0,-0.012828371,-0.0036069527,0.0,-0.030849716,-0.0007986329,0.0,-0.15585108,-0.79025584,0.09326443,0.0537334,-0.15559624,0.0,0.018949352,0.0005887636,-0.15728989,0.001407335
0.04681341,0.6003539,0.5136559,-0.021870207,-0.006824146,0.0,0.0,0.0,0.040111575,0.0,-0.0042897584,0.0,0.09488146,0.0,0.0054231794,0.00082474446,0.17675453,0.0,0.20130664,0.0,0.0,-0.11174873,0.0,0.0,0.0,0.0,0.0,0.13640864,0.0,0.00059738336,0.010109393,0.0,0.035676297,0.002744601,0.0,0.020858275,0.54199934,-0.03964842,0.027895447,0.10403867,0.0,-0.0015209079,0.0006897679,0.13754416,0.00047790786
-0.015330552,-0.50176823,-0.40249422,-0.13074352,-0.0039018083,0.0,0.0,0.0,-0.047830798,0.0,-0.019792344,0.0,-0.054749172,0.0,-0.00041246324,0.00013513495,-0.13794528,0.0,-0.23581396,0.0,0.0,-0.03435265,0.0,0.0,0.0,0.0,0.0,-0.2338374,0.0,0.0007378072,0.0037387437,0.0,-0.013717263,0.0010527901,0.0,-0.15585108,-0.82463336,0.081996046,0.07830102,0.036801927,0.0,-0.022421611,-0.0066033686,-0.09880954,0.001407335
-0.009758579,-0.15294062,-0.1928124,-0.009772963,-0.0009003488,0.0,0.0,0.0,-0.09383196,0.0,0.012914714,0.0,0.11183534,0.0,-0.0007462308,-0.0015942659,-0.28981456,0.0,0.17437443,0.0,0.0,0.08681591,0.0,0.0,0.0,0.0,0.0,0.19196828,0.0,0.00046389567,-0.009753089,0.0,-0.021901429,-0.002082019,0.0,-0.019613694,0.45052072,-0.030314967,0.02209337,0.11019784,0.0,-0.010592029,0.0005887636,0.2947988,0.001407335
-0.008656769,0.5691119,0.17917387,-0.01947049,-0.022093141,0.0,0.0,0.0,0.012597819,0.0,-0.0042897584,0.0,-0.1549841,0.0,-0.0025244548,0.0011452292,0.22149245,0.0,0.21807975,0.0,0.0,0.047741253,0.0,0.0,0.0,0.0,0.0,-0.26369107,0.0,-0.010383418,-0.0036069527,0.0,-0.033679582,0.0010527901,0.0,0.017742842,0.58716035,-0.041078124,0.057055917,0.08111641,0.0,0.0011095378,0.0006897679,0.15076865,0.001407335
-0.016141431,0.80270886,-0.1602226,0.020289302,-0.0037612498,0.0,0.0,0.0,0.011410066,0.0,-0.007687144,0.0,-0.113979705,0.0,-0.00083217025,-0.021194363,-0.2558594,0.0,-0.29677832,0.0,0.0,0.06642853,0.0,0.0,0.0,0.0,0.0,-0.36548963,0.0,-0.05410554,-0.0022773212,0.0,-0.022729322,-0.0007986329,0.0,-0.016514113,0.5320021,-0.026857154,0.069328524,0.06861411,0.0,0.0017000702,0.0010448964,0.23086403,0.0005919774
-0.01225299,-0.025060035,0.021945214,-0.12129215,-0.006824146,0.0,0.0,0.0,0.02173459,0.0,-0.0042897584,0.0,0.088995144,0.0,0.001603096,0.00013513495,0.084084,0.0,0.26220813,0.0,0.0,0.027745808,0.0,0.0,0.0,0.0,0.0,0.116596505,0.0,0.0008712949,0.010109393,0.0,0.05546603,-0.002082019,0.0,-0.15602632,-1.0363744,0.09238007,0.032303467,0.10757788,0.0,-0.0020425096,-0.006881507,-0.23213905,0.00047790786
-0.011799886,-1.3474549,-0.22918895,-0.04325574,0.003349129,0.0,0.0,0.0,-0.056116834,0.0,-0.004486008,0.0,0.04666008,0.0,0.0008860773,-0.00021668678,-0.099916,0.0,-0.41465902,0.0,0.0,0.074337326,0.0,0.0,0.0,0.0,0.0,-0.30562437,0.0,-0.015147548,-0.0036069527,0.0,-0.01614982,-0.0007986329,0.0,-0.07653732,-0.91414136,-0.09310598,-0.24422544,0.05851741,0.0,-0.009587927,-0.04927841,-0.27088398,0.001407335
-0.013653941,-0.2012973,-0.119844265,-0.028942425,0.00051153684,0.0,0.0,0.0,0.010848434,0.0,-0.0047195475,0.0,-0.1217756,0.0,-0.0007462308,-0.0018972601,-0.29789048,0.0,0.1501839,0.0,0.0,-0.041969553,0.0,0.0,0.0,0.0,0.0,0.15910785,0.0,0.0007378072,-0.009753089,0.0,-0.031297382,-0.002082019,0.0,-0.036955625,0.46311426,-0.030314967,0.036051966,0.09474267,0.0,-0.0020425096,0.0005887636,-0.18566948,-0.0044233957
-0.012065838,-0.52519304,0.26513544,-0.023999136,-6.4385706e-05,0.0,0.0,0.0,-0.1139186,0.0,-0.0028311147,0.0,0.056523956,0.0,0.001603096,0.00013513495,0.09423941,0.0,0.21826261,0.0,0.0,-0.066070646,0.0,0.0,0.0,0.0,0.0,-0.18743628,0.0,-0.015147548,0.0037387437,0.0,0.028919524,-0.0007986329,0.0,-0.15602632,-0.84288865,0.09736846,0.07068117,0.07300439,0.0,0.0015780787,-0.006881507,-0.16891824,0.00047790786
-0.018786147,-0.41550854,0.7408766,0.14716867,0.0028580325,0.0,0.0,0.0,0.028807733,0.0,-0.0028311147,0.0,0.02205254,0.0,0.0008860773,0.0011452292,0.09748374,0.0,-0.1926491,0.0,0.0,-0.06181882,0.0,0.0,0.0,0.0,0.0,-0.15195106,0.0,-0.015147548,0.0037387437,0.0,0.037968814,0.000697852,0.0,0.07309928,-0.81912947,-0.155018,-0.23721258,-0.12794958,0.0,0.0054002125,0.00056854245,-0.09092898,0.00047790786
-0.021686507,0.07645563,-0.408932,-0.03325001,-0.0042438754,0.0,0.0,0.0,0.017643085,0.0,-0.0045834514,0.0,-0.081817724,0.0,-0.00083217025,0.0011452292,-0.14650379,0.0,-0.24528858,0.0,0.0,-0.041956577,0.0,0.0,0.0,0.0,0.0,-0.19336347,0.0,0.0007378072,0.0037387437,0.0,-0.028284147,0.0010527901,0.0,-0.15330334,-0.88009626,0.081996046,0.07862926,-0.13271864,0.0,-0.02058609,0.00056854245,-0.124396265,-0.0044233957
-0.015326486,-0.59691936,-0.18176763,-0.059077594,0.0044367104,0.0,0.0,0.0,-0.08900398,0.0,-0.004486008,0.0,-0.0719852,0.0,-0.00041246324,-0.00021668678,-0.12876777,0.0,-0.23535891,0.0,0.0,0.041210137,0.0,0.0,0.0,0.0,0.0,0.1322826,0.0,0.0008712949,0.010109393,0.0,0.031439926,0.002744601,0.0,0.14662382,-0.7226482,0.14753526,0.042738743,0.053969253,0.0,-0.0016381877,-0.004013705,-0.14993364,0.00047790786
0.04681341,0.4438935,0.43682826,-0.007880141,-0.006824146,0.0,0.0,0.0,0.02803364,0.0,-0.0042897584,0.0,0.13144112,0.0,0.0054231794,0.00082474446,0.2284706,0.0,0.18657951,0.0,0.0,0.0737109,0.0,0.0,0.0,0.0,0.0,0.14034076,0.0,0.00059738336,0.010109393,0.0,0.053368352,0.002744601,0.0,0.020858275,0.5607051,-0.043107126,0.025687225,0.11834002,0.0,-0.0015209079,0.0006897679,0.19645293,0.00047790786
-0.020780124,-0.81017905,-0.28891197,-0.13635164,0.0001476258,0.0,0.0,0.0,-0.06993492,0.0,-0.019792344,0.0,0.03622907,0.0,0.0008860773,0.00013513495,-0.13794528,0.0,-0.34179038,0.0,0.0,-0.057019304,0.0,0.0,0.0,0.0,0.0,-0.2954933,0.0,0.0007378072,0.0037387437,0.0,-0.013717263,0.0010527901,0.0,-0.07653732,-0.9123302,-0.09310598,-0.2953324,-0.12789737,0.0,-0.014561566,-0.0066033686,-0.15190676,0.001407335
-0.021686507,0.09320652,-0.4064512,-0.033362843,-0.0042438754,0.0,0.0,0.0,-0.058358006,0.0,-0.0045834514,0.0,-0.06350274,0.0,-0.00083217025,0.0011452292,-0.3768193,0.0,-0.31135,0.0,0.0,-0.052112076,0.0,0.0,0.0,0.0,0.0,-0.26712108,0.0,0.0007378072,0.0037387437,0.0,-0.013350454,0.0010527901,0.0,-0.028935755,0.4803466,-0.026857154,0.08037615,-0.13947457,0.0,-0.020768283,0.00056854245,-0.09408901,-0.0044233957
-0.025350917,-0.19306573,-0.12316193,-0.015589507,-0.00059179263,0.0,0.0,0.0,-0.05941772,0.0,-0.004486008,0.0,-0.054749534,0.0,-0.00041246324,-0.0018972601,-0.14158157,0.0,-0.20689163,0.0,0.0,-0.04934183,0.0,0.0,0.0,0.0,0.0,0.10814973,0.0,0.0008712949,0.010109393,0.0,0.01394993,-0.002082019,0.0,-0.15585108,-0.86232126,0.081111684,0.053384252,-0.16054085,0.0,-0.0020201919,0.0004675381,-0.120697245,-0.0015021125
-0.029430017,0.8647624,-0.19053696,0.13205644,0.0013894028,0.0,0.0,0.0,0.0149362115,0.0,-0.007687144,0.0,-0.069187135,0.0,-0.0025244548,-0.021194363,-0.23913303,0.0,0.16216417,0.0,0.0,0.02918865,0.0,0.0,0.0,0.0,0.0,0.1692886,0.0,0.008358839,-0.0041200104,0.0,-0.022800665,-0.002082019,0.0,-0.028935755,0.5784837,-0.030314967,0.036680486,-0.19285123,0.0,-0.0018339818,0.0011661218,-0.16395052,-0.0018606446
-0.016206173,-0.21993582,-0.42828906,-0.1508838,-0.0011967476,0.0,0.0,0.0,-0.050467588,0.0,-0.019792344,0.0,-0.06128885,0.0,-0.00041246324,0.00013513495,-0.15206873,0.0,-0.26460457,0.0,0.0,-0.06827693,0.0,0.0,0.0,0.0,0.0,-0.2910678,0.0,0.0007378072,0.0037387437,0.0,-0.012523114,0.0010527901,0.0,-0.07666607,-0.93248624,-0.08801111,-0.28074378,0.05138564,0.0,-0.022421611,-0.0066033686,-0.13091116,0.001407335
-0.008244025,-0.43350935,0.36723796,-0.02207362,0.00038571784,0.0,0.0,0.0,0.03395135,0.0,-0.0028311147,0.0,0.103027366,0.0,0.001603096,0.0011452292,0.10508215,0.0,0.23888974,0.0,0.0,-0.0972972,0.0,0.0,0.0,0.0,0.0,0.11486139,0.0,0.00059738336,0.010109393,0.0,0.04857458,0.002744601,0.0,0.08782441,-0.7730741,0.16290767,0.03052726,0.09980634,0.0,-0.0015202136,0.0006897679,0.22176182,0.00047790786
-0.02210531,0.0008395198,-0.35027692,-0.013804897,0.0038481215,0.0,0.0,0.0,-0.05251178,0.0,-0.0045834514,0.0,-0.06350274,0.0,-0.00041246324,0.0011452292,-0.13139227,0.0,-0.24504153,0.0,0.0,-0.06740921,0.0,0.0,0.0,0.0,0.0,-0.2469416,0.0,0.0007378072,0.0037387437,0.0,-0.013834762,0.0010527901,0.0,-0.07666607,-0.93868315,-0.08801111,-0.3088877,-0.13206747,0.0,-0.020768283,0.00056854245,-0.13929245,-0.0044233957
-0.013342175,-0.54902595,0.6926934,-0.0400108,-6.4385706e-05,0.0,0.0,0.0,0.04049124,0.0,-0.0028311147,0.0,0.026421705,0.0,0.0008860773,0.00013513495,0.09748374,0.0,-0.19911894,0.0,0.0,-0.057778526,0.0,0.0,0.0,0.0,0.0,-0.13520193,0.0,-0.015147548,0.0037387437,0.0,0.051033277,0.000697852,0.0,0.14704137,-0.6741468,0.12991984,0.07109147,0.062185626,0.0,0.0009785228,-0.0066033686,-0.08810897,0.00047790786
-0.019733233,-0.8050637,-0.0038897712,-0.08153924,0.011825625,0.0,0.0,0.0,0.024721537,0.0,-0.0028311147,0.0,0.06022633,0.0,0.001603096,0.0011452292,0.17407621,0.0,0.13951372,0.0,0.0,0.021724617,0.0,0.0,0.0,0.0,0.0,0.10425852,0.0,0.0008712949,-0.009753089,0.0,-0.035457585,0.002744601,0.0,0.041109182,0.50642306,-0.040954176,0.03378062,-0.17733991,0.0,-0.001837999,0.0006897679,-0.22750148,-0.0044233957
-0.022777371,0.49111086,-0.10886187,-0.007901175,-0.0017629091,0.0,0.0,0.0,-0.061129563,0.0,-0.0047195475,0.0,0.0577473,0.0,0.0017877159,-0.0018972601,-0.23833011,0.0,-0.3513815,0.0,0.0,0.04768012,0.0,0.0,0.0,0.0,0.0,0.14082938,0.0,0.0007378072,-0.0079009235,0.0,-0.014935392,-0.002082019,0.0,-0.030243225,0.561436,-0.026733205,0.043298267,-0.23274042,0.0,-0.0026067072,0.0004675381,-0.18122078,-0.0044233957
-0.010188961,-0.80698985,0.5005754,0.14671454,-0.0016374681,0.0,0.0,0.0,0.02868105,0.0,-0.0028311147,0.0,0.044251345,0.0,0.001603096,0.0011452292,0.088078335,0.0,0.25060922,0.0,0.0,-0.066160515,0.0,0.0,0.0,0.0,0.0,0.1829842,0.0,0.0008712949,0.010109393,0.0,0.037968814,0.002744601,0.0,0.07309928,-0.9321147,-0.18081579,-0.11671426,0.11290739,0.0,0.005653361,0.0006897679,-0.16799474,0.00047790786
-0.016377619,-0.30447137,-0.17462465,0.026823772,-0.0043478757,0.0,0.0,0.0,-0.033401236,0.0,-0.004486008,0.0,-0.059770096,0.0,-0.00041246324,-0.00021668678,-0.14158157,0.0,-0.2685159,0.0,0.0,-0.054165795,0.0,0.0,0.0,0.0,0.0,0.16503659,0.0,0.0008712949,-0.009753089,0.0,-0.008198415,0.002744601,0.0,0.072681725,-0.8891591,-0.16561836,-0.22019833,0.059240233,0.0,-0.0016381877,-0.004013705,-0.11862553,0.001407335
-0.012366185,-0.53067243,-0.08633561,-0.06724095,-0.0043478757,0.0,0.0,0.0,0.024721537,0.0,-0.0028311147,0.0,0.059072714,0.0,0.0008860773,0.00013513495,0.08881694,0.0,-0.25562266,0.0,0.0,0.023815388,0.0,0.0,0.0,0.0,0.0,0.11312279,0.0,0.0008712949,-0.009753089,0.0,-0.021298492,-0.002082019,0.0,-0.15602632,-1.0205417,0.081111684,0.043093268,0.054231178,0.0,-0.0014559947,-0.0066033686,-0.22682312,0.001407335
-0.02269354,-0.4466912,-0.09175572,-0.058717687,-0.0007923718,0.0,0.0,0.0,0.027279,0.0,-0.004486008,0.0,0.052911386,0.0,0.0008860773,-0.0018972601,-0.13446577,0.0,-0.25284684,0.0,0.0,-0.060912307,0.0,0.0,0.0,0.0,0.0,0.14927281,0.0,0.0008712949,0.010109393,0.0,0.020794503,0.002744601,0.0,0.07309928,-0.88399583,-0.16561836,-0.22498697,-0.13712509,0.0,-0.001837999,0.0004675381,-0.17630449,-0.0015021125
-0.02082113,-0.55112576,-0.12601148,-0.07307231,0.0001476258,0.0,0.0,0.0,-0.08755153,0.0,-0.004486008,0.0,0.042379968,0.0,0.0008860773,-0.0018972601,-0.28156573,0.0,-0.2455457,0.0,0.0,-0.042406805,0.0,0.0,0.0,0.0,0.0,-0.23532788,0.0,-0.015147548,-0.0036069527,0.0,-0.010582176,-0.0007986329,0.0,-0.036826875,0.4414419,-0.026857154,0.07830102,-0.079760835,0.0,0.0044905534,0.0004675381,-0.13664322,0.001407335
-0.016206173,-0.30274823,-0.40694243,-0.1306736,-0.0011967476,0.0,0.0,0.0,0.015191946,0.0,-0.019792344,0.0,-0.079211846,0.0,-0.00041246324,0.0011452292,-0.14377964,0.0,-0.23601699,0.0,0.0,-0.0428243,0.0,0.0,0.0,0.0,0.0,-0.23470141,0.0,0.0007378072,0.0037387437,0.0,-0.031777535,0.0010527901,0.0,-0.15615508,-0.83716935,0.081996046,0.07830102,0.050884593,0.0,-0.022239419,0.00056854245,-0.10429884,-0.0044233957
-0.023825327,-0.3114933,-0.3795543,-0.097462244,-0.000549158,0.0,0.0,0.0,-0.050116986,0.0,-0.019792344,0.0,-0.06154816,0.0,-0.00041246324,0.0011452292,-0.14377964,0.0,-0.20382985,0.0,0.0,-0.046870176,0.0,0.0,0.0,0.0,0.0,-0.20012012,0.0,0.0007378072,0.0037387437,0.0,-0.012523114,0.0010527901,0.0,-0.15615508,-0.8357535,0.081996046,0.07830102,-0.084762886,0.0,0.09694161,0.00056854245,-0.08742886,0.001407335
-0.008919853,0.49781433,-0.1414832,-0.015488129,-0.003123772,0.0,0.0,0.0,0.01833942,0.0,-0.0047195475,0.0,-0.1549841,0.0,-0.0025244548,-0.0018972601,-0.2584933,0.0,0.2009791,0.0,0.0,0.072665,0.0,0.0,0.0,0.0,0.0,-0.3342215,0.0,-0.010383418,0.0037387437,0.0,0.03159886,0.0010527901,0.0,0.017742842,0.5090715,-0.041078124,0.04616108,0.07228489,0.0,0.0011095378,0.0005887636,0.1805138,0.00047790786
0.11023948,0.024539575,0.13115045,-0.12515539,0.015910938,0.0,0.0,0.0,0.029802006,0.0,-0.0042897584,0.0,0.091504455,0.0,0.0054231794,0.00082474446,0.21524155,0.0,0.17537518,0.0,0.0,-0.068029396,0.0,0.0,0.0,0.0,0.0,0.1074754,0.0,0.00059738336,-0.009753089,0.0,-0.018916449,0.002744601,0.0,0.019343577,0.5516197,-0.040954176,0.029341223,-0.21040325,0.0,-0.0019029123,0.0006897679,0.19015716,0.001407335
-0.02210531,0.041328657,-0.37911662,-0.044992868,-0.0042438754,0.0,0.0,0.0,-0.058358006,0.0,-0.0045834514,0.0,-0.06350274,0.0,-0.00083217025,0.0011452292,-0.13420981,0.0,-0.27492878,0.0,0.0,-0.06740921,0.0,0.0,0.0,0.0,0.0,-0.25003305,0.0,0.0007378072,0.0037387437,0.0,-0.013350454,0.0010527901,0.0,-0.07666607,-0.9472355,-0.08801111,-0.3088877,-0.13271864,0.0,-0.020768283,0.00056854245,-0.1350932,-0.0044233957
-0.029430017,0.8749118,-0.17202166,0.11459984,0.0013894028,0.0,0.0,0.0,-0.032176327,0.0,-0.007687144,0.0,-0.0519398,0.0,-0.00083217025,-0.021194363,-0.2455271,0.0,-0.2848613,0.0,0.0,0.04003935,0.0,0.0,0.0,0.0,0.0,0.16889799,0.0,0.008358839,-0.0041200104,0.0,-0.013794281,-0.002082019,0.0,-0.028935755,0.581008,-0.026733205,0.05751434,-0.18765116,0.0,-0.0020161748,0.0010448964,-0.15245925,-0.0018606446
-0.010830529,0.6497357,0.31988072,-0.015111558,0.005501175,0.0,0.0,0.0,-0.07916454,0.0,-0.0042897584,0.0,0.08264302,0.0,0.0054231794,0.0011452292,0.16048314,0.0,0.20041212,0.0,0.0,0.05766121,0.0,0.0,0.0,0.0,0.0,0.15094477,0.0,0.0008712949,0.010109393,0.0,0.018568335,0.002744601,0.0,0.035995018,0.5651243,-0.043107126,0.034481842,0.11514738,0.0,0.00764494,0.0006897679,-0.16089003,0.00047790786
0.0873255,-0.53106505,-0.20215641,-0.07940775,-0.004841806,0.0,0.0,0.0,0.028249035,0.0,0.012503779,0.0,0.06705537,0.0,-0.0007462308,-0.0010614597,-0.1141529,0.0,0.26561907,0.0,0.0,-0.051912315,0.0,0.0,0.0,0.0,0.0,0.17991586,0.0,0.0007378072,0.010109393,0.0,0.037745886,0.002744601,0.0,0.07309928,-0.8575854,-0.19072218,-0.17027381,0.052450355,0.0,0.0017812458,0.0005887636,-0.19063365,0.00047790786
-0.02210531,-0.047580186,-0.42476353,-0.03966108,-0.001833078,0.0,0.0,0.0,0.015824536,0.0,-0.0045834514,0.0,-0.081817724,0.0,-0.00041246324,0.0011452292,-0.13139227,0.0,-0.23155628,0.0,0.0,-0.062495623,0.0,0.0,0.0,0.0,0.0,-0.26784596,0.0,0.0007378072,0.0037387437,0.0,-0.031777535,0.0010527901,0.0,-0.07666607,-0.92967284,-0.08801111,-0.3088877,-0.13715202,0.0,-0.02058609,0.00056854245,-0.15482597,-0.0044233957
-0.020882335,-0.4558775,-0.31034583,-0.12464535,-0.0016793734,0.0,0.0,0.0,-0.07929026,0.0,-0.019792344,0.0,-0.10486715,0.0,-0.00041246324,0.0011452292,-0.3291763,0.0,-0.2612883,0.0,0.0,-0.11962918,0.0,0.0,0.0,0.0,0.0,-0.2881301,0.0,0.00046389567,0.0037387437,0.0,-0.012523114,0.0010527901,0.0,-0.018306224,0.42597547,-0.026857154,0.06967126,-0.123431295,0.0,-0.025284177,0.00056854245,0.10276527,0.001407335
-0.0181116,0.12073201,-0.12010861,-0.03598394,0.0038481215,0.0,0.0,0.0,0.013675868,0.0,-0.0047195475,0.0,-0.13863762,0.0,-0.0025244548,-0.0018972601,-0.36306968,0.0,0.16871554,0.0,0.0,0.06389514,0.0,0.0,0.0,0.0,0.0,-0.26148075,0.0,-0.008064239,-0.0036069527,0.0,-0.030820062,-0.0007986329,0.0,-0.01766884,0.45947656,-0.030438917,0.04543188,-0.18286756,0.0,-0.0016888061,0.0005887636,0.21054773,0.001407335
0.13434902,-0.2956341,-0.40830767,-0.09230283,0.0001476258,0.0,0.0,0.0,0.015191946,0.0,-0.019792344,0.0,-0.07450958,0.0,-0.00041246324,-0.00018534983,-0.12831438,0.0,-0.233267,0.0,0.0,-0.062495623,0.0,0.0,0.0,0.0,0.0,-0.25745213,0.0,0.0007378072,0.0037387437,0.0,-0.025095977,0.0010527901,0.0,-0.07666607,-0.9151868,-0.08801111,-0.28074378,-0.056647427,0.0,-0.022418369,-0.0066033686,-0.11386617,0.001407335
-0.015373958,-0.26101857,-0.13590005,-0.14791143,-0.00074664445,0.0,0.0,0.0,0.016010823,0.0,-0.012168519,0.0,0.06390255,0.0,0.0008860773,-0.0018972601,-0.32409093,0.0,-0.26572397,0.0,0.0,0.0305776,0.0,0.0,0.0,0.0,0.0,0.16838431,0.0,0.0007378072,-0.009753089,0.0,-0.031329866,-0.002082019,0.0,-0.036826875,0.47849047,-0.026733205,0.041223142,0.076701164,0.0,0.020388585,0.0004675381,-0.2278502,0.001407335
-0.014373497,-0.5017392,-0.22904238,-0.037992384,-0.0039018083,0.0,0.0,0.0,0.014406641,0.0,-0.004486008,0.0,-0.0714494,0.0,-0.00041246324,-0.0018972601,-0.13178335,0.0,-0.23136044,0.0,0.0,0.025699867,0.0,0.0,0.0,0.0,0.0,-0.22238271,0.0,-0.015147548,-0.0036069527,0.0,-0.032644883,0.0010527901,0.0,0.14662382,-0.6772804,0.14841963,0.06607725,0.031648085,0.0,-0.005422732,0.0004675381,-0.13255179,0.001407335
-0.009295155,-0.37152869,0.3340022,-0.058190517,-0.012402311,0.0,0.0,0.0,-0.07077618,0.0,-0.0028311147,0.0,-0.11411561,0.0,-0.00041246324,0.0011452292,0.10832648,0.0,-0.23828988,0.0,0.0,-0.094295576,0.0,0.0,0.0,0.0,0.0,0.117352895,0.0,0.00059738336,-0.009753089,0.0,-0.01885131,0.002744601,0.0,0.08740686,-0.81481886,0.15163931,0.04793451,0.07595722,0.0,-0.0017024063,0.00056854245,0.13126945,0.001407335
-0.013241807,-0.4090702,0.1655296,-0.021530742,-0.016948188,0.0,0.0,0.0,0.015001008,0.0,-0.0028311147,0.0,0.050077375,0.0,0.0008860773,0.00013513495,0.2090827,0.0,-0.23314688,0.0,0.0,-0.0500313,0.0,0.0,0.0,0.0,0.0,0.116739616,0.0,0.0008712949,-0.009753089,0.0,-0.03355966,0.002744601,0.0,0.041109182,0.4844517,-0.039525364,0.056733295,0.07378658,0.0,-0.0014559947,-0.0066033686,-0.17210582,0.001407335
-0.019887783,0.9070712,-0.21279043,0.08989476,0.0008880644,0.0,0.0,0.0,0.0149362115,0.0,-0.007687144,0.0,-0.09044561,0.0,-0.0025244548,-0.021194363,-0.23913303,0.0,0.1657717,0.0,0.0,0.028037356,0.0,0.0,0.0,0.0,0.0,0.19502777,0.0,0.008358839,-0.0041200104,0.0,-0.022800665,-0.002082019,0.0,-0.028935755,0.57225776,-0.030314967,0.036680486,0.08520971,0.0,-0.0014519775,0.0011661218,-0.1696225,-0.0018606446
-0.012541366,0.1977911,-0.1353397,-0.02278093,0.0028528525,0.0,0.0,0.0,-0.05443584,0.0,-0.0047195475,0.0,-0.1000886,0.0,-0.0025244548,-0.00021668678,-0.36472723,0.0,0.1787615,0.0,0.0,0.05074198,0.0,0.0,0.0,0.0,0.0,-0.30681998,0.0,-0.015147548,0.0037387437,0.0,0.027212339,0.0010527901,0.0,0.032879587,0.44872984,-0.041078124,0.05732413,0.07410421,0.0,0.0009915637,-0.004291843,-0.14913549,0.00047790786
-0.008726221,-0.6122198,0.35295504,-0.022816302,-0.0016374681,0.0,0.0,0.0,0.03952377,0.0,-0.0028311147,0.0,0.08173004,0.0,0.001603096,0.0011452292,0.20200741,0.0,0.15257673,0.0,0.0,-0.107972614,0.0,0.0,0.0,0.0,0.0,0.12323407,0.0,0.00059738336,0.010109393,0.0,0.034738183,0.002744601,0.0,0.019343577,0.44753298,-0.03964842,0.027406657,0.09240856,0.0,-0.002301962,0.0006897679,0.2046803,0.00047790786
-0.013653941,-0.027939621,-0.13314672,-0.006413808,0.0008880644,0.0,0.0,0.0,0.018264128,0.0,-0.0047195475,0.0,0.08848665,0.0,0.0017877159,-0.0018972601,-0.30993342,0.0,-0.30224115,0.0,0.0,0.04271168,0.0,0.0,0.0,0.0,0.0,0.1484001,0.0,0.0007378072,-0.009753089,0.0,-0.03261186,-0.002082019,0.0,-0.038263097,0.48514482,-0.026733205,0.041551385,0.093952306,0.0,-0.0020425096,0.0004675381,-0.22567098,-0.0044233957
0.04725766,-0.5951318,0.13968937,-0.03114115,-0.0016374681,0.0,0.0,0.0,0.03395135,0.0,-0.0028311147,0.0,0.10316287,0.0,0.001603096,0.00082474446,0.19201563,0.0,0.15641584,0.0,0.0,-0.097962774,0.0,0.0,0.0,0.0,0.0,0.14484514,0.0,0.00059738336,0.010109393,0.0,0.034875542,-0.002082019,0.0,-0.01817747,0.4750133,-0.032467924,0.028828025,0.064656585,0.0,-0.00093439256,0.0006897679,0.22989754,0.00047790786
-0.017072778,0.04058975,-0.6508313,-0.03239045,-0.0042438754,0.0,0.0,0.0,0.025410624,0.0,-0.0045834514,0.0,-0.1588014,0.0,-0.00083217025,0.0011452292,-0.40203196,0.0,-0.33284152,0.0,0.0,-0.10866033,0.0,0.0,0.0,0.0,0.0,-0.29193658,0.0,0.00046389567,0.0032900295,0.0,-0.02649235,0.0010527901,0.0,-0.016514113,0.45734894,-0.026857154,0.06779967,-0.1580559,0.0,-0.020650309,0.0005507715,0.14025983,0.001407335
-0.011669214,-0.27463344,0.013561925,-0.019596146,0.0025898977,0.0,0.0,0.0,-0.061111312,0.0,-0.002185993,0.0,-0.07963523,0.0,-0.0007462308,0.0011452292,0.21721473,0.0,0.14884983,0.0,0.0,-0.044271126,0.0,0.0,0.0,0.0,0.0,0.14548384,0.0,0.0008712949,0.010109393,0.0,0.012624432,-0.002082019,0.0,-0.036651637,0.5588465,-0.030314967,0.037593845,0.08442482,0.0,0.0059297876,0.0006897679,-0.1722641,0.00047790786
-0.027493805,0.93514425,-0.23600508,0.14806809,-0.0042438754,0.0,0.0,0.0,0.016786575,0.0,-0.005054005,0.0,-0.059274465,0.0,-0.00083217025,0.012792513,-0.26321495,0.0,-0.26846814,0.0,0.0,-0.041330837,0.0,0.0,0.0,0.0,0.0,-0.28825694,0.0,0.008358839,0.0023605714,0.0,-0.01847295,0.0010527901,0.0,-0.028935755,0.55970454,-0.026857154,0.09729773,-0.14721473,0.0,-0.0062968787,0.0029948216,-0.10360378,-0.0018606446
0.111704394,0.07248652,-0.32171765,-0.035411853,0.0038481215,0.0,0.0,0.0,0.025410624,0.0,-0.0045834514,0.0,-0.11317208,0.0,-0.00083217025,0.00082474446,-0.39850333,0.0,-0.323698,0.0,0.0,-0.097355545,0.0,0.0,0.0,0.0,0.0,-0.29119352,0.0,0.00046389567,0.0037387437,0.0,-0.024494367,0.0010527901,0.0,-0.016514113,0.45626387,-0.026857154,0.07039001,-0.1021765,0.0,-0.020064486,0.00056854245,0.12631428,0.001407335
-0.012701571,-0.19272406,-0.15600856,-0.001480377,-0.0012802833,0.0,0.0,0.0,0.022722952,0.0,0.012914714,0.0,0.09826146,0.0,-0.0007462308,-0.0015942659,-0.2914721,0.0,0.15889649,0.0,0.0,0.03508953,0.0,0.0,0.0,0.0,0.0,0.1655351,0.0,0.0007378072,-0.009753089,0.0,-0.0347936,-0.002082019,0.0,-0.038263097,0.46534795,-0.030314967,0.03072314,0.10696218,0.0,0.0397293,0.0005887636,-0.25352773,0.001407335
-0.01420359,-0.81411535,-0.20564494,-0.032432444,0.003986607,0.0,0.0,0.0,-0.07872998,0.0,-0.004486008,0.0,-0.05938462,0.0,-0.00041246324,-0.00021668678,-0.13748135,0.0,-0.3651377,0.0,0.0,-0.070897885,0.0,0.0,0.0,0.0,0.0,-0.30856282,0.0,-0.015147548,0.0037387437,0.0,0.015121646,-0.0007986329,0.0,-0.07636209,-0.9092125,-0.09310598,-0.2996199,0.055472247,0.0,0.0015780787,-0.004013705,-0.13270143,0.00047790786
-0.0118182665,-0.18231799,-0.11653581,-0.1038067,0.00051153684,0.0,0.0,0.0,0.0085633155,0.0,-0.0042897584,0.0,-0.112929106,0.0,-0.0007462308,0.0011452292,0.20385739,0.0,0.14158103,0.0,0.0,0.01884726,0.0,0.0,0.0,0.0,0.0,0.15604837,0.0,0.0008712949,-0.009753089,0.0,-0.030261122,-0.002082019,0.0,-0.036651637,0.5572642,-0.030314967,0.03072314,0.09297324,0.0,0.0073685125,0.0006897679,-0.21673691,0.001407335
-0.01770263,-0.49675718,-0.117366105,-0.04029506,-0.0034087119,0.0,0.0,0.0,-0.13215393,0.0,-0.004486008,0.0,-0.10101162,0.0,-0.00041246324,-0.0018972601,-0.16755229,0.0,-0.26057097,0.0,0.0,-0.13754728,0.0,0.0,0.0,0.0,0.0,-0.2667822,0.0,-0.010383418,0.0037387437,0.0,0.028919524,0.0010527901,0.0,0.018210601,-0.8394029,-0.16574232,-0.2675259,-0.09580315,0.0,-0.0012844838,0.0004675381,0.13958658,0.00047790786
0.06613276,0.96584237,0.20811221,0.16379254,0.0008880644,0.0,0.0,0.0,0.010332015,0.0,-0.0047603124,0.0,-0.13107774,0.0,-0.0025244548,0.0066078044,0.13780439,0.0,0.188548,0.0,0.0,0.041775316,0.0,0.0,0.0,0.0,0.0,0.20282824,0.0,0.0056710923,-0.0041200104,0.0,-0.008796355,0.002744601,0.0,0.017742842,0.61441404,-0.040954176,0.027365005,0.0733798,0.0,-0.0009303754,0.003116047,0.14459395,0.0005919774
-0.021170843,-0.23776634,0.22198986,-0.055175297,-0.0050928886,0.0,0.0,0.0,0.019355567,0.0,-0.0028311147,0.0,0.05498341,0.0,0.001603096,0.0011452292,0.09681105,0.0,0.1742547,0.0,0.0,0.0583311,0.0,0.0,0.0,0.0,0.0,-0.2227235,0.0,-0.015147548,0.0037387437,0.0,0.05752494,-0.0007986329,0.0,-0.07653732,-1.0021313,-0.12771058,-0.21698464,-0.20232612,0.0,-0.001038072,0.0006897679,-0.22489215,-0.0015021125
-0.015330552,-0.45831168,-0.41321665,-0.10750703,0.003349129,0.0,0.0,0.0,0.014372686,0.0,-0.019792344,0.0,-0.067710586,0.0,-0.00041246324,0.0011452292,-0.13794528,0.0,-0.26565716,0.0,0.0,-0.049978096,0.0,0.0,0.0,0.0,0.0,-0.291371,0.0,0.0007378072,0.0037387437,0.0,-0.024031483,0.0010527901,0.0,-0.07636209,-0.9040666,-0.08801111,-0.28074378,0.039489973,0.0,-0.022239419,0.00056854245,-0.13650651,-0.0044233957
-0.0086013805,-0.38731915,0.5135348,-0.0035768417,0.0035307307,0.0,0.0,0.0,0.03952377,0.0,-0.0028311147,0.0,0.06671228,0.0,0.0008860773,0.0011452292,0.23958115,0.0,-0.25734392,0.0,0.0,-0.111801445,0.0,0.0,0.0,0.0,0.0,-0.21179582,0.0,-0.010383418,0.0037387437,0.0,0.034738183,-0.00052938156,0.0,-0.01817747,0.4171126,-0.025551395,0.067105524,0.07713752,0.0,0.00091430417,0.00056854245,0.18402345,0.00047790786
-0.012338515,-0.48046097,0.76132244,0.15637904,-6.4385706e-05,0.0,0.0,0.0,-0.09425963,0.0,-0.0028311147,0.0,0.033916738,0.0,0.0008860773,0.0011452292,0.09748374,0.0,-0.23233727,0.0,0.0,-0.08422899,0.0,0.0,0.0,0.0,0.0,-0.20113418,0.0,-0.015147548,0.0037387437,0.0,0.031378224,0.000697852,0.0,0.07309928,-0.8205453,-0.155018,-0.23721258,0.05798375,0.0,0.006111753,0.00056854245,-0.071305566,0.00047790786
-0.022284802,-0.33389086,-0.45947546,-0.11369534,0.0001476258,0.0,0.0,0.0,0.015191946,0.0,-0.019792344,0.0,-0.07450958,0.0,-0.00041246324,0.00013513495,-0.14377964,0.0,-0.20362683,0.0,0.0,-0.041956577,0.0,0.0,0.0,0.0,0.0,-0.19712849,0.0,0.0007378072,0.0037387437,0.0,-0.029505586,0.0010527901,0.0,-0.15615508,-0.8357535,0.081996046,0.07830102,-0.08845511,0.0,-0.025037764,-0.0066033686,-0.10287339,0.001407335
-0.014322828,-0.4223345,-0.21671493,-0.08833821,0.0044367104,0.0,0.0,0.0,0.027662208,0.0,-0.004486008,0.0,-0.07985112,0.0,-0.00041246324,-0.0018972601,-0.12876777,0.0,-0.2494377,0.0,0.0,0.07190622,0.0,0.0,0.0,0.0,0.0,0.17103407,0.0,0.0008712949,0.010109393,0.0,0.044898782,0.002744601,0.0,0.072681725,-0.8869721,-0.16561836,-0.17489097,0.052129626,0.0,0.005653361,0.0004675381,-0.179063,0.00047790786
-0.022024484,-0.28190646,-0.08602156,-0.035298597,-0.0012292701,0.0,0.0,0.0,0.02685888,0.0,0.035587132,0.0,0.105085365,0.0,-0.0007462308,-0.0015942659,-0.30748606,0.0,0.15295589,0.0,0.0,0.07311715,0.0,0.0,0.0,0.0,0.0,0.1504928,0.0,0.00046389567,-0.009753089,0.0,-0.0347936,-0.002082019,0.0,-0.019613694,0.4551905,-0.030314967,0.021765126,-0.23914465,0.0,-0.0069404067,0.0005887636,0.29275712,0.001407335
-0.012366185,-0.66076565,0.41375062,-0.035027694,0.008270957,0.0,0.0,0.0,-0.08790213,0.0,-0.0028311147,0.0,0.051582072,0.0,0.0008860773,0.00013513495,0.09132267,0.0,-0.23569168,0.0,0.0,-0.05197081,0.0,0.0,0.0,0.0,0.0,0.08921617,0.0,0.0008712949,-0.009753089,0.0,-0.011603082,0.002744601,0.0,0.14704137,-0.77557886,0.15163931,0.05809384,0.07718744,0.0,-0.0016381877,-0.0066033686,-0.1409379,0.001407335
-0.008781608,0.29080787,-0.015531283,-0.038218055,0.0008880644,0.0,0.0,0.0,0.012597819,0.0,-0.0042897584,0.0,-0.17067276,0.0,-0.0025244548,0.0011452292,0.23161457,0.0,0.1931924,0.0,0.0,0.047101427,0.0,0.0,0.0,0.0,0.0,0.15236756,0.0,0.00059738336,-0.009753089,0.0,-0.030231468,0.002744601,0.0,0.017742842,0.5971925,-0.040954176,0.024692705,0.10129605,0.0,-0.0021067285,0.0006897679,0.17026927,0.001407335
-0.012821925,-0.153358,-0.014181724,-0.11022959,-0.0012802833,0.0,0.0,0.0,-0.05423294,0.0,-0.0042897584,0.0,0.074783325,0.0,0.001603096,0.00013513495,0.20281179,0.0,0.15597863,0.0,0.0,0.02380188,0.0,0.0,0.0,0.0,0.0,0.11551693,0.0,0.0008712949,-0.009753089,0.0,-0.02060337,-0.002082019,0.0,-0.036826875,0.5577554,-0.030314967,0.032593265,0.10753578,0.0,-0.0022247026,-0.006881507,-0.23290467,0.001407335
-0.021360494,-0.060281523,-0.08775362,-0.050228555,0.0013894028,0.0,0.0,0.0,-0.035699658,0.0,-0.0042897584,0.0,-0.08485688,0.0,-0.0025244548,0.0011452292,0.20733392,0.0,0.14493358,0.0,0.0,0.035361186,0.0,0.0,0.0,0.0,0.0,0.10642513,0.0,0.0008712949,-0.009753089,0.0,-0.019868229,-0.002082019,0.0,-0.036955625,0.57493526,-0.030314967,0.03072314,-0.22897157,0.0,0.008960473,0.0006897679,-0.18923377,0.001407335
-0.008781608,0.34172845,-0.09763426,-0.04603998,-0.0012802833,0.0,0.0,0.0,0.012597819,0.0,-0.0042897584,0.0,-0.1682978,0.0,-0.0025244548,0.0011452292,0.23161457,0.0,0.18435065,0.0,0.0,0.047101427,0.0,0.0,0.0,0.0,0.0,0.168569,0.0,0.00059738336,-0.009753089,0.0,-0.03071162,-0.002082019,0.0,-0.016514113,0.60221684,-0.030314967,0.022736453,0.107947886,0.0,-0.0021067285,0.0006897679,0.21282284,0.001407335
0.09929211,-0.4340937,-0.123115,-0.06615053,0.00037425695,0.0,0.0,0.0,-0.0725717,0.0,0.054397523,0.0,0.06235145,0.0,-0.0007462308,-0.0010614597,-0.29937634,0.0,0.16452323,0.0,0.0,-0.049878467,0.0,0.0,0.0,0.0,0.0,0.14995573,0.0,0.0007378072,-0.009753089,0.0,-0.012316928,-0.002082019,0.0,-0.038263097,0.46359062,-0.030314967,0.035723723,0.06154323,0.0,-0.0040569818,0.0005887636,-0.16380796,-0.0044233957
-0.027493805,0.80330193,-0.37598252,0.14719059,-0.0042438754,0.0,0.0,0.0,-0.054150503,0.0,-0.005054005,0.0,-0.04676214,0.0,-0.00083217025,0.012792513,-0.13065559,0.0,-0.22356911,0.0,0.0,-0.041002538,0.0,0.0,0.0,0.0,0.0,-0.23571797,0.0,0.008358839,0.0023605714,0.0,-0.004896117,0.0010527901,0.0,-0.14813522,-1.0523988,0.081996046,0.09729773,-0.1429237,0.0,-0.0070482753,0.0029948216,-0.0948725,-0.0018606446
-0.008244025,-0.7366135,0.39378825,0.1157641,0.00038571784,0.0,0.0,0.0,-0.13376601,0.0,-0.0028311147,0.0,0.074220985,0.0,0.0008860773,0.0011452292,0.19566318,0.0,-0.26154542,0.0,0.0,-0.08847776,0.0,0.0,0.0,0.0,0.0,0.12106759,0.0,0.00059738336,0.010109393,0.0,0.031378224,0.002744601,0.0,0.019343577,0.42094532,-0.03606665,0.046174455,0.08221494,0.0,-0.0017024063,0.00056854245,0.1466685,0.00047790786
-0.008244025,-0.667084,0.24187966,-0.037876863,0.00038571784,0.0,0.0,0.0,0.044933077,0.0,-0.0028311147,0.0,0.09338804,0.0,0.0008860773,0.0011452292,0.19566318,0.0,-0.26625377,0.0,0.0,-0.1016423,0.0,0.0,0.0,0.0,0.0,0.14103192,0.0,0.00059738336,0.010109393,0.0,0.04857458,-0.002082019,0.0,-0.01817747,0.47266534,-0.028886156,0.047595814,0.08221494,0.0,-0.0015202136,0.00056854245,0.23808224,0.00047790786
-0.011399464,0.114094585,-0.00872628,-0.032574844,-0.0012802833,0.0,0.0,0.0,0.010708605,0.0,-0.0042897584,0.0,-0.1268053,0.0,-0.0025244548,0.0011452292,0.23742796,0.0,0.17424738,0.0,0.0,0.03098134,0.0,0.0,0.0,0.0,0.0,0.12577376,0.0,0.0008712949,-0.009753089,0.0,-0.03071162,0.002744601,0.0,0.038461722,0.56800205,-0.040954176,0.034108862,0.093306035,0.0,0.0073685125,0.0006897679,-0.17034088,0.001407335
-0.016141431,0.7850097,-0.17580517,0.025744803,0.003346783,0.0,0.0,0.0,0.01671741,0.0,-0.007687144,0.0,-0.12617986,0.0,-0.0025244548,-0.021194363,-0.24946533,0.0,0.17021,0.0,0.0,0.058806375,0.0,0.0,0.0,0.0,0.0,-0.3629891,0.0,-0.05410554,-0.0022773212,0.0,-0.02224917,-0.0007986329,0.0,-0.016514113,0.52438223,-0.030438917,0.048494685,0.0699428,0.0,0.0017000702,0.0011661218,0.23727532,0.0005919774
-0.014326894,-0.36102128,-0.2788825,-0.1174418,0.003349129,0.0,0.0,0.0,0.021278383,0.0,-0.019792344,0.0,0.051377296,0.0,0.0008860773,0.0011452292,-0.14506108,0.0,-0.25382966,0.0,0.0,-0.03243437,0.0,0.0,0.0,0.0,0.0,-0.25241917,0.0,0.0007378072,0.0037387437,0.0,-0.022239689,0.0010527901,0.0,-0.15602632,-0.83174914,0.081996046,0.07830102,0.03823806,0.0,0.041673288,0.00056854245,-0.14260077,0.001407335
-0.011737191,-0.40007088,-0.1061248,-0.0779116,-0.0005592701,0.0,0.0,0.0,0.03336218,0.0,-0.013172839,0.0,0.078378215,0.0,0.001603096,-0.0018972601,-0.3271463,0.0,0.17920715,0.0,0.0,-0.10870209,0.0,0.0,0.0,0.0,0.0,-0.32163337,0.0,-0.010383418,0.0037387437,0.0,0.031546067,-0.0007986329,0.0,-0.01817747,0.4114543,-0.030438917,0.052010715,0.07131519,0.0,0.001696053,0.0005887636,0.21905884,0.00047790786
-0.015326486,-0.8128875,-0.12369525,-0.09296283,-0.004841806,0.0,0.0,0.0,-0.09959133,0.0,-0.004486008,0.0,0.06383351,0.0,0.001603096,-0.00021668678,-0.25701994,0.0,0.16207,0.0,0.0,0.03969414,0.0,0.0,0.0,0.0,0.0,0.15754898,0.0,0.0008712949,0.010109393,0.0,0.030788671,0.002744601,0.0,0.041109182,0.42455882,-0.040954176,0.031910494,0.065496564,0.0,-0.0016381877,-0.004291843,-0.23420513,0.00047790786
-0.01062072,-0.9996079,-0.09815465,-0.030370172,0.0004895752,0.0,0.0,0.0,0.025599815,0.0,-0.004486008,0.0,0.05993122,0.0,0.001603096,-0.0018972601,-0.10356392,0.0,0.45308596,0.0,0.0,-0.052797094,0.0,0.0,0.0,0.0,0.0,-0.32993305,0.0,-0.015147548,0.0037387437,0.0,0.03969181,0.0010527901,0.0,0.07309928,-0.8341117,-0.195941,-0.2520381,0.07313635,0.0,0.0049620075,0.037724935,-0.22608842,0.00047790786
-0.025402203,-0.26218778,-0.15956683,-0.16488442,-0.00059179263,0.0,0.0,0.0,0.025151787,0.0,0.054397523,0.0,0.059291527,0.0,-0.0007462308,8.630735e-05,-0.13103598,0.0,0.23245907,0.0,0.0,0.044205543,0.0,0.0,0.0,0.0,0.0,0.14811617,0.0,0.0007378072,0.010109393,0.0,0.04200495,-0.002082019,0.0,-0.07653732,-0.9392283,-0.112991,-0.13561186,-0.22410908,0.0,-0.006876189,-0.004291843,-0.24797219,0.00047790786
-0.009860332,0.93459845,0.18403785,0.15897596,-0.0006428057,0.0,0.0,0.0,0.015375879,0.0,-0.0047603124,0.0,-0.12870277,0.0,-0.0025244548,0.012792513,0.16750503,0.0,0.188548,0.0,0.0,0.049719233,0.0,0.0,0.0,0.0,0.0,0.20475139,0.0,0.0056710923,0.0042706355,0.0,0.0146392435,-0.002082019,0.0,-0.016514113,0.61535054,-0.030314967,0.027026307,0.09681533,0.0,-0.0015161962,0.003116047,0.17740417,0.0003059106
-0.01626627,0.85153127,-0.1861637,0.07779696,-0.0012802833,0.0,0.0,0.0,0.019246774,0.0,-0.007687144,0.0,-0.11353495,0.0,-0.0025244548,-0.021194363,-0.2700437,0.0,0.17397593,0.0,0.0,-0.08873947,0.0,0.0,0.0,0.0,0.0,0.20784815,0.0,0.0031137276,-0.0041200104,0.0,-0.017921455,-0.002082019,0.0,-0.016514113,0.5517863,-0.030314967,0.031620212,0.088506036,0.0,-0.0015161962,0.0011661218,0.1568308,0.0005919774
-0.009044692,0.5128411,-0.13513714,-0.016865257,0.00039413373,0.0,0.0,0.0,0.019417468,0.0,-0.0047195475,0.0,-0.16101086,0.0,-0.0025244548,-0.0018972601,-0.24650341,0.0,0.20129433,0.0,0.0,0.06866168,0.0,0.0,0.0,0.0,0.0,0.1819382,0.0,0.00046389567,0.010109393,0.0,0.03174646,-0.002082019,0.0,-0.016514113,0.5378569,-0.030314967,0.022483882,0.09648189,0.0,-0.0021067285,0.0005887636,0.208956,0.00047790786
-0.01967092,-0.3686056,0.3623027,-0.046332557,0.0024119657,0.0,0.0,0.0,-0.07855734,0.0,-0.0028311147,0.0,0.05246121,0.0,0.001603096,0.0011452292,0.09315571,0.0,0.19341806,0.0,0.0,-0.05421381,0.0,0.0,0.0,0.0,0.0,0.071018554,0.0,0.0008712949,0.010109393,0.0,0.014683345,0.002744601,0.0,0.14704137,-0.7714883,0.16290767,0.03932604,-0.2412059,0.0,-0.0020201919,0.0006897679,-0.14993554,-0.0015021125
-0.021686507,0.0062901056,-0.33336163,-0.033581637,0.0038481215,0.0,0.0,0.0,0.017643085,0.0,-0.0045834514,0.0,-0.081817724,0.0,-0.00083217025,0.0011452292,-0.3768193,0.0,-0.27760547,0.0,0.0,-0.047198478,0.0,0.0,0.0,0.0,0.0,-0.23154315,0.0,0.0007378072,0.0037387437,0.0,-0.027803997,0.0010527901,0.0,-0.03410389,0.47430676,-0.026857154,0.07862926,-0.1363585,0.0,-0.02058609,0.00056854245,-0.122028634,-0.0044233957
-0.016252778,-0.24118057,-0.19129215,-0.08596145,-0.0011967476,0.0,0.0,0.0,0.014228695,0.0,-0.013172839,0.0,0.063218765,0.0,0.001603096,-0.00021668678,-0.13777691,0.0,0.25178307,0.0,0.0,0.04576541,0.0,0.0,0.0,0.0,0.0,-0.27234334,0.0,-0.012828371,-0.0036069527,0.0,-0.031329866,-0.0007986329,0.0,-0.07653732,-0.8743368,-0.11311493,-0.19883002,0.07319388,0.0,0.0017602718,-0.004291843,-0.2387955,0.001407335
-0.011669214,-0.25623575,-0.012754404,-0.022188986,0.0030846638,0.0,0.0,0.0,-0.044739835,0.0,-0.0028311147,0.0,-0.07522611,0.0,-0.0007462308,0.0011452292,0.09598122,0.0,0.2538047,0.0,0.0,0.034225915,0.0,0.0,0.0,0.0,0.0,0.12087772,0.0,0.0008712949,0.010109393,0.0,0.028942715,0.002744601,0.0,0.14662382,-0.89462894,0.15880366,0.03372078,0.081829704,0.0,0.0059297876,0.0006897679,-0.17040999,0.00047790786
-0.022777371,0.1605103,-0.12046581,-0.0440947,0.0013894028,0.0,0.0,0.0,0.01720201,0.0,-0.0047195475,0.0,-0.10317187,0.0,-0.0025244548,-0.0018972601,-0.35273737,0.0,0.16234517,0.0,0.0,0.034514755,0.0,0.0,0.0,0.0,0.0,0.1296896,0.0,0.0007378072,-0.009753089,0.0,-0.03261186,-0.002082019,0.0,-0.028935755,0.5048094,-0.030314967,0.032470018,-0.24079198,0.0,-0.002424514,0.0005887636,-0.17292733,-0.0044233957
0.136418,-0.3704891,-0.07667302,-0.02531499,0.0008755954,0.0,0.0,0.0,0.01717856,0.0,-0.004486008,0.0,0.10222484,0.0,0.001603096,-0.0013644537,-0.26758683,0.0,0.15632573,0.0,0.0,0.060983073,0.0,0.0,0.0,0.0,0.0,0.1501892,0.0,0.00046389567,-0.009753089,0.0,-0.029331882,-0.002082019,0.0,-0.01817747,0.44287974,-0.030314967,0.021765126,-0.16943872,0.0,-0.001316397,0.0005887636,0.28001437,0.001407335
0.18168914,0.8585419,-0.17733009,0.1295056,-0.0017629091,0.0,0.0,0.0,0.01671741,0.0,-0.007687144,0.0,-0.107444316,0.0,-0.0025244548,-0.010913022,-0.22215669,0.0,0.16691771,0.0,0.0,0.05792921,0.0,0.0,0.0,0.0,0.0,0.18385474,0.0,0.0031137276,-0.0041200104,0.0,-0.02121149,-0.002082019,0.0,-0.016514113,0.556901,-0.030314967,0.02515618,-0.15636271,0.0,-0.0013123798,0.0011661218,0.1843449,0.0005919774
-0.012403122,0.5288917,-0.12505308,-0.03809546,-0.0012802833,0.0,0.0,0.0,0.01081662,0.0,-0.0042897584,0.0,-0.11714341,0.0,-0.0025244548,0.0011452292,0.1724354,0.0,0.19138859,0.0,0.0,0.03098134,0.0,0.0,0.0,0.0,0.0,0.16308865,0.0,0.0008712949,-0.009753089,0.0,-0.025298635,-0.002082019,0.0,-0.028935755,0.62982166,-0.030314967,0.032470018,0.09415262,0.0,-0.0020425096,0.0006897679,-0.16665968,-0.0044233957
-0.008488568,-1.5069556,0.6534729,-0.08904451,-6.4385706e-05,0.0,0.0,0.0,-0.10222412,0.0,-0.0028311147,0.0,0.035944123,0.0,0.0008860773,0.00013513495,0.07888531,0.0,-0.35996804,0.0,0.0,-0.087565444,0.0,0.0,0.0,0.0,0.0,-0.23440975,0.0,-0.015147548,0.0037387437,0.0,0.025735918,0.000697852,0.0,0.07309928,-0.88208014,-0.16011286,-0.2665591,0.07921506,0.0,-0.01700811,-0.051868074,-0.16380043,0.00047790786
-0.023196174,-0.030245146,-0.14277315,-0.11781028,0.0010128752,0.0,0.0,0.0,-0.029153634,0.0,-0.0047195475,0.0,-0.06337626,0.0,-0.00041246324,-0.0018972601,-0.12396012,0.0,-0.19792585,0.0,0.0,0.027604563,0.0,0.0,0.0,0.0,0.0,0.11265972,0.0,0.0008712949,-0.009753089,0.0,-0.021574086,0.002744601,0.0,0.14662382,-0.7457934,0.14753526,0.043066986,-0.19685805,0.0,-0.0026067072,0.0004675381,-0.15250601,-0.0044233957
-0.021865388,-0.31437644,-0.13388613,-0.045062684,-9.90548e-05,0.0,0.0,0.0,-0.044290714,0.0,-0.004486008,0.0,0.046419416,0.0,0.001603096,-0.0018972601,-0.13476133,0.0,0.227014,0.0,0.0,0.024728533,0.0,0.0,0.0,0.0,0.0,0.10951386,0.0,0.0007378072,-0.009753089,0.0,-0.023575725,-0.002082019,0.0,-0.15602632,-0.8356236,0.09238007,0.030394895,-0.20076622,0.0,0.007245321,0.0005887636,-0.22561237,0.001407335
-0.021778181,-0.47158992,-0.3023795,-0.14070979,0.0001476258,0.0,0.0,0.0,0.028533693,0.0,-0.019792344,0.0,0.047008134,0.0,0.0008860773,0.0011452292,-0.13794528,0.0,-0.24378161,0.0,0.0,-0.052105695,0.0,0.0,0.0,0.0,0.0,-0.26204562,0.0,0.0007378072,0.0037387437,0.0,-0.030217405,0.0010527901,0.0,-0.07653732,-0.9026508,-0.08801111,-0.28074378,-0.09457655,0.0,-0.014379371,0.00056854245,-0.1729556,-0.0044233957
0.065078296,-0.7865021,0.10930714,-0.044523504,-0.012402311,0.0,0.0,0.0,0.026463883,0.0,-0.0028311147,0.0,0.06705537,0.0,0.001603096,0.00082474446,0.16659017,0.0,0.1409379,0.0,0.0,-0.04635177,0.0,0.0,0.0,0.0,0.0,0.12396748,0.0,0.0008712949,-0.009753089,0.0,-0.035475194,0.002744601,0.0,0.041109182,0.4574926,-0.043107126,0.037965503,0.06500335,0.0,0.0017812458,0.0006897679,-0.19071203,0.001407335
-0.019887783,0.9070712,-0.21279043,0.08989476,0.0008880644,0.0,0.0,0.0,0.0149362115,0.0,-0.007687144,0.0,-0.09044561,0.0,-0.0025244548,-0.021194363,-0.23913303,0.0,0.1657717,0.0,0.0,0.028037356,0.0,0.0,0.0,0.0,0.0,0.19502777,0.0,0.008358839,-0.0041200104,0.0,-0.022800665,-0.002082019,0.0,-0.028935755,0.57225776,-0.030314967,0.036680486,0.08520971,0.0,-0.0014519775,0.0011661218,-0.1696225,-0.0018606446
-0.024828985,-0.25198102,-0.41127056,-0.15584737,-0.0016793734,0.0,0.0,0.0,-0.050467588,0.0,-0.019792344,0.0,-0.06154816,0.0,-0.00041246324,0.0011452292,-0.14377964,0.0,-0.23347002,0.0,0.0,-0.06740921,0.0,0.0,0.0,0.0,0.0,-0.25435892,0.0,0.0007378072,0.0037387437,0.0,-0.014314911,0.0010527901,0.0,-0.07666607,-0.9151868,-0.08801111,-0.28074378,-0.115933694,0.0,-0.025219956,0.00056854245,-0.10950333,-0.0044233957
-0.012065838,-0.57108486,0.3322449,-0.031135526,-6.4385706e-05,0.0,0.0,0.0,0.027279,0.0,-0.0028311147,0.0,0.06140246,0.0,0.001603096,0.00013513495,0.09423941,0.0,0.22602639,0.0,0.0,-0.06235243,0.0,0.0,0.0,0.0,0.0,-0.2618601,0.0,-0.015147548,0.0037387437,0.0,0.04857458,-0.0007986329,0.0,-0.07653732,-0.9534818,-0.12771058,-0.25429437,0.08144975,0.0,0.0017602718,-0.006881507,-0.20073457,0.00047790786
-0.020109436,-0.23722127,-0.579226,-0.037056513,0.0014589422,0.0,0.0,0.0,0.015716521,0.0,-0.0045834514,0.0,-0.12744704,0.0,-0.00041246324,0.0011452292,-0.31627443,0.0,-0.2301553,0.0,0.0,-0.05850327,0.0,0.0,0.0,0.0,0.0,-0.2631781,0.0,0.0007378072,0.0037387437,0.0,-0.029505586,0.0010527901,0.0,-0.036955625,0.4598761,-0.026857154,0.07603893,-0.13255854,0.0,0.08364512,0.0005507715,-0.13305114,0.001407335
-0.018323839,0.49274722,0.038831636,-0.031742245,0.0013894028,0.0,0.0,0.0,0.012597819,0.0,-0.0042897584,0.0,-0.14212736,0.0,-0.0025244548,0.0011452292,0.15466973,0.0,0.21570954,0.0,0.0,0.04686409,0.0,0.0,0.0,0.0,0.0,0.107178055,0.0,0.00059738336,-0.009753089,0.0,-0.023026688,0.002744601,0.0,0.017742842,0.6155029,-0.040954176,0.024692705,-0.22755788,0.0,-0.0024887328,0.0006897679,0.15746294,0.001407335
0.12604071,0.826621,0.012545345,0.21093515,-0.0017629091,0.0,0.0,0.0,0.017691303,0.0,-0.0047603124,0.0,0.08503837,0.0,0.0054231794,0.0066078044,0.13780439,0.0,0.1665685,0.0,0.0,0.051399823,0.0,0.0,0.0,0.0,0.0,0.20517376,0.0,0.0056710923,-0.0041200104,0.0,-0.020622896,-0.002082019,0.0,-0.017821584,0.6195672,-0.030314967,0.025408752,-0.1842017,0.0,-0.0013123798,0.003116047,0.22308624,0.0005919774
-0.021973198,-0.46431118,-0.086038366,-0.21710679,0.0008755954,0.0,0.0,0.0,0.017656645,0.0,-0.019928439,0.0,-0.12395698,0.0,-0.00041246324,-0.0018972601,-0.3220144,0.0,-0.26535067,0.0,0.0,-0.08450565,0.0,0.0,0.0,0.0,0.0,0.14085773,0.0,0.00046389567,-0.009753089,0.0,-0.022906763,-0.002082019,0.0,-0.018002236,0.44547397,-0.026733205,0.044754487,-0.16738729,0.0,-0.0069404067,0.0004675381,0.15337557,0.001407335
0.046000205,-1.4120425,-0.12703212,-0.051236253,-0.0128524145,0.0,0.0,0.0,0.018552445,0.0,-0.0028311147,0.0,0.049881924,0.0,0.0008860773,0.00082474446,0.06889354,0.0,-0.4548946,0.0,0.0,-0.03868735,0.0,0.0,0.0,0.0,0.0,-0.31022918,0.0,-0.015147548,-0.0036069527,0.0,-0.029093867,-0.0007986329,0.0,-0.07653732,-1.1038922,-0.09310598,-0.32321495,0.037747912,0.0,0.0010898917,0.020414108,-0.22461335,0.001407335
-0.012666204,-0.0071498863,-0.12629095,-0.007866822,0.00039413373,0.0,0.0,0.0,-0.05443584,0.0,-0.0047195475,0.0,-0.106115356,0.0,-0.0025244548,-0.00021668678,-0.35273737,0.0,0.16681732,0.0,0.0,0.050102152,0.0,0.0,0.0,0.0,0.0,0.14845031,0.0,0.0007378072,0.010109393,0.0,0.027212339,-0.002082019,0.0,-0.03410389,0.47610047,-0.030314967,0.03072314,0.09354684,0.0,-0.0022247026,-0.004291843,-0.19532941,0.00047790786
-0.021733113,0.33977506,-0.14066948,-0.020640789,0.0038481215,0.0,0.0,0.0,0.011894668,0.0,-0.0047195475,0.0,-0.082748204,0.0,-0.00083217025,-0.00021668678,-0.31649572,0.0,-0.34264126,0.0,0.0,0.042776734,0.0,0.0,0.0,0.0,0.0,-0.2417105,0.0,-0.012828371,-0.0036069527,0.0,-0.023615282,-0.0007986329,0.0,-0.028935755,0.5064689,-0.026857154,0.06663677,-0.14601779,0.0,-0.0016245872,-0.004013705,-0.14392404,0.001407335
-0.008781608,0.4846096,-0.10566336,-0.026183844,-0.0012802833,0.0,0.0,0.0,0.012597819,0.0,-0.0042897584,0.0,-0.16101086,0.0,-0.0025244548,0.0011452292,0.15571533,0.0,0.19614214,0.0,0.0,0.047101427,0.0,0.0,0.0,0.0,0.0,0.17547631,0.0,0.00059738336,-0.0079009235,0.0,-0.023506839,-0.002082019,0.0,-0.016514113,0.61176944,-0.030314967,0.022483882,0.096814685,0.0,-0.0021067285,0.0006897679,0.2062144,0.001407335
-0.016206173,-0.306197,-0.47315606,-0.13210152,0.00082032394,0.0,0.0,0.0,0.015191946,0.0,-0.019792344,0.0,-0.079211846,0.0,-0.00041246324,0.0011452292,-0.14377964,0.0,-0.23601699,0.0,0.0,-0.0428243,0.0,0.0,0.0,0.0,0.0,-0.2338374,0.0,0.0007378072,0.0037387437,0.0,-0.031297382,0.0010527901,0.0,-0.15615508,-0.83716935,0.081996046,0.07830102,0.0505518,0.0,-0.022239419,0.00056854245,-0.10429884,-0.0044233957
-0.012666204,0.35913637,-0.12733711,-0.0053419443,0.00039413373,0.0,0.0,0.0,-0.09384242,0.0,0.012914714,0.0,0.0734387,0.0,-0.00083217025,-0.0015942659,-0.30948344,0.0,-0.3666956,0.0,0.0,-0.06956419,0.0,0.0,0.0,0.0,0.0,0.17944638,0.0,0.0007378072,0.010109393,0.0,0.0029242905,0.002744601,0.0,0.035995018,0.50047374,-0.037372414,0.05697498,0.103918314,0.0,-0.0022247026,0.0004675381,-0.12193325,-0.0015021125
-0.02194535,0.4725664,-0.09574276,-0.029676963,0.0013894028,0.0,0.0,0.0,-0.036050264,0.0,-0.0042897584,0.0,-0.07756996,0.0,-0.0025244548,0.00013513495,0.20385598,0.0,0.18758473,0.0,0.0,0.035361186,0.0,0.0,0.0,0.0,0.0,0.12527137,0.0,0.0008712949,-0.009753089,0.0,-0.0126634445,-0.002082019,0.0,-0.028935755,0.63208497,-0.030314967,0.032470018,-0.21835007,0.0,-0.0026067072,-0.006881507,-0.15716803,0.001407335
0.05691412,0.487978,-0.13258347,0.0035206007,-0.0012802833,0.0,0.0,0.0,0.028677428,0.0,0.012914714,0.0,0.1298698,0.0,-0.0025244548,-0.0010614597,-0.24225439,0.0,0.2085522,0.0,0.0,0.07335449,0.0,0.0,0.0,0.0,0.0,0.18548578,0.0,0.00046389567,-0.009753089,0.0,-0.0225776,0.002744601,0.0,0.020858275,0.5369205,-0.040954176,0.02282258,0.08736809,0.0,-0.0015209079,0.0005887636,0.2203682,0.001407335
0.046643723,-1.3314545,0.74271756,-0.07348376,-6.4385706e-05,0.0,0.0,0.0,-0.089098774,0.0,-0.0028311147,0.0,0.031761046,0.0,0.0008860773,0.00082474446,0.06889354,0.0,-0.3666871,0.0,0.0,-0.087565444,0.0,0.0,0.0,0.0,0.0,-0.24038264,0.0,-0.015147548,0.0037387437,0.0,0.025101347,0.000697852,0.0,0.07309928,-0.88208014,-0.16011286,-0.2665591,0.058888864,0.0,0.012624373,0.020414108,-0.11140118,0.00047790786
-0.021778181,-0.40630966,-0.3889072,-0.0987923,-0.000549158,0.0,0.0,0.0,-0.073482476,0.0,-0.019792344,0.0,-0.050046917,0.0,-0.00041246324,0.0011452292,-0.13666384,0.0,-0.23347002,0.0,0.0,-0.054023977,0.0,0.0,0.0,0.0,0.0,-0.2546621,0.0,0.0007378072,0.0037387437,0.0,-0.010373532,0.0010527901,0.0,-0.07636209,-0.908071,-0.08801111,-0.28074378,-0.09371479,0.0,-0.025219956,0.00056854245,-0.119547546,-0.0044233957
-0.0199715,0.89209324,0.14680997,0.21427679,-0.0017629091,0.0,0.0,0.0,-0.035893213,0.0,-0.0047603124,0.0,-0.08954517,0.0,-0.0025244548,0.012792513,0.16750503,0.0,0.18494046,0.0,0.0,0.054999392,0.0,0.0,0.0,0.0,0.0,0.18722667,0.0,0.0056710923,-0.0041200104,0.0,-0.013134344,0.002744601,0.0,0.017742842,0.6186307,-0.040954176,0.027365005,-0.20271018,0.0,-0.0020803937,0.003116047,0.15032886,0.0005919774
-0.02194535,0.4784798,-0.03997406,-0.059659194,-0.0017629091,0.0,0.0,0.0,0.01081662,0.0,-0.0042897584,0.0,-0.09825991,0.0,-0.0025244548,0.0011452292,0.20281038,0.0,0.19212723,0.0,0.0,0.032132633,0.0,0.0,0.0,0.0,0.0,0.110126615,0.0,0.0008712949,-0.009753089,0.0,-0.025298635,0.002744601,0.0,0.032879587,0.6051194,-0.040954176,0.035855744,-0.23761255,0.0,-0.002424514,0.0006897679,-0.15229395,-0.0044233957
-0.021854362,-0.42843327,-0.11611164,-0.12939617,-0.0007923718,0.0,0.0,0.0,0.025043773,0.0,0.054397523,0.0,0.054043226,0.0,-0.00041246324,-0.0015942659,-0.2873784,0.0,-0.24138606,0.0,0.0,0.036897913,0.0,0.0,0.0,0.0,0.0,0.12951367,0.0,0.0007378072,0.010109393,0.0,0.041815747,-0.002082019,0.0,-0.036826875,0.47487584,-0.026733205,0.041223142,-0.13796875,0.0,0.02170412,0.0004675381,-0.21223053,0.00047790786
-0.017878775,1.1026354,-0.45990297,0.1607011,-0.0037612498,0.0,0.0,0.0,0.016353026,0.0,-0.005054005,0.0,-0.0871286,0.0,-0.00083217025,0.012792513,-0.26321495,0.0,-0.27163172,0.0,0.0,-0.051235538,0.0,0.0,0.0,0.0,0.0,-0.32772133,0.0,0.008358839,0.0023605714,0.0,-0.01847295,0.0010527901,0.0,-0.028935755,0.56135607,-0.026857154,0.09470739,0.07613073,0.0,-0.004067739,0.0029770506,-0.10763703,-0.0018606446
-0.020774523,-0.4470992,-0.29775906,-0.0967789,0.0001476258,0.0,0.0,0.0,-0.07208147,0.0,-0.019792344,0.0,-0.050046917,0.0,-0.00041246324,0.0011452292,-0.13794528,0.0,-0.23347002,0.0,0.0,-0.054023977,0.0,0.0,0.0,0.0,0.0,-0.25622883,0.0,0.0007378072,0.0037387437,0.0,-0.0070511885,0.0010527901,0.0,-0.07636209,-0.9026508,-0.08801111,-0.28074378,-0.080221795,0.0,0.09694161,0.00056854245,-0.11963654,0.001407335
-0.025350917,-0.16431926,-0.12625825,-0.02147285,-0.00059179263,0.0,0.0,0.0,-0.045090437,0.0,-0.004486008,0.0,-0.052761007,0.0,-0.00041246324,-0.00021668678,-0.13588358,0.0,-0.20317176,0.0,0.0,0.040526107,0.0,0.0,0.0,0.0,0.0,0.10631329,0.0,0.0008712949,0.010109393,0.0,0.028209299,0.002744601,0.0,0.14662382,-0.7313074,0.14753526,0.042991314,-0.16199741,0.0,-0.0020201919,-0.004013705,-0.15714604,0.00047790786
-0.023825327,-0.2555818,-0.3161346,-0.1408991,0.0013216623,0.0,0.0,0.0,-0.050116986,0.0,-0.019792344,0.0,-0.056586593,0.0,-0.00041246324,0.0011452292,-0.14377964,0.0,-0.20382985,0.0,0.0,-0.046870176,0.0,0.0,0.0,0.0,0.0,-0.1998624,0.0,0.0007378072,0.0037387437,0.0,-0.012042965,0.0010527901,0.0,-0.15615508,-0.83684486,0.081996046,0.07830102,-0.10814059,0.0,0.09694161,0.00056854245,-0.10741124,0.001407335
-0.008488568,-1.6200179,0.68811834,0.046954334,-0.0011914009,0.0,0.0,0.0,-0.11293755,0.0,-0.0028311147,0.0,-0.047520783,0.0,-0.00041246324,0.00013513495,0.07888531,0.0,-0.34215537,0.0,0.0,-0.07679548,0.0,0.0,0.0,0.0,0.0,-0.2214003,0.0,-0.015147548,0.0037387437,0.0,0.012671454,0.000697852,0.0,0.072681725,-0.88208014,-0.16011286,-0.25180116,0.073577054,0.0,-0.01700811,-0.051868074,-0.1314412,0.00047790786
-0.021778181,-0.2916965,-0.46874008,-0.09373075,-0.000549158,0.0,0.0,0.0,0.015191946,0.0,-0.019792344,0.0,-0.07450958,0.0,-0.00041246324,0.0011452292,-0.14377964,0.0,-0.23347002,0.0,0.0,-0.062495623,0.0,0.0,0.0,0.0,0.0,-0.25435892,0.0,0.0007378072,0.0037387437,0.0,-0.027836155,0.0010527901,0.0,-0.07666607,-0.9151868,-0.08801111,-0.28074378,-0.09371479,0.0,-0.025037764,0.00056854245,-0.12503685,-0.0044233957
0.053335533,-0.40181312,-0.07962286,-0.23118404,-0.00074664445,0.0,0.0,0.0,0.01717856,0.0,-0.018273547,0.0,0.09515441,0.0,0.001603096,0.00082474446,0.19890383,0.0,0.17001083,0.0,0.0,0.044829186,0.0,0.0,0.0,0.0,0.0,0.16213575,0.0,0.00059738336,-0.009753089,0.0,-0.029223438,-0.002082019,0.0,-0.01817747,0.5355639,-0.030314967,0.022017697,0.06334224,0.0,-0.005972582,0.0006897679,0.2757476,0.001407335
-0.019887783,0.92091906,-0.2178871,0.08465805,-0.0012802833,0.0,0.0,0.0,-0.049265306,0.0,-0.007687144,0.0,-0.0657331,0.0,-0.00083217025,-0.021194363,-0.2455271,0.0,-0.28811526,0.0,0.0,0.038888056,0.0,0.0,0.0,0.0,0.0,0.19648539,0.0,0.008358839,-0.0041200104,0.0,-0.014274431,-0.002082019,0.0,-0.028935755,0.5815156,-0.026733205,0.05751434,0.08388102,0.0,-0.0016341705,0.0010448964,-0.15813123,-0.0018606446
-0.017867332,0.9168059,-0.24306223,0.156315,-0.0037612498,0.0,0.0,0.0,0.016245011,0.0,-0.005054005,0.0,-0.073067784,0.0,-0.00083217025,0.012792513,-0.26321495,0.0,-0.27172214,0.0,0.0,-0.039930746,0.0,0.0,0.0,0.0,0.0,-0.33054805,0.0,0.008358839,0.0023605714,0.0,-0.017921455,0.0010527901,0.0,-0.028935755,0.56135607,-0.026857154,0.09729773,0.071928844,0.0,0.017787775,0.0029948216,-0.10772603,0.0005919774
0.06722293,-0.43508413,0.44255704,-0.051685855,0.0030846638,0.0,0.0,0.0,0.025465826,0.0,-0.0028311147,0.0,0.035573233,0.0,0.0008860773,0.00082474446,0.19909091,0.0,-0.2356304,0.0,0.0,-0.06957367,0.0,0.0,0.0,0.0,0.0,0.097788095,0.0,0.0008712949,0.010109393,0.0,0.03268112,0.0012553849,0.0,0.041109182,0.43201512,-0.03606665,0.04651968,0.06297154,0.0,0.0029673309,0.00056854245,-0.14940098,0.00047790786
0.13230778,0.28580177,-0.34753552,0.021029642,0.0038481215,0.0,0.0,0.0,0.017643085,0.0,-0.0045834514,0.0,-0.0782803,0.0,-0.00083217025,0.00082474446,-0.3186651,0.0,-0.3508344,0.0,0.0,-0.047198478,0.0,0.0,0.0,0.0,0.0,-0.32333115,0.0,0.0007378072,0.0023605714,0.0,-0.019081382,0.0010527901,0.0,-0.028935755,0.50805354,-0.026857154,0.08037615,-0.09854304,0.0,-0.017966695,0.00056854245,-0.09760597,-0.0044233957
-0.02262724,-0.123371534,-0.09517507,-0.094243266,-0.0011254315,0.0,0.0,0.0,0.023599548,0.0,-0.0047195475,0.0,0.06351024,0.0,0.0008860773,-0.0018972601,-0.29858655,0.0,-0.23323351,0.0,0.0,0.040261403,0.0,0.0,0.0,0.0,0.0,0.1261857,0.0,0.0008712949,0.010109393,0.0,0.048416123,-0.002082019,0.0,-0.036826875,0.4805544,-0.026733205,0.041551385,-0.2179274,0.0,-0.002424514,0.0004675381,-0.22846442,-0.0015021125
-0.010830529,0.6556994,0.5605148,-0.013634435,-0.006824146,0.0,0.0,0.0,0.0299893,0.0,-0.0042897584,0.0,0.071607634,0.0,0.0054231794,0.0011452292,0.17389554,0.0,0.1965531,0.0,0.0,-0.069670245,0.0,0.0,0.0,0.0,0.0,0.132035,0.0,0.0008712949,0.010109393,0.0,0.03773336,0.002744601,0.0,0.035995018,0.536866,-0.03964842,0.034244623,0.12480012,0.0,0.0073685125,0.0006897679,-0.13189606,0.00047790786
-0.020645624,-0.4156525,-0.1409213,-0.06177773,-0.0034087119,0.0,0.0,0.0,-0.074639454,0.0,-0.004486008,0.0,0.044721093,0.0,0.0008860773,-0.0018972601,-0.13178335,0.0,-0.22936416,0.0,0.0,0.08719929,0.0,0.0,0.0,0.0,0.0,-0.24417982,0.0,-0.015147548,0.0037387437,0.0,0.04523781,0.0010527901,0.0,0.07309928,-0.8465162,-0.16574232,-0.2660437,-0.092839524,0.0,0.0044905534,0.0004675381,-0.18868111,0.00047790786
-0.011254996,-0.48643926,-0.1406329,-0.03399531,-0.0016861674,0.0,0.0,0.0,0.03729326,0.0,-0.004486008,0.0,0.088694066,0.0,0.0008860773,-0.0018972601,-0.16755229,0.0,-0.31057075,0.0,0.0,-0.12994657,0.0,0.0,0.0,0.0,0.0,-0.31117782,0.0,-0.010383418,0.0037387437,0.0,0.035510115,0.0010527901,0.0,0.01862815,-0.8442883,-0.16574232,-0.2675259,0.039023347,0.0,0.001696053,0.0004675381,0.21324717,0.00047790786
0.0702289,-0.4348654,-0.10077362,-0.035708964,0.00037425695,0.0,0.0,0.0,0.013042632,0.0,-0.0028311147,0.0,0.06499743,0.0,0.001603096,0.00082474446,0.18350692,0.0,0.15711415,0.0,0.0,0.020573327,0.0,0.0,0.0,0.0,0.0,0.14425646,0.0,0.0008712949,-0.009753089,0.0,-0.028743288,-0.002082019,0.0,-0.036826875,0.5369125,-0.030314967,0.030647468,0.0578833,0.0,0.0017812458,0.0006897679,-0.2344602,0.001407335
0.052814033,-0.3003574,-0.019242056,-0.00036599272,-0.0011967476,0.0,0.0,0.0,0.01717856,0.0,-0.0028311147,0.0,0.0869962,0.0,0.001603096,0.00082474446,0.2233993,0.0,0.17184114,0.0,0.0,0.04546902,0.0,0.0,0.0,0.0,0.0,-0.25986227,0.0,-0.010383418,-0.0036069527,0.0,-0.029223438,-0.0007986329,0.0,-0.01817747,0.51778674,-0.030438917,0.05628827,0.04920369,0.0,0.002281874,0.0006897679,0.2594364,0.001407335
-0.017542666,0.09528931,-0.16363218,-0.008059882,0.0033541908,0.0,0.0,0.0,0.03860151,0.0,0.012914714,0.0,0.096311525,0.0,-0.0025244548,-0.0015942659,-0.17426817,0.0,0.249563,0.0,0.0,-0.118073575,0.0,0.0,0.0,0.0,0.0,-0.20400523,0.0,-0.008064239,0.0037387437,0.0,0.030854201,0.0010527901,0.0,0.090586334,-0.70815223,0.15968803,0.052677654,-0.21373862,0.0,-0.0016888061,0.0005887636,0.17692097,0.00047790786
-0.010429267,0.88349354,-0.01542391,0.17104506,0.0008880644,0.0,0.0,0.0,0.010332015,0.0,-0.0047603124,0.0,-0.12870277,0.0,-0.0025244548,0.012792513,0.16750503,0.0,0.16537304,0.0,0.0,0.041775316,0.0,0.0,0.0,0.0,0.0,0.22811058,0.0,0.0056710923,-0.0041200104,0.0,-0.021660576,-0.002082019,0.0,-0.016514113,0.61489743,-0.030314967,0.02515618,0.08787179,0.0,-0.0015161962,0.003116047,0.20425794,0.0005919774
0.13013683,-0.2611893,0.019674905,-0.06016071,0.012999661,0.0,0.0,0.0,0.010413679,0.0,-0.0037580256,0.0,-0.08610111,0.0,-0.0007462308,0.00082474446,0.20722295,0.0,0.13192196,0.0,0.0,-0.025436072,0.0,0.0,0.0,0.0,0.0,0.10937708,0.0,0.0008712949,-0.009753089,0.0,-0.022409836,0.002744601,0.0,0.040691633,0.53696275,-0.040954176,0.039109446,-0.16779621,0.0,0.0030967796,0.0006897679,-0.1605787,0.001407335
-0.0072459662,-0.93248355,0.27117255,-0.06308777,0.00038571784,0.0,0.0,0.0,0.03729326,0.0,-0.0028311147,0.0,0.09188135,0.0,0.0008860773,0.0011452292,0.103249095,0.0,-0.39544743,0.0,0.0,-0.06670894,0.0,0.0,0.0,0.0,0.0,0.19649835,0.0,0.00059738336,0.010109393,0.0,0.04857458,-0.002082019,0.0,-0.01872343,-1.0204993,-0.10330071,-0.19014227,0.09757164,0.0,-0.0015202136,0.00056854245,0.32216755,0.00047790786
-0.027493805,0.8754891,-0.23600556,0.14806809,-0.0042438754,0.0,0.0,0.0,0.016786575,0.0,-0.005054005,0.0,-0.059274465,0.0,-0.00083217025,-0.006707067,-0.26321495,0.0,-0.26826513,0.0,0.0,-0.041330837,0.0,0.0,0.0,0.0,0.0,-0.28825694,0.0,0.008358839,0.0023605714,0.0,-0.017921455,0.0010527901,0.0,-0.028935755,0.55970454,-0.026857154,0.09729773,-0.14721473,0.0,-0.0062968787,-0.06880761,-0.10360378,0.0005919774
-0.01770263,-0.35745057,-0.18184085,-0.038708426,8.831959e-05,0.0,0.0,0.0,0.028687181,0.0,0.012503779,0.0,0.0920081,0.0,-0.00041246324,-0.0015942659,-0.13172263,0.0,-0.24494863,0.0,0.0,0.11250597,0.0,0.0,0.0,0.0,0.0,-0.2683956,0.0,-0.008064239,0.0037387437,0.0,0.045697637,-0.0007986329,0.0,-0.01872343,-0.84750533,-0.08801111,-0.18603852,-0.10657581,0.0,-0.0011022909,0.0004675381,0.3618472,0.00047790786
-0.013063697,0.34844136,-0.5167461,0.011183228,0.003346783,0.0,0.0,0.0,-0.058358006,0.0,-0.0045834514,0.0,-0.073758624,0.0,-0.00083217025,0.00013513495,-0.12039973,0.0,-0.2965474,0.0,0.0,-0.047737893,0.0,0.0,0.0,0.0,0.0,-0.3072149,0.0,0.0007378072,0.0023605714,0.0,-0.0038737245,0.0010527901,0.0,-0.14813522,-1.0008441,0.081996046,0.08037615,0.06485387,0.0,-0.017969938,-0.0066033686,-0.09614486,0.001407335
-0.013653941,-0.1825561,-0.12120766,-0.028232405,0.0008880644,0.0,0.0,0.0,0.010848434,0.0,-0.0047195475,0.0,-0.12415056,0.0,-0.0007462308,-0.0018972601,-0.29789048,0.0,0.1501839,0.0,0.0,-0.042654205,0.0,0.0,0.0,0.0,0.0,0.14509113,0.0,0.0007378072,-0.009753089,0.0,-0.028162297,0.002744601,0.0,0.041415974,0.43663993,-0.040954176,0.037567563,0.09474267,0.0,-0.0020425096,0.0005887636,-0.17162889,-0.0044233957
-0.019887783,0.90389127,-0.20914307,0.08989476,-0.0012802833,0.0,0.0,0.0,0.0149362115,0.0,-0.007687144,0.0,-0.09044561,0.0,-0.0025244548,-0.021194363,-0.23913303,0.0,0.1657717,0.0,0.0,0.028037356,0.0,0.0,0.0,0.0,0.0,0.196876,0.0,0.008358839,-0.0041200104,0.0,-0.023280816,-0.002082019,0.0,-0.028935755,0.57225776,-0.030314967,0.036680486,0.08554251,0.0,-0.0014519775,0.0011661218,-0.1696225,-0.0018606446
-0.0082126735,0.48238674,0.008992175,-0.032992844,-0.0006428057,0.0,0.0,0.0,0.01833942,0.0,-0.0042897584,0.0,-0.16101086,0.0,-0.0025244548,0.0011452292,0.19699699,0.0,0.2193171,0.0,0.0,0.055045344,0.0,0.0,0.0,0.0,0.0,0.15841159,0.0,0.00059738336,0.010109393,0.0,0.03159886,-0.002082019,0.0,-0.016514113,0.6065372,-0.030314967,0.024354007,0.096814685,0.0,-0.0021067285,0.0006897679,0.18252549,0.00047790786
-0.027493805,0.9538134,-0.25367147,0.14806809,-0.0042438754,0.0,0.0,0.0,0.016353026,0.0,-0.005054005,0.0,-0.059274465,0.0,-0.00083217025,0.012792513,-0.26321495,0.0,-0.26846814,0.0,0.0,-0.041330837,0.0,0.0,0.0,0.0,0.0,-0.28825694,0.0,0.008358839,0.0023605714,0.0,-0.01847295,0.0010527901,0.0,-0.028935755,0.55970454,-0.026857154,0.09729773,-0.14721473,0.0,-0.0068660825,0.0029948216,-0.10360378,-0.0018606446
-0.0131103005,0.33543012,-0.16988182,-0.016047623,-0.0037612498,0.0,0.0,0.0,0.01720201,0.0,-0.0047195475,0.0,-0.10874167,0.0,-0.0025244548,-0.00021668678,-0.36472723,0.0,0.19602923,0.0,0.0,0.03400329,0.0,0.0,0.0,0.0,0.0,-0.30108574,0.0,-0.012828371,-0.0036069527,0.0,-0.024095433,-0.0007986329,0.0,-0.028935755,0.4797834,-0.030438917,0.05580853,0.06962282,0.0,0.0011737567,-0.004291843,-0.15726762,0.001407335
-0.02186572,-0.52589,0.3129849,-0.024278428,0.0028580325,0.0,0.0,0.0,0.050505497,0.0,-0.0028311147,0.0,0.043960333,0.0,0.001603096,0.0011452292,0.22650288,0.0,0.1291704,0.0,0.0,-0.09620172,0.0,0.0,0.0,0.0,0.0,-0.17475042,0.0,-0.010383418,0.0037387437,0.0,0.037968814,0.000697852,0.0,0.019343577,0.43451273,-0.03977237,0.04867643,-0.18433878,0.0,-0.0018840398,0.0006897679,0.12907867,0.00047790786
-0.008181498,-0.101079725,0.49775517,-0.056543186,0.0055707144,0.0,0.0,0.0,-0.107075475,0.0,-0.0029851082,0.0,-0.10414994,0.0,-0.0007462308,0.0011452292,0.23581597,0.0,0.137153,0.0,0.0,-0.10906099,0.0,0.0,0.0,0.0,0.0,-0.24175812,0.0,-0.010383418,0.0037387437,0.0,0.012624432,0.0010527901,0.0,0.018926028,0.46943888,-0.043231074,0.07173245,0.08656818,0.0,0.0019002381,0.0006897679,0.14197673,0.00047790786
0.053335533,-0.3494576,-0.05636465,-0.10029621,0.00037425695,0.0,0.0,0.0,0.01717856,0.0,-0.011517948,0.0,0.09515441,0.0,0.001603096,0.00082474446,0.19890383,0.0,0.17164549,0.0,0.0,0.044829186,0.0,0.0,0.0,0.0,0.0,0.14633404,0.0,0.00059738336,-0.009753089,0.0,-0.028743288,-0.002082019,0.0,-0.01817747,0.5355639,-0.030314967,0.023635255,0.063009456,0.0,-0.00093439256,0.0006897679,0.2880189,0.001407335
-0.0086013805,-0.20635845,0.7945489,-0.036994882,-0.004610263,0.0,0.0,0.0,0.028955895,0.0,-0.0028311147,0.0,0.078794524,0.0,0.0008860773,0.0011452292,0.10016545,0.0,-0.2354229,0.0,0.0,0.12271782,0.0,0.0,0.0,0.0,0.0,-0.22329265,0.0,-0.010383418,0.0037387437,0.0,0.06707012,0.000697852,0.0,0.01862815,-0.85383296,-0.155018,-0.17550917,0.07384492,0.0,0.00091430417,0.00056854245,0.21966986,0.00047790786
-0.008087834,0.47202682,0.7893617,-0.030357521,0.007959893,0.0,0.0,0.0,0.03700638,0.0,-0.0042897584,0.0,-0.112882584,0.0,-0.0025244548,0.0011452292,0.104605205,0.0,0.21105546,0.0,0.0,-0.09411869,0.0,0.0,0.0,0.0,0.0,-0.1907214,0.0,-0.010383418,0.0037387437,0.0,0.024668898,0.0010527901,0.0,0.08622367,-0.8899017,0.14118822,0.069303066,0.09577806,0.0,0.0011095378,0.0006897679,0.11736192,0.00047790786
-0.008119185,-0.6120306,0.5657951,-0.13617198,-6.4385706e-05,0.0,0.0,0.0,-0.12068082,0.0,-0.0028311147,0.0,0.09621985,0.0,0.001603096,0.0011452292,0.09184374,0.0,0.17392863,0.0,0.0,0.08590075,0.0,0.0,0.0,0.0,0.0,-0.2729565,0.0,-0.010383418,0.0037387437,0.0,0.05684189,0.0010527901,0.0,0.01862815,-0.8448377,-0.18012184,-0.19643031,0.08657561,0.0,0.0015138601,0.0006897679,0.18899737,0.00047790786
-0.021686507,0.30497268,-0.34423864,0.021029642,-0.0042438754,0.0,0.0,0.0,0.017643085,0.0,-0.0045834514,0.0,-0.0782803,0.0,-0.00083217025,0.00013513495,-0.3221937,0.0,-0.3506314,0.0,0.0,-0.047198478,0.0,0.0,0.0,0.0,0.0,-0.32307172,0.0,0.0007378072,0.0023605714,0.0,-0.019287568,0.0010527901,0.0,-0.028935755,0.50805354,-0.026857154,0.08037615,-0.14207415,0.0,-0.02058609,-0.0066033686,-0.10788532,0.001407335
-0.021733113,0.15023889,-0.19911832,-0.010376828,-0.0042438754,0.0,0.0,0.0,-0.07092059,0.0,0.012914714,0.0,0.05357758,0.0,-0.00083217025,8.630735e-05,-0.14578341,0.0,-0.27816805,0.0,0.0,-0.07040453,0.0,0.0,0.0,0.0,0.0,-0.25519094,0.0,-0.012828371,-0.0036069527,0.0,-0.011558657,0.0010527901,0.0,0.07356724,-0.90425074,-0.16574232,-0.31664842,-0.1585562,0.0,-0.0018067801,-0.004013705,-0.12514207,0.001407335
-0.024828985,-0.42078796,-0.31377214,-0.107227795,0.0013216623,0.0,0.0,0.0,0.015191946,0.0,-0.019792344,0.0,-0.07450958,0.0,-0.00041246324,0.0011452292,-0.3039637,0.0,-0.23537321,0.0,0.0,-0.047198478,0.0,0.0,0.0,0.0,0.0,-0.2472603,0.0,0.0007378072,0.0037387437,0.0,-0.031297382,0.0010527901,0.0,-0.036955625,0.45161524,-0.026857154,0.07830102,-0.116547056,0.0,-0.025037764,0.00056854245,-0.09795592,-0.0044233957
-0.012106642,0.46396974,-0.14838682,-0.021188395,0.003346783,0.0,0.0,0.0,-0.035699658,0.0,-0.0047195475,0.0,-0.08060149,0.0,-0.00083217025,-0.0018972601,-0.26654497,0.0,-0.3460983,0.0,0.0,0.04544259,0.0,0.0,0.0,0.0,0.0,-0.31259826,0.0,-0.015147548,-0.0036069527,0.0,-0.0126634445,0.0010527901,0.0,0.032879587,0.5045021,-0.037496362,0.06815237,0.06342666,0.0,-0.0034311528,0.0004675381,-0.13728207,0.001407335
-0.022259723,0.50610363,-0.1359382,0.023751639,0.0008954721,0.0,0.0,0.0,0.030391116,0.0,0.012914714,0.0,0.074570276,0.0,-0.0025244548,8.630735e-05,-0.24744062,0.0,0.19729312,0.0,0.0,0.041409846,0.0,0.0,0.0,0.0,0.0,0.1430622,0.0,0.0007378072,0.008210573,0.0,0.03174646,-0.002082019,0.0,-0.030243225,0.56130815,-0.030314967,0.032470018,-0.24618903,0.0,-0.002424514,-0.004291843,-0.1981169,0.00047790786
-0.027493805,0.95727646,-0.2503776,0.1909375,0.0038481215,0.0,0.0,0.0,0.016353026,0.0,-0.005054005,0.0,-0.059274465,0.0,-0.00083217025,0.012792513,-0.26321495,0.0,-0.26846814,0.0,0.0,-0.041330837,0.0,0.0,0.0,0.0,0.0,-0.2851655,0.0,0.008358839,0.0023605714,0.0,-0.0179928,0.0010527901,0.0,-0.028935755,0.55970454,-0.026857154,0.09729773,-0.14656356,0.0,-0.0068660825,0.0029948216,-0.10360378,-0.0018606446
-0.0082126735,0.21981576,0.46838957,-0.05542728,-0.006824146,0.0,0.0,0.0,0.044173926,0.0,-0.0042897584,0.0,0.08856051,0.0,0.0054231794,0.0011452292,0.24593668,0.0,0.16603895,0.0,0.0,-0.107972614,0.0,0.0,0.0,0.0,0.0,0.114325605,0.0,0.00059738336,0.010109393,0.0,0.047762036,0.0012553849,0.0,0.01868328,0.50714546,-0.03964842,0.02420292,0.12343108,0.0,-0.0028884774,0.0006897679,0.18622859,0.00047790786
-0.021649282,-0.50511354,-0.120012656,-0.06313966,8.831959e-05,0.0,0.0,0.0,0.030337289,0.0,-0.004486008,0.0,0.055257887,0.0,0.001603096,-0.00021668678,-0.13019718,0.0,0.22003509,0.0,0.0,0.05361389,0.0,0.0,0.0,0.0,0.0,-0.24165049,0.0,-0.015147548,0.0037387437,0.0,0.044898782,0.0010527901,0.0,0.07309928,-0.8293648,-0.19084615,-0.23523688,-0.15522435,0.0,-0.001038072,-0.004291843,-0.21643241,0.00047790786
-0.024828985,-0.27849725,-0.38879973,-0.10832407,-0.0016793734,0.0,0.0,0.0,0.015191946,0.0,-0.019792344,0.0,-0.07450958,0.0,-0.00041246324,0.0011452292,-0.14377964,0.0,-0.20382985,0.0,0.0,-0.041956577,0.0,0.0,0.0,0.0,0.0,-0.19768935,0.0,0.0007378072,0.0037387437,0.0,-0.031777535,0.0010527901,0.0,-0.15615508,-0.8357535,0.081996046,0.07830102,-0.115933694,0.0,-0.025037764,0.00056854245,-0.10287339,-0.0044233957
0.04681341,0.5100704,0.042801417,-0.016675694,0.00039413373,0.0,0.0,0.0,0.02803364,0.0,-0.0042897584,0.0,0.12782186,0.0,0.0054231794,0.00082474446,0.193853,0.0,0.22861074,0.0,0.0,0.06490719,0.0,0.0,0.0,0.0,0.0,0.15627562,0.0,0.00059738336,0.010109393,0.0,0.028890537,-0.002082019,0.0,-0.017821584,0.6065372,-0.030314967,0.024354007,0.0870353,0.0,-0.0015209079,0.0006897679,0.2128023,0.00047790786
-0.01062072,-1.3240917,-0.124645784,-0.05536339,-0.0011914009,0.0,0.0,0.0,0.025599815,0.0,-0.004486008,0.0,0.0501564,0.0,0.0008860773,-0.0018972601,-0.10515009,0.0,-0.46915972,0.0,0.0,-0.049782034,0.0,0.0,0.0,0.0,0.0,-0.32564595,0.0,-0.015147548,0.0037387437,0.0,0.026627347,0.0010527901,0.0,0.07309928,-0.8585696,-0.17083718,-0.32660896,0.051184185,0.0,0.0049620075,0.020313105,-0.18486358,0.00047790786
-0.008781608,0.4265031,-0.106474005,-0.046101775,0.0008880644,0.0,0.0,0.0,0.012597819,0.0,-0.0042897584,0.0,-0.1488107,0.0,-0.00083217025,0.0011452292,0.167748,0.0,-0.3417738,0.0,0.0,0.054723576,0.0,0.0,0.0,0.0,0.0,0.16685693,0.0,0.00059738336,-0.009753089,0.0,-0.023026688,-0.002082019,0.0,-0.016514113,0.61568356,-0.026733205,0.033564694,0.094820395,0.0,-0.0021067285,0.00056854245,0.19980311,0.001407335
-0.0083063375,-0.124558344,-0.003998938,-0.10865557,-0.003759903,0.0,0.0,0.0,-0.09017435,0.0,-0.0042897584,0.0,0.10383329,0.0,0.001603096,0.0011452292,0.1969984,0.0,0.17165288,0.0,0.0,0.07121215,0.0,0.0,0.0,0.0,0.0,0.16344805,0.0,0.00059738336,0.010109393,0.0,0.042007178,-0.002082019,0.0,-0.01817747,0.539987,-0.030314967,0.0239635,0.1048967,0.0,-0.0022889215,0.0006897679,0.27946687,0.00047790786
-0.015808683,-0.41041303,-0.08432067,-0.011234419,-0.00010916684,0.0,0.0,0.0,0.018236019,0.0,-0.004486008,0.0,-0.088913605,0.0,-0.0007462308,-0.00021668678,-0.29040763,0.0,0.15474488,0.0,0.0,-0.03880148,0.0,0.0,0.0,0.0,0.0,0.15195833,0.0,0.0008712949,0.010109393,0.0,0.031546067,-0.002082019,0.0,-0.036651637,0.45401874,-0.030314967,0.035723723,0.077046275,0.0,-0.0014559947,-0.004291843,-0.18554132,0.00047790786
-0.018064994,0.3888625,-0.33406615,0.019199423,0.0038481215,0.0,0.0,0.0,0.025410624,0.0,-0.0045834514,0.0,-0.109634645,0.0,-0.00083217025,0.0011452292,-0.29745558,0.0,-0.36016378,0.0,0.0,-0.097355545,0.0,0.0,0.0,0.0,0.0,-0.34026307,0.0,0.00046389567,0.0023605714,0.0,-0.018807417,0.0010527901,0.0,-0.016514113,0.5084621,-0.026857154,0.07039001,-0.14765605,0.0,-0.020650309,0.00056854245,0.13872263,0.001407335
-0.021778181,-0.4642535,-0.45157227,-0.100477114,-0.000549158,0.0,0.0,0.0,-0.073482476,0.0,-0.019792344,0.0,-0.050046917,0.0,-0.00041246324,0.0011452292,-0.13666384,0.0,-0.23347002,0.0,0.0,-0.054023977,0.0,0.0,0.0,0.0,0.0,-0.25435892,0.0,0.0007378072,0.0037387437,0.0,-0.010373532,0.0010527901,0.0,-0.07636209,-0.908071,-0.08801111,-0.28074378,-0.09371479,0.0,-0.025219956,0.00056854245,-0.119547546,-0.0044233957
-0.019249523,-0.093454204,-0.10209277,-0.039901245,0.0013894028,0.0,0.0,0.0,0.026819915,0.0,-0.0047195475,0.0,-0.13187148,0.0,-0.0025244548,-0.0018972601,-0.33444998,0.0,0.16022205,0.0,0.0,-0.093526706,0.0,0.0,0.0,0.0,0.0,0.13021483,0.0,0.00046389567,-0.009753089,0.0,-0.026012199,-0.002082019,0.0,-0.018306224,0.4570959,-0.030314967,0.027422199,-0.23768412,0.0,-0.0024887328,0.0005887636,0.19322003,0.001407335
-0.008488568,-1.5212328,0.72700614,-0.09472205,-0.0011914009,0.0,0.0,0.0,0.02669872,0.0,-0.0028311147,0.0,0.030515729,0.0,0.0008860773,0.00013513495,0.07637958,0.0,-0.34068686,0.0,0.0,0.09665717,0.0,0.0,0.0,0.0,0.0,-0.22511996,0.0,-0.015147548,0.0037387437,0.0,0.04447914,0.000697852,0.0,0.07309928,-0.887009,-0.16011286,-0.21134406,0.08009178,0.0,-0.010187482,-0.051868074,-0.1845916,0.00047790786
0.09836973,-0.33887967,-0.18245196,0.012674818,-0.0039018083,0.0,0.0,0.0,0.013150646,0.0,-0.004486008,0.0,0.060303476,0.0,0.001603096,0.0003161195,-0.122311644,0.0,0.2603961,0.0,0.0,0.02341243,0.0,0.0,0.0,0.0,0.0,-0.22498372,0.0,-0.015147548,-0.0036069527,0.0,-0.028743288,0.0010527901,0.0,0.14704137,-0.63519865,0.15968803,0.055249,0.044308238,0.0,0.0043796673,-0.004291843,-0.176854,0.001407335
-0.024828985,-0.2525896,-0.40225494,-0.13314329,-0.0016793734,0.0,0.0,0.0,0.015191946,0.0,-0.019792344,0.0,-0.07450958,0.0,-0.00041246324,0.0011452292,-0.14377964,0.0,-0.23347002,0.0,0.0,-0.062495623,0.0,0.0,0.0,0.0,0.0,-0.2546621,0.0,0.0007378072,0.0037387437,0.0,-0.031777535,0.0010527901,0.0,-0.07666607,-0.9151868,-0.08801111,-0.28074378,-0.115933694,0.0,-0.025037764,0.00056854245,-0.12503685,-0.0044233957
-0.008781608,0.44751456,-0.109995596,-0.040499356,-0.0012802833,0.0,0.0,0.0,0.012597819,0.0,-0.0042897584,0.0,-0.16101086,0.0,-0.0025244548,0.0011452292,0.19804259,0.0,0.19614214,0.0,0.0,0.047101427,0.0,0.0,0.0,0.0,0.0,0.17173555,0.0,0.00059738336,-0.009753089,0.0,-0.023506839,-0.002082019,0.0,-0.016514113,0.6065372,-0.030314967,0.022483882,0.096814685,0.0,-0.0021067285,0.0006897679,0.2062144,0.001407335
-0.016206173,-0.3954675,-0.3389903,-0.10061744,-0.0011967476,0.0,0.0,0.0,-0.050467588,0.0,-0.019792344,0.0,-0.06128885,0.0,-0.00041246324,0.00013513495,-0.3039637,0.0,-0.2601596,0.0,0.0,-0.050711986,0.0,0.0,0.0,0.0,0.0,-0.28483322,0.0,0.0007378072,0.0037387437,0.0,-0.012523114,0.0010527901,0.0,-0.036955625,0.45368862,-0.026857154,0.07830102,0.05334685,0.0,-0.022421611,-0.0066033686,-0.106438,0.001407335
-0.010429267,0.95746344,0.21906814,0.15424557,-0.0012802833,0.0,0.0,0.0,0.018168723,0.0,-0.0047603124,0.0,-0.11590991,0.0,-0.0025244548,0.012792513,0.18182713,0.0,0.19199869,0.0,0.0,-0.059513617,0.0,0.0,0.0,0.0,0.0,0.20474061,0.0,0.0056710923,-0.0041200104,0.0,-0.0034399794,0.002744601,0.0,0.017742842,0.61396915,-0.040954176,0.033829033,0.09711678,0.0,-0.0015161962,0.003116047,0.13316114,0.0005919774
-0.009170315,-0.25089222,-0.10189882,0.03782381,0.00082032394,0.0,0.0,0.0,0.00981994,0.0,-0.0028311147,0.0,-0.14948906,0.0,-0.0007462308,0.0011452292,0.09692111,0.0,0.25783813,0.0,0.0,0.05777731,0.0,0.0,0.0,0.0,0.0,-0.28192553,0.0,-0.010383418,-0.0036069527,0.0,-0.030261122,-0.0007986329,0.0,-0.018548196,-1.0128901,-0.11311493,-0.18387781,0.07575629,0.0,0.001696053,0.0006897679,0.29811338,0.001407335
-0.013932543,-1.5306959,0.5645179,0.036617704,-0.0039626732,0.0,0.0,0.0,-0.099401,0.0,-0.0028311147,0.0,-0.042818528,0.0,-0.00041246324,0.0011452292,0.07888531,0.0,-0.3391843,0.0,0.0,-0.065087944,0.0,0.0,0.0,0.0,0.0,-0.2407876,0.0,-0.015147548,0.0037387437,0.0,0.025735918,0.0010527901,0.0,0.072681725,-0.8806643,-0.16011286,-0.31269246,-0.16040865,0.0,0.014875289,0.020414108,-0.1260112,0.00047790786
-0.020645624,-0.52472013,-0.09326579,-0.048473176,-0.00034630485,0.0,0.0,0.0,0.0348108,0.0,-0.004486008,0.0,0.053191237,0.0,0.001603096,-0.0018972601,-0.13589518,0.0,0.23228474,0.0,0.0,-0.05636757,0.0,0.0,0.0,0.0,0.0,-0.25187305,0.0,-0.015147548,0.0037387437,0.0,0.018735591,0.0010527901,0.0,0.07309928,-0.82878184,-0.19084615,-0.26722613,-0.14027478,0.0,0.0042141266,0.0005887636,-0.17305334,0.00047790786
0.13377623,-0.45972058,-0.099410735,-0.042723026,-0.0039626732,0.0,0.0,0.0,0.027279,0.0,-0.004486008,0.0,0.047942936,0.0,0.0008860773,0.0003161195,-0.12201611,0.0,-0.2484423,0.0,0.0,-0.062322862,0.0,0.0,0.0,0.0,0.0,-0.24962784,0.0,-0.015147548,0.0037387437,0.0,0.04794001,0.0010527901,0.0,0.07309928,-0.838628,-0.16574232,-0.31202036,-0.06561753,0.0,0.0015813231,-0.004013705,-0.14384328,0.00047790786
-0.016252778,-0.13219798,-0.18315975,-0.13323551,0.00082032394,0.0,0.0,0.0,-0.03544543,0.0,-0.012168519,0.0,-0.05347066,0.0,-0.00041246324,-0.0018972601,-0.15335017,0.0,-0.23296352,0.0,0.0,-0.0350373,0.0,0.0,0.0,0.0,0.0,-0.23611929,0.0,-0.015147548,-0.0036069527,0.0,-0.009990211,-0.0007986329,0.0,-0.15585108,-0.8360402,0.081996046,0.07830102,0.052611277,0.0,-0.0034601106,0.0004675381,-0.11690902,-0.0044233957
-0.015611077,-0.52889276,0.32445988,-0.050614674,-0.0035125702,0.0,0.0,0.0,0.034832995,0.0,-0.0028311147,0.0,0.10047302,0.0,0.001603096,0.0011452292,0.085682675,0.0,0.19887443,0.0,0.0,0.07515348,0.0,0.0,0.0,0.0,0.0,0.14818348,0.0,0.00059738336,0.010109393,0.0,0.05869666,0.002744601,0.0,0.01862815,-0.94652236,-0.20531781,-0.0968028,-0.27040216,0.0,-0.0019022179,0.0006897679,0.28466347,0.00047790786
-0.021686507,0.17836271,-0.35043454,-0.02982333,0.0038481215,0.0,0.0,0.0,-0.058358006,0.0,-0.0045834514,0.0,-0.061778486,0.0,-0.00083217025,0.0011452292,-0.3768193,0.0,-0.3508344,0.0,0.0,-0.052112076,0.0,0.0,0.0,0.0,0.0,-0.26966575,0.0,0.0007378072,0.0032900295,0.0,-0.005665521,0.0010527901,0.0,-0.028935755,0.48143166,-0.026857154,0.08037615,-0.14737336,0.0,-0.020768283,0.00056854245,-0.09235179,-0.0044233957
0.06911736,-0.5789679,0.56922436,-0.053482886,-0.0011914009,0.0,0.0,0.0,0.023667585,0.0,-0.0028311147,0.0,0.05241613,0.0,0.001603096,-0.00018534983,0.08174191,0.0,0.16640824,0.0,0.0,0.04066953,0.0,0.0,0.0,0.0,0.0,-0.16513015,0.0,-0.015147548,0.0037387437,0.0,0.044997625,0.0010527901,0.0,0.14704137,-0.6840256,0.16379204,0.07352584,0.066202156,0.0,0.0043796673,-0.006881507,-0.12917168,0.00047790786
-0.011237687,-0.41309118,-0.08535418,-0.065822884,0.008717025,0.0,0.0,0.0,0.011064731,0.0,-0.0028311147,0.0,-0.08921224,0.0,-0.0007462308,0.0011452292,0.09681105,0.0,0.24374363,0.0,0.0,0.04165722,0.0,0.0,0.0,0.0,0.0,-0.2686329,0.0,-0.015147548,-0.0036069527,0.0,-0.033665787,0.0010527901,0.0,0.072681725,-1.0123955,-0.19084615,-0.23010656,0.046206076,0.0,-0.005422732,0.0006897679,-0.15817748,0.001407335
-0.021649282,-0.44554085,-0.120468035,-0.054537546,8.831959e-05,0.0,0.0,0.0,0.027770223,0.0,-0.004486008,0.0,-0.06674715,0.0,-0.00041246324,-0.0018972601,-0.13178335,0.0,-0.20517676,0.0,0.0,0.03295976,0.0,0.0,0.0,0.0,0.0,-0.15720133,0.0,-0.015147548,0.0037387437,0.0,0.046957694,0.0010527901,0.0,0.14662382,-0.6788238,0.14841963,0.07726187,-0.09311272,0.0,-0.001038072,0.0004675381,-0.1293986,-0.0015021125
-0.019402565,0.85082453,0.07075174,0.20924142,0.0008954721,0.0,0.0,0.0,0.015375879,0.0,-0.0047603124,0.0,-0.107444316,0.0,-0.0025244548,0.012792513,0.16750503,0.0,0.17418918,0.0,0.0,0.0494819,0.0,0.0,0.0,0.0,0.0,0.18569906,0.0,0.0056710923,0.0042706355,0.0,0.029377837,-0.002082019,0.0,-0.016514113,0.6195672,-0.030314967,0.027026307,-0.20205902,0.0,-0.0018982007,0.003116047,0.19806005,0.0003059106
-0.02233141,-0.3737011,-0.10804419,-0.0028099022,-0.000549158,0.0,0.0,0.0,-0.033401236,0.0,-0.004486008,0.0,-0.0463478,0.0,-0.00041246324,-0.00021668678,-0.30879164,0.0,-0.23503107,0.0,0.0,-0.039411485,0.0,0.0,0.0,0.0,0.0,-0.22165085,0.0,-0.012828371,-0.0036069527,0.0,-0.008678565,-0.0007986329,0.0,-0.036651637,0.44438112,-0.026857154,0.07830102,-0.09497931,0.0,-0.0012202652,-0.004013705,-0.094489254,0.001407335
-0.019519176,-0.059481762,-1.1840822,-0.032193303,0.0038481215,0.0,0.0,0.0,0.017643085,0.0,-0.0045834514,0.0,-0.12744704,0.0,-0.00083217025,0.0011452292,-0.13139227,0.0,-0.24519818,0.0,0.0,-0.05326137,0.0,0.0,0.0,0.0,0.0,-0.19027202,0.0,0.0007378072,0.0037387437,0.0,-0.027803997,0.0010527901,0.0,-0.15615508,-0.86498463,0.081996046,0.07603893,-0.34943342,0.0,-0.02058609,0.0005507715,-0.12846327,-0.0044233957
-0.01225299,-0.17021702,0.01801593,-0.09100334,-0.003759903,0.0,0.0,0.0,-0.086541206,0.0,-0.0042897584,0.0,0.07271668,0.0,0.001603096,0.00013513495,0.20531753,0.0,0.15942933,0.0,0.0,-0.04726644,0.0,0.0,0.0,0.0,0.0,0.14642273,0.0,0.0008712949,0.010109393,0.0,0.025688896,-0.002082019,0.0,-0.036826875,0.5588465,-0.030314967,0.037922088,0.10343046,0.0,-0.0022247026,-0.006881507,-0.19071382,0.00047790786
0.04725766,-0.6028545,0.47462445,-0.065379255,-0.0016374681,0.0,0.0,0.0,0.042865682,0.0,-0.0028311147,0.0,0.08173004,0.0,0.001603096,0.00082474446,0.09001299,0.0,0.18412991,0.0,0.0,-0.05606999,0.0,0.0,0.0,0.0,0.0,0.10855373,0.0,0.00059738336,0.010109393,0.0,0.03733424,0.002744601,0.0,0.08782441,-0.71394926,0.14030385,0.027406657,0.07970129,0.0,-0.0017161415,0.0006897679,0.19053406,0.00047790786
-0.024828985,-0.28206286,-0.4020055,-0.13684632,0.0013216623,0.0,0.0,0.0,-0.050467588,0.0,-0.019792344,0.0,-0.06154816,0.0,-0.00041246324,0.0011452292,-0.14377964,0.0,-0.20382985,0.0,0.0,-0.046870176,0.0,0.0,0.0,0.0,0.0,-0.19712849,0.0,0.0007378072,0.0037387437,0.0,-0.013834762,0.0010527901,0.0,-0.15615508,-0.8357535,0.081996046,0.07830102,-0.11528253,0.0,-0.025219956,0.00056854245,-0.08733986,-0.0044233957
-0.023825327,-0.23138523,-0.38854793,-0.118338145,-0.0016793734,0.0,0.0,0.0,-0.050116986,0.0,-0.019792344,0.0,-0.06154816,0.0,-0.00041246324,0.0011452292,-0.14377964,0.0,-0.23347002,0.0,0.0,-0.06740921,0.0,0.0,0.0,0.0,0.0,-0.25678968,0.0,0.0007378072,0.0037387437,0.0,-0.012523114,0.0010527901,0.0,-0.07666607,-0.9151868,-0.08801111,-0.28074378,-0.10770038,0.0,0.09694161,0.00056854245,-0.109592326,0.001407335
-0.02082113,-0.2672635,-0.19237068,-0.083343655,0.0001476258,0.0,0.0,0.0,-0.07067236,0.0,-0.004486008,0.0,-0.05888121,0.0,-0.00041246324,-0.0018972601,-0.1393631,0.0,-0.21304908,0.0,0.0,0.07255168,0.0,0.0,0.0,0.0,0.0,-0.2309522,0.0,-0.015147548,-0.0036069527,0.0,-0.022506982,0.0010527901,0.0,0.072681725,-0.85026354,-0.16574232,-0.23739758,-0.07383141,0.0,0.0044905534,0.0004675381,-0.14118285,0.001407335
-0.017754905,0.319958,0.23874295,-0.029624064,0.006002513,0.0,0.0,0.0,0.02803364,0.0,-0.0042897584,0.0,0.113087736,0.0,0.0054231794,0.0011452292,0.23161457,0.0,0.16073886,0.0,0.0,0.06364683,0.0,0.0,0.0,0.0,0.0,0.118576884,0.0,0.00059738336,0.010109393,0.0,0.042360958,0.002744601,0.0,0.020858275,0.5612869,-0.043107126,0.024326688,-0.2936958,0.0,-0.0024887328,0.0006897679,0.20420058,0.00047790786
-0.020774523,-0.2670735,-0.26970822,-0.106708854,-0.000549158,0.0,0.0,0.0,0.021605123,0.0,-0.019792344,0.0,0.047008134,0.0,0.0008860773,0.0011452292,-0.14377964,0.0,-0.24378161,0.0,0.0,-0.052105695,0.0,0.0,0.0,0.0,0.0,-0.26503724,0.0,0.0007378072,0.0037387437,0.0,-0.026044358,0.0010527901,0.0,-0.07653732,-0.9151868,-0.08801111,-0.28074378,-0.091602914,0.0,0.051310144,0.00056854245,-0.16333881,0.001407335
-0.012241346,-0.6354194,-0.100872256,-0.050237704,-0.0039018083,0.0,0.0,0.0,0.024721537,0.0,-0.0028311147,0.0,0.06387909,0.0,0.001603096,0.00013513495,0.09173368,0.0,0.2629361,0.0,0.0,0.020441713,0.0,0.0,0.0,0.0,0.0,-0.18638036,0.0,-0.015147548,-0.0036069527,0.0,-0.032644883,-0.0007986329,0.0,-0.15602632,-0.9313,0.09326443,0.064918034,0.058064047,0.0,0.0017602718,-0.006881507,-0.22403781,0.001407335
0.04732555,0.099299625,0.45573,-0.11137124,0.005501175,0.0,0.0,0.0,0.037706666,0.0,-0.0042897584,0.0,0.09853038,0.0,0.0054231794,0.00082474446,0.21901403,0.0,0.16621804,0.0,0.0,-0.107972614,0.0,0.0,0.0,0.0,0.0,0.11840776,0.0,0.00059738336,0.010109393,0.0,0.027951447,0.002744601,0.0,0.019343577,0.48384336,-0.03964842,0.027805652,0.09999555,0.0,-0.0015209079,0.0006897679,0.17938656,0.00047790786
-0.015249476,0.9200518,-0.23223265,0.15018326,0.003346783,0.0,0.0,0.0,-0.08437977,0.0,-0.005054005,0.0,-0.07853775,0.0,-0.00083217025,0.012792513,-0.28842765,0.0,-0.28105152,0.0,0.0,-0.11484194,0.0,0.0,0.0,0.0,0.0,-0.34072477,0.0,0.0031137276,0.0023605714,0.0,-0.0038644723,0.0010527901,0.0,-0.016514113,0.5347306,-0.026857154,0.08577341,0.077565625,0.0,-0.0010398546,0.0029948216,0.11486375,0.0005919774
-0.023825327,-0.14905523,-0.2684925,-0.08593519,0.0013216623,0.0,0.0,0.0,0.024573315,0.0,-0.012032424,0.0,0.061764613,0.0,0.0008860773,0.0011452292,-0.15206873,0.0,-0.21222772,0.0,0.0,-0.044951893,0.0,0.0,0.0,0.0,0.0,-0.2209907,0.0,0.0007378072,0.0037387437,0.0,-0.029505586,0.0010527901,0.0,-0.15746254,-0.85023946,0.081996046,0.07830102,-0.118558004,0.0,0.051310144,0.00056854245,-0.1497041,0.001407335
-0.009860332,0.927443,0.21294895,0.16793807,-0.006824146,0.0,0.0,0.0,0.015375879,0.0,-0.0047603124,0.0,-0.13107774,0.0,-0.0025244548,0.012792513,0.16750503,0.0,0.188548,0.0,0.0,0.049719233,0.0,0.0,0.0,0.0,0.0,0.20586458,0.0,0.0056710923,0.0042706355,0.0,0.043826975,0.002744601,0.0,0.017742842,0.61441404,-0.040954176,0.027075207,0.09057338,0.0,-0.0015161962,0.003116047,0.15853952,0.0003059106
-0.021686507,0.07142975,-0.33083946,-0.032153726,-0.0042438754,0.0,0.0,0.0,0.017643085,0.0,-0.0045834514,0.0,-0.081817724,0.0,-0.00083217025,0.00013513495,-0.3768193,0.0,-0.31114697,0.0,0.0,-0.047198478,0.0,0.0,0.0,0.0,0.0,-0.26742426,0.0,0.0007378072,0.0037387437,0.0,-0.02649235,0.0010527901,0.0,-0.03410389,0.4803466,-0.026857154,0.07862926,-0.13947457,0.0,-0.02058609,-0.0066033686,-0.11962195,0.001407335
0.049819373,0.3101015,-0.09059427,-0.03124236,0.0008880644,0.0,0.0,0.0,0.022292038,0.0,-0.0042897584,0.0,0.13127643,0.0,0.0054231794,0.00082474446,0.2284706,0.0,0.19485116,0.0,0.0,0.05696327,0.0,0.0,0.0,0.0,0.0,0.17208913,0.0,0.00059738336,-0.009753089,0.0,-0.028713636,-0.002082019,0.0,-0.017821584,0.5981288,-0.030314967,0.022736453,0.091849476,0.0,-0.0015209079,0.0006897679,0.24309964,0.001407335
-0.015056243,-0.5676194,-0.13637699,-0.11498426,0.0037992327,0.0,0.0,0.0,0.01942802,0.0,0.054397523,0.0,0.06818719,0.0,-0.0007462308,-0.0015942659,-0.28098434,0.0,0.16365379,0.0,0.0,0.022955451,0.0,0.0,0.0,0.0,0.0,0.15425442,0.0,0.0007378072,-0.009753089,0.0,-0.031329866,-0.002082019,0.0,-0.036826875,0.4557612,-0.030314967,0.030394895,0.06992419,0.0,0.020388585,0.0005887636,-0.23891428,0.001407335
0.14174253,-0.30567923,-0.15543483,0.00040995906,-9.90548e-05,0.0,0.0,0.0,0.016274497,0.0,-0.004486008,0.0,-0.07800862,0.0,-0.0007462308,-0.0013644537,-0.12499405,0.0,0.22416925,0.0,0.0,-0.04174453,0.0,0.0,0.0,0.0,0.0,0.14319444,0.0,0.0007378072,-0.009753089,0.0,-0.026795965,-0.002082019,0.0,-0.07636209,-0.9319083,-0.112991,-0.1625131,-0.15013722,0.0,0.0007813963,0.0005887636,-0.16506341,-0.0044233957
-0.009860332,0.9087669,0.10964857,0.16707972,-0.0006428057,0.0,0.0,0.0,0.015375879,0.0,-0.0047603124,0.0,-0.12870277,0.0,-0.0025244548,0.012792513,0.16750503,0.0,0.188548,0.0,0.0,0.049719233,0.0,0.0,0.0,0.0,0.0,0.21328641,0.0,0.0056710923,0.0042706355,0.0,0.030029094,-0.002082019,0.0,-0.016514113,0.61489743,-0.030314967,0.027026307,0.088204585,0.0,-0.0015161962,0.003116047,0.18056904,0.0003059106
-0.013653941,-0.04566672,-0.13688853,0.0059006456,0.0008880644,0.0,0.0,0.0,0.024649516,0.0,-0.0047195475,0.0,0.09826146,0.0,0.0054231794,-0.0018972601,-0.30353937,0.0,0.17942372,0.0,0.0,0.03508953,0.0,0.0,0.0,0.0,0.0,0.14879072,0.0,0.0007378072,-0.009753089,0.0,-0.03261186,-0.002082019,0.0,-0.038263097,0.46994248,-0.030314967,0.03072314,0.107202984,0.0,-0.0020425096,0.0005887636,-0.23576567,-0.0044233957
-0.009170315,-0.24325638,-0.09813805,0.03441175,-0.01684433,0.0,0.0,0.0,0.00981994,0.0,-0.0028311147,0.0,-0.13204455,0.0,-0.00041246324,0.0011452292,0.10016545,0.0,-0.25604877,0.0,0.0,0.038849235,0.0,0.0,0.0,0.0,0.0,-0.21197158,0.0,-0.010383418,-0.0036069527,0.0,-0.040914018,0.0010527901,0.0,0.08740686,-0.88298416,0.14841963,0.06745521,0.059568852,0.0,0.001696053,0.00056854245,0.15814398,0.001407335
-0.013235139,0.45555857,-0.14525567,-0.020969715,-0.0012802833,0.0,0.0,0.0,0.01081662,0.0,-0.0047195475,0.0,-0.11951837,0.0,-0.0025244548,-0.0018972601,-0.29811174,0.0,0.19654079,0.0,0.0,0.03336346,0.0,0.0,0.0,0.0,0.0,0.17147046,0.0,0.0007378072,-0.009753089,0.0,-0.025887229,0.002744601,0.0,0.032879587,0.50232774,-0.040954176,0.033985615,0.09415262,0.0,-0.0020425096,0.0005887636,-0.16243508,-0.0044233957
-0.021780375,-0.41154587,0.06923545,-0.023734525,0.0008755954,0.0,0.0,0.0,0.009781091,0.0,-0.0028311147,0.0,-0.07336536,0.0,-0.0007462308,0.0011452292,0.19600444,0.0,0.13667928,0.0,0.0,-0.025436072,0.0,0.0,0.0,0.0,0.0,0.10056972,0.0,0.0008712949,-0.009753089,0.0,-0.011560374,0.002744601,0.0,0.040691633,0.51826423,-0.040954176,0.039109446,-0.19590671,0.0,0.006968894,0.0006897679,-0.16861248,0.001407335
-0.008781608,0.55140793,0.18332815,-0.027521953,0.0154096,0.0,0.0,0.0,0.030128745,0.0,-0.0042897584,0.0,0.11806204,0.0,0.0054231794,0.0011452292,0.24593668,0.0,0.23113929,0.0,0.0,-0.082495034,0.0,0.0,0.0,0.0,0.0,0.1526707,0.0,0.00059738336,-0.009753089,0.0,-0.016693234,0.002744601,0.0,0.020858275,0.60128886,-0.040954176,0.02973173,0.119271,0.0,-0.0021067285,0.0006897679,0.16589047,0.001407335
-0.021686507,0.07395056,-0.48586798,-0.034459136,0.0038481215,0.0,0.0,0.0,-0.058358006,0.0,-0.0045834514,0.0,-0.06350274,0.0,-0.00083217025,0.0011452292,-0.14650379,0.0,-0.24528858,0.0,0.0,-0.046870176,0.0,0.0,0.0,0.0,0.0,-0.18996887,0.0,0.0007378072,0.0037387437,0.0,-0.012870305,0.0010527901,0.0,-0.15330334,-0.88009626,0.081996046,0.07862926,-0.13206747,0.0,-0.020768283,0.00056854245,-0.10886273,-0.0044233957
-0.018884124,0.88064706,-0.21430601,0.09260079,0.0008880644,0.0,0.0,0.0,0.019940764,0.0,-0.007687144,0.0,0.07577299,0.0,0.0054231794,-0.021194363,-0.23913303,0.0,0.17506534,0.0,0.0,0.029763425,0.0,0.0,0.0,0.0,0.0,0.20108502,0.0,0.008358839,-0.0041200104,0.0,-0.02224917,-0.002082019,0.0,-0.030243225,0.57225776,-0.030314967,0.036680486,0.09829227,0.0,0.0049622026,0.0011661218,-0.19849898,0.0005919774
0.053335533,-0.2708991,-0.023414122,-0.1611375,-0.00074664445,0.0,0.0,0.0,0.027983455,0.0,-0.010513625,0.0,0.09417125,0.0,0.001603096,0.00082474446,0.21322593,0.0,0.17510357,0.0,0.0,-0.069109775,0.0,0.0,0.0,0.0,0.0,0.15513028,0.0,0.00059738336,-0.009753089,0.0,-0.021869082,-0.002082019,0.0,-0.01817747,0.53908896,-0.030314967,0.02896408,0.07038624,0.0,-0.005972582,0.0006897679,0.23344098,0.001407335
-0.018837385,-0.26537558,0.05915404,-0.17663918,-0.0012292701,0.0,0.0,0.0,0.027983455,0.0,-0.010513625,0.0,0.08527556,0.0,0.001603096,0.0011452292,0.22321771,0.0,0.15368505,0.0,0.0,-0.068029396,0.0,0.0,0.0,0.0,0.0,0.1278774,0.0,0.00059738336,-0.009753089,0.0,-0.012040526,-0.002082019,0.0,-0.01817747,0.543068,-0.030314967,0.02896408,-0.23752548,0.0,-0.0069404067,0.0006897679,0.24146576,0.001407335
0.11196578,-0.760784,-0.02642969,-0.060223218,0.01232039,0.0,0.0,0.0,0.016365021,0.0,-0.0028311147,0.0,-0.081566006,0.0,-0.0007462308,-0.00018534983,0.07808656,0.0,0.31073478,0.0,0.0,-0.037196197,0.0,0.0,0.0,0.0,0.0,0.16215874,0.0,0.0008712949,-0.009753089,0.0,-0.025843201,0.002744601,0.0,0.072681725,-1.0386374,-0.19154009,-0.15474409,-0.17578731,0.0,0.0007813963,-0.006881507,-0.16266109,0.001407335
0.079406574,-0.13076909,-0.12993145,-0.022386638,-0.0012802833,0.0,0.0,0.0,0.00899807,0.0,-0.0047195475,0.0,-0.10904245,0.0,-0.00041246324,0.0003161195,-0.29505792,0.0,-0.24770826,0.0,0.0,0.041574206,0.0,0.0,0.0,0.0,0.0,0.14648464,0.0,0.0007378072,-0.009753089,0.0,-0.032687176,0.002744601,0.0,0.041415974,0.4540965,-0.037372414,0.043066986,0.060618203,0.0,0.00057688553,-0.004013705,-0.17455564,0.001407335
-0.019823072,-0.83404016,-0.13684931,-0.03984509,-0.000549158,0.0,0.0,0.0,0.018824073,0.0,-0.004486008,0.0,0.046846226,0.0,0.0008860773,-0.0018972601,-0.13748135,0.0,-0.34685713,0.0,0.0,-0.052790347,0.0,0.0,0.0,0.0,0.0,-0.26803148,0.0,-0.015147548,-0.0036069527,0.0,-0.025770675,0.0010527901,0.0,0.07309928,-0.8537853,-0.17083718,-0.33173925,-0.12286511,0.0,0.0042141266,0.0004675381,-0.15565784,0.001407335
-0.027493805,0.96059465,-0.26435366,0.1911563,0.0038481215,0.0,0.0,0.0,-0.054150503,0.0,-0.005054005,0.0,-0.04676214,0.0,-0.00083217025,0.012792513,-0.26321495,0.0,-0.26846814,0.0,0.0,-0.04624444,0.0,0.0,0.0,0.0,0.0,-0.2851655,0.0,0.008358839,0.0023605714,0.0,-0.0044159666,0.0010527901,0.0,-0.028935755,0.55970454,-0.026857154,0.09729773,-0.14656356,0.0,-0.0070482753,0.0029948216,-0.08807025,-0.0018606446
-0.009764903,-1.3653615,0.77389926,-0.069724634,-0.0011914009,0.0,0.0,0.0,-0.10222412,0.0,-0.0028311147,0.0,0.031761046,0.0,0.0008860773,0.00013513495,0.07888531,0.0,-0.32406133,0.0,0.0,-0.087565444,0.0,0.0,0.0,0.0,0.0,-0.22964786,0.0,-0.015147548,0.0037387437,0.0,0.012671454,0.000697852,0.0,0.07309928,-0.88208014,-0.16011286,-0.2665591,0.076527014,0.0,-0.01700811,-0.051868074,-0.112713255,0.00047790786
-0.011399464,0.52395463,-0.13746494,-0.03500306,0.0008880644,0.0,0.0,0.0,0.010708605,0.0,-0.0042897584,0.0,-0.11714341,0.0,-0.0025244548,0.0011452292,0.1724354,0.0,0.19138859,0.0,0.0,0.03098134,0.0,0.0,0.0,0.0,0.0,0.16575941,0.0,0.0008712949,-0.009753089,0.0,-0.023026688,-0.002082019,0.0,-0.028935755,0.62982166,-0.030314967,0.032470018,0.09324623,0.0,0.0073685125,0.0006897679,-0.16674867,0.001407335
-0.022828657,0.15679833,-0.115203016,-0.012544171,-0.0017629091,0.0,0.0,0.0,0.01720201,0.0,-0.0047195475,0.0,-0.10317187,0.0,-0.0025244548,-0.0018972601,-0.35273737,0.0,0.17042267,0.0,0.0,0.034514755,0.0,0.0,0.0,0.0,0.0,0.13153784,0.0,0.0007378072,-0.009753089,0.0,-0.03309201,-0.002082019,0.0,-0.028935755,0.5048094,-0.030314967,0.032470018,-0.22283183,0.0,-0.002424514,0.0005887636,-0.17292733,-0.0044233957
-0.01106218,-0.6036184,0.5893105,-0.036398526,-0.0011914009,0.0,0.0,0.0,0.036320865,0.0,-0.0028311147,0.0,0.040379606,0.0,0.001603096,0.0011452292,0.09423941,0.0,0.17146286,0.0,0.0,-0.06757107,0.0,0.0,0.0,0.0,0.0,-0.2579441,0.0,-0.015147548,0.0037387437,0.0,0.037968814,0.0010527901,0.0,0.07309928,-0.84356546,-0.18012184,-0.24451983,0.074559815,0.0,-0.005422732,0.0006897679,-0.15195854,0.00047790786
-0.01223148,0.18311481,-0.12387585,-0.03431734,0.0008880644,0.0,0.0,0.0,0.020006476,0.0,-0.0047195475,0.0,0.08642001,0.0,0.0017877159,-0.0018972601,-0.36482945,0.0,-0.34383664,0.0,0.0,-0.04932905,0.0,0.0,0.0,0.0,0.0,0.177473,0.0,0.0008712949,-0.009753089,0.0,-0.022877112,-0.002082019,0.0,-0.030243225,0.49973238,-0.026733205,0.05545938,0.09966168,0.0,0.0073685125,0.0004675381,-0.15670174,0.001407335
-0.012190677,-0.6157904,0.27979735,-0.04061265,0.00038571784,0.0,0.0,0.0,-0.1139186,0.0,-0.0028311147,0.0,0.05171758,0.0,0.0008860773,0.00013513495,0.09132267,0.0,-0.22667353,0.0,0.0,-0.067292355,0.0,0.0,0.0,0.0,0.0,0.1095197,0.0,0.0008712949,0.010109393,0.0,0.028919524,-0.002082019,0.0,-0.15602632,-0.91507137,0.0852157,0.055217694,0.06917151,0.0,-0.0016381877,-0.0066033686,-0.1722584,0.00047790786
0.11682204,0.44117653,-0.21713379,0.14274964,0.0013894028,0.0,0.0,0.0,0.028677428,0.0,0.012914714,0.0,0.103036515,0.0,-0.0025244548,-0.0010614597,-0.24225439,0.0,0.20224299,0.0,0.0,0.07311715,0.0,0.0,0.0,0.0,0.0,0.19135574,0.0,0.00046389567,-0.0041200104,0.0,-0.02209745,-0.002082019,0.0,-0.017821584,0.5438243,-0.030314967,0.022483882,-0.18355054,0.0,-0.01020602,0.0005887636,0.23303495,0.001407335
-0.012190677,-0.85610664,0.31057772,-0.06784374,0.00038571784,0.0,0.0,0.0,-0.07499006,0.0,-0.0028311147,0.0,0.06342353,0.0,0.001603096,0.00013513495,0.17407621,0.0,0.14163943,0.0,0.0,0.04900732,0.0,0.0,0.0,0.0,0.0,0.10733724,0.0,0.0008712949,0.010109393,0.0,0.04523781,0.002744601,0.0,0.041109182,0.45793745,-0.043107126,0.033997215,0.09597169,0.0,-0.0016381877,-0.006881507,-0.18109459,0.00047790786
-0.022364153,-0.17112814,-0.0800462,-0.12800507,-0.0017629091,0.0,0.0,0.0,0.016118838,0.0,-0.0042897584,0.0,0.068758525,0.0,0.001603096,0.0011452292,0.20281179,0.0,0.1309383,0.0,0.0,0.021724617,0.0,0.0,0.0,0.0,0.0,0.10963225,0.0,0.0008712949,-0.009753089,0.0,-0.03253307,-0.002082019,0.0,-0.036826875,0.5639813,-0.030314967,0.03097571,-0.25858563,0.0,-0.002424514,0.0006897679,-0.2448965,-0.0044233957
0.0631268,0.9121864,0.3215496,0.15631983,-0.006824146,0.0,0.0,0.0,0.022735164,0.0,-0.0047603124,0.0,0.10732296,0.0,0.0054231794,0.0066078044,0.13780439,0.0,0.17439659,0.0,0.0,0.0683848,0.0,0.0,0.0,0.0,0.0,0.20557815,0.0,0.0056710923,0.0042706355,0.0,0.041769907,0.002744601,0.0,0.020858275,0.57338554,-0.043107126,0.026998987,0.087003015,0.0,-0.0009303754,0.003116047,0.18263742,0.0003059106
-0.017754905,0.16779831,0.2257031,-0.029624064,-0.0073067714,0.0,0.0,0.0,0.02803364,0.0,-0.0042897584,0.0,0.113087736,0.0,0.0054231794,0.0011452292,0.23161457,0.0,0.14847946,0.0,0.0,0.06364683,0.0,0.0,0.0,0.0,0.0,0.10966996,0.0,0.00059738336,0.010109393,0.0,0.05542542,0.002744601,0.0,0.022105504,0.53880394,-0.043107126,0.023936177,-0.28365052,0.0,-0.0024887328,0.0006897679,0.2304665,0.00047790786
0.049819373,0.5574147,0.089273825,-0.020833332,0.0008880644,0.0,0.0,0.0,0.022292038,0.0,-0.0042897584,0.0,0.1298698,0.0,0.0054231794,0.00082474446,0.15152575,0.0,0.22861074,0.0,0.0,0.05696327,0.0,0.0,0.0,0.0,0.0,0.15260658,0.0,0.00059738336,-0.009753089,0.0,-0.010162467,0.002744601,0.0,0.020858275,0.6112862,-0.040954176,0.024692705,0.0870353,0.0,-0.0015209079,0.0006897679,0.19077279,0.001407335
-0.022920333,-0.32379922,-0.18414328,-0.1399315,-0.00029844118,0.0,0.0,0.0,0.026683329,0.0,0.054397523,0.0,0.054043226,0.0,-0.00041246324,-0.0015942659,-0.13262217,0.0,-0.21417685,0.0,0.0,0.025513485,0.0,0.0,0.0,0.0,0.0,0.10559148,0.0,0.0007378072,-0.009753089,0.0,-0.035025276,-0.002082019,0.0,-0.15602632,-0.88358927,0.081111684,0.041223142,-0.14064026,0.0,-0.006876189,0.0004675381,-0.20785838,-0.0044233957
-0.023303,-0.19673683,-0.07113778,-0.003891082,0.0008277317,0.0,0.0,0.0,-0.07659898,0.0,-0.004486008,0.0,0.03630571,0.0,0.001603096,-0.0018972601,-0.14301096,0.0,0.23228474,0.0,0.0,-0.0670702,0.0,0.0,0.0,0.0,0.0,-0.24548368,0.0,-0.015147548,0.0037387437,0.0,0.011239758,0.0010527901,0.0,0.07309928,-0.83362055,-0.19084615,-0.26722613,-0.1702522,0.0,0.0044905534,0.0005887636,-0.1413324,0.00047790786
-0.022151915,0.049937148,-0.19490302,0.00083006703,0.0038481215,0.0,0.0,0.0,0.026499879,0.0,0.012914714,0.0,0.06574146,0.0,-0.00083217025,-0.0015942659,-0.13348943,0.0,-0.24032594,0.0,0.0,-0.044951893,0.0,0.0,0.0,0.0,0.0,-0.17204612,0.0,-0.012828371,-0.0036069527,0.0,-0.027803997,-0.0007986329,0.0,-0.15746254,-0.8544225,0.081996046,0.07862926,-0.15544014,0.0,-0.0016245872,0.0004675381,-0.1542488,-0.0044233957
-0.013063697,0.101334885,-0.2467344,-0.034590896,0.003346783,0.0,0.0,0.0,0.019052375,0.0,-0.0045834514,0.0,-0.095611036,0.0,-0.00083217025,0.0011452292,-0.3768193,0.0,-0.32439363,0.0,0.0,-0.045798384,0.0,0.0,0.0,0.0,0.0,-0.31972253,0.0,0.0007378072,0.0037387437,0.0,-0.027803997,0.0010527901,0.0,-0.03410389,0.4819981,-0.026857154,0.07862926,0.06360183,0.0,-0.0071293525,0.00056854245,-0.123655185,-0.0044233957
-0.021686507,0.15247184,-0.42027122,-0.034459136,-0.0042438754,0.0,0.0,0.0,-0.058358006,0.0,-0.0045834514,0.0,-0.06350274,0.0,-0.00083217025,0.0011452292,-0.14650379,0.0,-0.25369355,0.0,0.0,-0.046870176,0.0,0.0,0.0,0.0,0.0,-0.2145821,0.0,0.0007378072,0.0037387437,0.0,-0.013350454,0.0010527901,0.0,-0.14813522,-0.8922085,0.081996046,0.08037615,-0.13518354,0.0,-0.020768283,0.00056854245,-0.09645664,-0.0044233957
-0.024828985,-0.13904648,-0.42802104,-0.11316632,0.0013216623,0.0,0.0,0.0,-0.05251178,0.0,-0.012032424,0.0,-0.06026964,0.0,-0.00041246324,0.0011452292,-0.15206873,0.0,-0.23155628,0.0,0.0,-0.06740921,0.0,0.0,0.0,0.0,0.0,-0.2672851,0.0,0.0007378072,0.0037387437,0.0,-0.013834762,0.0010527901,0.0,-0.07666607,-0.92967284,-0.08801111,-0.28074378,-0.12066987,0.0,-0.025219956,0.00056854245,-0.13462985,-0.0044233957
-0.021649282,-0.34411195,-0.17873561,-0.049033053,8.831959e-05,0.0,0.0,0.0,0.030826172,0.0,0.012503779,0.0,0.051407795,0.0,-0.0007462308,8.630735e-05,-0.12693577,0.0,0.21581544,0.0,0.0,0.0502504,0.0,0.0,0.0,0.0,0.0,-0.24523102,0.0,-0.012828371,0.0037387437,0.0,0.045697637,0.0010527901,0.0,0.07309928,-0.8293648,-0.19084615,-0.20659074,-0.15728298,0.0,-0.001038072,-0.004291843,-0.21977647,0.00047790786
-0.015330552,-0.32710904,-0.34559733,-0.118033096,0.003349129,0.0,0.0,0.0,-0.0725717,0.0,-0.019792344,0.0,0.041694943,0.0,0.0008860773,0.0011452292,-0.14377964,0.0,-0.2834698,0.0,0.0,-0.057887014,0.0,0.0,0.0,0.0,0.0,-0.29931536,0.0,0.0007378072,0.0037387437,0.0,-0.010373532,0.0010527901,0.0,-0.07653732,-0.9166027,-0.08801111,-0.28074378,0.042439938,0.0,-0.01176322,0.00056854245,-0.14362639,-0.0044233957
-0.013235139,0.4914424,-0.14926086,-0.0049968893,0.0008880644,0.0,0.0,0.0,0.019342177,0.0,-0.0047195475,0.0,0.0948069,0.0,0.0054231794,-0.0018972601,-0.29811174,0.0,0.20583443,0.0,0.0,0.03508953,0.0,0.0,0.0,0.0,0.0,0.17363167,0.0,0.0007378072,-0.009753089,0.0,-0.025407078,-0.002082019,0.0,-0.030243225,0.52929336,-0.030314967,0.032470018,0.107475966,0.0,-0.0020425096,0.0005887636,-0.20378888,-0.0044233957
-0.017197255,-1.2281467,-0.26251814,-0.12460193,0.0001476258,0.0,0.0,0.0,-0.068692096,0.0,-0.019792344,0.0,0.035170082,0.0,0.0008860773,0.0011452292,-0.10561399,0.0,-0.42460787,0.0,0.0,-0.056251932,0.0,0.0,0.0,0.0,0.0,-0.29792407,0.0,0.0007378072,0.0037387437,0.0,-0.009663642,0.0010527901,0.0,-0.07653732,-0.9123302,-0.09310598,-0.2953324,-0.11966405,0.0,0.061971303,0.020414108,-0.19445884,0.001407335
-0.021404264,-0.44001895,-0.08412903,-0.15137374,-0.0007923718,0.0,0.0,0.0,0.039747577,0.0,0.054397523,0.0,0.088358544,0.0,-0.00041246324,-0.0015942659,-0.31828907,0.0,-0.27501306,0.0,0.0,-0.10723952,0.0,0.0,0.0,0.0,0.0,0.1507626,0.0,0.00046389567,0.010109393,0.0,0.035149828,-0.002082019,0.0,-0.01817747,0.44547397,-0.026733205,0.044754487,-0.14596273,0.0,-0.0069404067,0.0004675381,0.20428017,0.00047790786
-0.017373245,-0.10078318,-0.02573504,-0.103309326,-0.0042438754,0.0,0.0,0.0,0.010452529,0.0,-0.0042897584,0.0,-0.12860253,0.0,-0.0007462308,0.0011452292,0.22149387,0.0,0.14145051,0.0,0.0,0.035369832,0.0,0.0,0.0,0.0,0.0,-0.19120231,0.0,-0.010383418,-0.0036069527,0.0,-0.030741272,-0.0007986329,0.0,-0.018002236,0.5306163,-0.030438917,0.05661651,-0.18105383,0.0,-0.0016888061,0.0006897679,0.23445715,0.001407335
-0.019776465,-0.78948367,-0.27788964,-0.11478863,0.0001476258,0.0,0.0,0.0,-0.047480196,0.0,-0.019792344,0.0,-0.048821118,0.0,-0.00041246324,0.0011452292,-0.13794528,0.0,-0.3316818,0.0,0.0,-0.054023977,0.0,0.0,0.0,0.0,0.0,-0.28967652,0.0,0.0007378072,0.0037387437,0.0,-0.013717263,0.0010527901,0.0,-0.07636209,-0.9123302,-0.09310598,-0.2953324,-0.11354261,0.0,0.09694161,0.00056854245,-0.11963654,0.001407335
-0.013235139,0.02949862,-0.13488984,-0.007036021,0.0008880644,0.0,0.0,0.0,0.018264128,0.0,-0.0047195475,0.0,0.1003094,0.0,0.0054231794,-0.0018972601,-0.35273737,0.0,0.17942372,0.0,0.0,0.035678126,0.0,0.0,0.0,0.0,0.0,0.14990391,0.0,0.0007378072,-0.009753089,0.0,-0.032023266,0.002744601,0.0,0.041577153,0.44913492,-0.040954176,0.032238737,0.107202984,0.0,-0.0020425096,0.0005887636,-0.21957101,-0.0044233957
-0.018323839,0.44896385,-0.09367994,-0.032593485,0.0013894028,0.0,0.0,0.0,0.012597819,0.0,-0.0042897584,0.0,-0.1397524,0.0,-0.0025244548,0.0011452292,0.15466973,0.0,0.1925346,0.0,0.0,0.04686409,0.0,0.0,0.0,0.0,0.0,0.13391827,0.0,0.00059738336,-0.009753089,0.0,-0.023026688,-0.002082019,0.0,-0.016514113,0.6164392,-0.030314967,0.022483882,-0.22755788,0.0,-0.0024887328,0.0006897679,0.20001651,0.001407335
-0.01225299,-0.0866822,0.39992943,-0.10969135,0.005124647,0.0,0.0,0.0,0.026316116,0.0,-0.0042897584,0.0,0.085319735,0.0,0.001603096,0.00013513495,0.20531753,0.0,0.1403328,0.0,0.0,-0.055884287,0.0,0.0,0.0,0.0,0.0,0.12187098,0.0,0.0008712949,0.010109393,0.0,0.032279484,0.002744601,0.0,0.041109182,0.4908523,-0.043107126,0.039424323,0.121330604,0.0,-0.0020425096,-0.006881507,-0.19692719,0.00047790786
-0.020645624,-0.43891114,-0.17601176,-0.030084262,8.831959e-05,0.0,0.0,0.0,0.027170984,0.0,-0.004486008,0.0,0.05291676,0.0,0.001603096,-0.0018972601,-0.13589518,0.0,0.22846662,0.0,0.0,-0.05636757,0.0,0.0,0.0,0.0,0.0,-0.25388724,0.0,-0.015147548,0.0037387437,0.0,0.034776695,-0.0007986329,0.0,-0.07653732,-0.8794247,-0.11311493,-0.23081927,-0.14553446,0.0,0.0042141266,0.0005887636,-0.2027234,0.00047790786
0.0702289,-0.42564917,-0.100714475,-0.02473538,-0.00074664445,0.0,0.0,0.0,0.007930725,0.0,-0.0028311147,0.0,-0.09283079,0.0,-0.0007462308,0.00082474446,0.18350692,0.0,0.14633834,0.0,0.0,0.01884726,0.0,0.0,0.0,0.0,0.0,0.14210893,0.0,0.0008712949,-0.009753089,0.0,-0.029223438,-0.002082019,0.0,-0.036651637,0.5369125,-0.030314967,0.030394895,0.052174132,0.0,0.0017812458,0.0006897679,-0.18714288,0.001407335
-0.012306126,-0.44081917,-0.124288894,-0.21446005,-0.0011967476,0.0,0.0,0.0,0.00981994,0.0,-0.019928439,0.0,-0.124843255,0.0,-0.0007462308,-0.0018972601,-0.295042,0.0,0.16498064,0.0,0.0,0.0519984,0.0,0.0,0.0,0.0,0.0,-0.3016124,0.0,-0.008064239,-0.0036069527,0.0,-0.031329866,-0.0007986329,0.0,-0.018002236,0.41189918,-0.030438917,0.045103636,0.06497178,0.0,-0.0033421358,0.0005887636,0.22579785,0.001407335
-0.011187019,-0.6578545,-0.093260586,-0.06981003,-0.0016374681,0.0,0.0,0.0,0.02258946,0.0,-0.0028311147,0.0,0.06884752,0.0,0.001603096,0.0011452292,0.08557261,0.0,0.25650725,0.0,0.0,0.04528235,0.0,0.0,0.0,0.0,0.0,0.17314869,0.0,0.0008712949,0.010109393,0.0,0.0456322,-0.002082019,0.0,-0.07653732,-1.061919,-0.112991,-0.1352702,0.07257359,0.0,0.005653361,0.0006897679,-0.26702598,0.00047790786
-0.021686507,0.1587652,-0.38950238,-0.03218402,0.0038481215,0.0,0.0,0.0,0.019052375,0.0,-0.0045834514,0.0,-0.081817724,0.0,-0.00083217025,0.0011452292,-0.14650379,0.0,-0.2833337,0.0,0.0,-0.062495623,0.0,0.0,0.0,0.0,0.0,-0.26816025,0.0,0.0007378072,0.0037387437,0.0,-0.027803997,0.0010527901,0.0,-0.0686462,-0.9716417,-0.08801111,-0.31719276,-0.13453238,0.0,-0.018733876,0.00056854245,-0.13746437,-0.0044233957
-0.021784399,0.13481149,-0.23648681,-0.015289448,0.0038481215,0.0,0.0,0.0,-0.08800956,0.0,0.012914714,0.0,0.05152964,0.0,-0.00083217025,-0.0015942659,-0.14578341,0.0,-0.24987061,0.0,0.0,-0.049865495,0.0,0.0,0.0,0.0,0.0,-0.19356792,0.0,-0.012828371,-0.0036069527,0.0,-0.012870305,-0.0007986329,0.0,-0.1546108,-0.8922085,0.081996046,0.07862926,-0.15790503,0.0,-0.0018067801,0.0004675381,-0.12672627,-0.0044233957
-0.030426992,0.8450222,-0.21785343,0.1398845,-0.0017629091,0.0,0.0,0.0,0.020048779,0.0,0.020550637,0.0,0.055536367,0.0,-0.0025244548,-0.015332067,-0.23841265,0.0,0.16672036,0.0,0.0,0.030914718,0.0,0.0,0.0,0.0,0.0,0.18305226,0.0,0.008358839,-0.0041200104,0.0,-0.023280816,-0.002082019,0.0,-0.030243225,0.5797813,-0.030314967,0.036680486,-0.22134139,0.0,-0.004391714,0.0011661218,-0.19273798,-0.0018606446
-0.024828985,-0.29246,-0.41879758,-0.1095547,0.0001476258,0.0,0.0,0.0,-0.050467588,0.0,-0.019792344,0.0,-0.06154816,0.0,-0.00041246324,0.0011452292,-0.14377964,0.0,-0.23347002,0.0,0.0,-0.06740921,0.0,0.0,0.0,0.0,0.0,-0.25410125,0.0,0.0007378072,0.0037387437,0.0,-0.013834762,0.0010527901,0.0,-0.07666607,-0.9151868,-0.08801111,-0.28074378,-0.087736525,0.0,-0.025219956,0.00056854245,-0.10950333,-0.0044233957
-0.013116967,-0.31564444,0.062488925,-0.007929261,-0.0011967476,0.0,0.0,0.0,0.013150646,0.0,-0.0028311147,0.0,0.06028623,0.0,0.001603096,0.0011452292,0.23920447,0.0,0.15636319,0.0,0.0,0.021213153,0.0,0.0,0.0,0.0,0.0,-0.22328074,0.0,-0.015147548,-0.0036069527,0.0,-0.02118668,-0.0007986329,0.0,-0.036826875,0.54647493,-0.030438917,0.064918034,0.06835168,0.0,0.0017602718,0.0006897679,-0.21524368,-0.0044233957
-0.016252778,-0.43016675,-0.13836174,-0.20224622,0.00082032394,0.0,0.0,0.0,0.013150646,0.0,-0.019928439,0.0,0.059865683,0.0,0.001603096,-0.00021668678,-0.32968676,0.0,0.15750094,0.0,0.0,0.023595277,0.0,0.0,0.0,0.0,0.0,-0.26929337,0.0,-0.012828371,-0.0036069527,0.0,-0.030849716,-0.0007986329,0.0,-0.036826875,0.43888584,-0.030438917,0.0537334,0.06801888,0.0,-0.0032779179,-0.004291843,-0.21168716,0.001407335
-0.008875272,-0.124196514,-0.09588502,-0.10871683,0.00051153684,0.0,0.0,0.0,0.010452529,0.0,-0.0042897584,0.0,-0.15826268,0.0,-0.0007462308,0.0011452292,0.198044,0.0,0.15705895,0.0,0.0,0.034967344,0.0,0.0,0.0,0.0,0.0,0.16886455,0.0,0.00059738336,-0.009753089,0.0,-0.030261122,-0.002082019,0.0,-0.018002236,0.5395339,-0.030314967,0.02209337,0.0962089,0.0,-0.0021067285,0.0006897679,0.2608827,0.001407335
-0.01887099,0.8049626,-0.37118548,-0.06769228,-0.0037612498,0.0,0.0,0.0,-0.053100105,0.0,-0.005054005,0.0,-0.054758627,0.0,-0.00083217025,0.012792513,-0.13193703,0.0,-0.25619838,0.0,0.0,-0.028485013,0.0,0.0,0.0,0.0,0.0,-0.27574542,0.0,0.008358839,0.0037387437,0.0,-0.004186654,0.0010527901,0.0,-0.14783122,-1.0515794,0.081996046,0.095727436,0.06873547,0.0,-0.004249932,0.0029948216,-0.09663637,-0.0018606446
0.070422776,0.5135288,-0.12902507,-0.04348917,0.0008880644,0.0,0.0,0.0,0.01081662,0.0,-0.0042897584,0.0,-0.11714341,0.0,-0.0025244548,-0.00018534983,0.1996664,0.0,0.19027017,0.0,0.0,0.03098134,0.0,0.0,0.0,0.0,0.0,0.15884636,0.0,0.0008712949,-0.009753089,0.0,-0.021508856,-0.002082019,0.0,-0.028935755,0.625859,-0.030314967,0.03272259,0.07717982,0.0,0.00057688553,-0.006881507,-0.15638036,0.001407335
-0.016377619,-0.2747081,-0.14944105,0.010247994,0.00037425695,0.0,0.0,0.0,0.015001008,0.0,-0.004486008,0.0,0.0629308,0.0,0.001603096,-0.00021668678,-0.14045931,0.0,0.2642516,0.0,0.0,-0.031598713,0.0,0.0,0.0,0.0,0.0,0.13169397,0.0,0.0007378072,-0.009753089,0.0,-0.022906763,-0.002082019,0.0,-0.15602632,-0.8184763,0.09238007,0.035723723,0.088197134,0.0,-0.0014559947,-0.004291843,-0.19348115,0.001407335
-0.023303,-0.1861244,-0.17529838,-0.18650348,-0.0010418958,0.0,0.0,0.0,0.013546481,0.0,-0.019928439,0.0,-0.06141449,0.0,-0.00041246324,-0.0018972601,-0.14718825,0.0,-0.19832371,0.0,0.0,0.03295976,0.0,0.0,0.0,0.0,0.0,-0.18263315,0.0,-0.015147548,0.0037387437,0.0,0.04166815,0.0010527901,0.0,0.14662382,-0.7004257,0.14841963,0.06759914,-0.110248305,0.0,0.018949352,0.0004675381,-0.1374676,0.00047790786
-0.021973198,-0.31602508,-0.12542677,-0.23380175,0.0008755954,0.0,0.0,0.0,0.01717856,0.0,-0.019928439,0.0,0.10541461,0.0,0.001603096,-0.0018972601,-0.13796201,0.0,0.24110846,0.0,0.0,0.05837631,0.0,0.0,0.0,0.0,0.0,0.12611915,0.0,0.00046389567,-0.009753089,0.0,-0.030849716,-0.002082019,0.0,-0.09575498,-0.79968375,0.09238007,0.021765126,-0.22874095,0.0,-0.0069404067,0.0005887636,0.34537536,0.001407335
-0.011399464,0.524283,-0.08699463,-0.04369582,0.0008880644,0.0,0.0,0.0,0.012558969,0.0,-0.0042897584,0.0,-0.11448866,0.0,-0.0025244548,0.0011452292,0.20531611,0.0,0.20726296,0.0,0.0,-0.03742122,0.0,0.0,0.0,0.0,0.0,0.1634295,0.0,0.0008712949,-0.009753089,0.0,-0.01567233,-0.002082019,0.0,-0.028935755,0.62541413,-0.030314967,0.038051415,0.09444205,0.0,0.0073685125,0.0006897679,-0.14804691,0.001407335
-0.016252778,-0.48373172,-0.12745851,0.0056381635,0.003349129,0.0,0.0,0.0,-0.033401236,0.0,-0.004486008,0.0,-0.06881291,0.0,-0.0007462308,-0.0018972601,-0.30239755,0.0,0.15295339,0.0,0.0,-0.034331862,0.0,0.0,0.0,0.0,0.0,-0.26208597,0.0,-0.012828371,-0.0036069527,0.0,-0.0104703605,-0.0007986329,0.0,-0.036651637,0.43224698,-0.030438917,0.060640484,0.049851418,0.0,0.0015780787,0.0005887636,-0.11953426,-0.0044233957
-0.011379835,-0.5975986,-0.10447258,-0.048377577,0.0044367104,0.0,0.0,0.0,0.044933077,0.0,-0.004486008,0.0,0.10343735,0.0,0.001603096,-0.0018972601,-0.16295052,0.0,0.28236052,0.0,0.0,-0.107887216,0.0,0.0,0.0,0.0,0.0,0.14013653,0.0,0.00059738336,0.010109393,0.0,0.034776695,0.002744601,0.0,0.08782441,-0.6930323,0.15880366,0.029302776,0.07675487,0.0,-0.0015202136,0.0005887636,0.21865946,0.00047790786
-0.01919205,-0.5092646,-1.0765204,-0.07458311,0.0001476258,0.0,0.0,0.0,-0.073482476,0.0,-0.019792344,0.0,-0.10717748,0.0,-0.00041246324,0.00013513495,-0.13666384,0.0,-0.20353642,0.0,0.0,-0.058174964,0.0,0.0,0.0,0.0,0.0,-0.19743164,0.0,0.0007378072,0.0037387437,0.0,-0.008101584,0.0010527901,0.0,-0.15615508,-0.8286377,0.081996046,0.075710684,-0.272509,0.0,-0.025219956,-0.0065646917,-0.097045675,0.001407335
-0.021686507,0.260263,-0.5032553,-0.029853623,-0.0042438754,0.0,0.0,0.0,-0.058358006,0.0,-0.0045834514,0.0,-0.061778486,0.0,-0.00083217025,0.0011452292,-0.13284889,0.0,-0.31593877,0.0,0.0,-0.06740921,0.0,0.0,0.0,0.0,0.0,-0.27658466,0.0,0.0007378072,0.0032900295,0.0,-0.006145672,0.0010527901,0.0,-0.0686462,-1.0272831,-0.08801111,-0.31719276,-0.1437335,0.0,-0.020768283,0.00056854245,-0.120193616,-0.0044233957
-0.015418087,-0.48510808,0.6354486,-0.13422485,-0.0011914009,0.0,0.0,0.0,0.042865682,0.0,-0.0028311147,0.0,0.043081194,0.0,0.0008860773,0.0011452292,0.109410174,0.0,-0.2545266,0.0,0.0,-0.08111277,0.0,0.0,0.0,0.0,0.0,-0.21955279,0.0,-0.010383418,0.0037387437,0.0,0.037968814,0.000697852,0.0,0.01862815,-0.81740195,-0.155018,-0.23355709,0.060164306,0.0,0.00091430417,0.00056854245,0.12696818,0.00047790786
-0.019887783,0.89813435,-0.20207138,0.084439255,-0.0012802833,0.0,0.0,0.0,0.0149362115,0.0,-0.007687144,0.0,-0.078245446,0.0,-0.00083217025,0.011246894,-0.2455271,0.0,-0.28791225,0.0,0.0,0.035659503,0.0,0.0,0.0,0.0,0.0,0.19648539,0.0,0.008358839,-0.0041200104,0.0,-0.022729322,-0.002082019,0.0,-0.028935755,0.5815156,-0.026733205,0.05751434,0.08388102,0.0,-0.0014519775,-0.018816687,-0.1619509,0.0005919774
-0.020682849,0.30469868,-0.21271725,0.024122043,0.0038481215,0.0,0.0,0.0,0.01894436,0.0,-0.0045834514,0.0,-0.0782803,0.0,-0.00083217025,0.0011452292,-0.3221937,0.0,-0.3508344,0.0,0.0,-0.047198478,0.0,0.0,0.0,0.0,0.0,-0.32241103,0.0,0.0007378072,0.0023605714,0.0,-0.018807417,0.0010527901,0.0,-0.028935755,0.50805354,-0.026857154,0.08037615,-0.13318965,0.0,0.03829007,0.00056854245,-0.10797432,0.001407335
-0.013063697,0.13234985,-0.4166004,-0.034590896,0.003346783,0.0,0.0,0.0,0.017643085,0.0,-0.0045834514,0.0,-0.095611036,0.0,-0.00083217025,0.00013513495,-0.3768193,0.0,-0.32419062,0.0,0.0,-0.045798384,0.0,0.0,0.0,0.0,0.0,-0.31972253,0.0,0.0007378072,0.0037387437,0.0,-0.026012199,0.0010527901,0.0,-0.028935755,0.4819981,-0.026857154,0.08037615,0.06360183,0.0,-0.017787745,-0.0066033686,-0.1136558,0.001407335
0.05032957,-0.40573108,0.0018255778,0.004197686,-0.0041601597,0.0,0.0,0.0,0.022794312,0.0,-0.0028311147,0.0,0.10134571,0.0,0.0008860773,0.00082474446,0.19077179,0.0,-0.29198506,0.0,0.0,0.060395256,0.0,0.0,0.0,0.0,0.0,0.15143803,0.0,0.00059738336,0.010109393,0.0,0.053408965,-0.002082019,0.0,-0.01817747,0.53436434,-0.026733205,0.034403663,0.05522903,0.0,-0.00093439256,0.00056854245,0.24799633,0.00047790786
-0.018247519,-1.3424202,-0.13668625,-0.03469054,-0.000549158,0.0,0.0,0.0,-0.062408626,0.0,-0.004486008,0.0,0.040498745,0.0,0.0008860773,-0.00021668678,-0.10515009,0.0,-0.4002555,0.0,0.0,-0.056936584,0.0,0.0,0.0,0.0,0.0,-0.2656007,0.0,-0.015147548,-0.0036069527,0.0,-0.0070087058,0.0010527901,0.0,0.07309928,-0.8537853,-0.17083718,-0.33173925,-0.13109842,0.0,-0.012386271,-0.04927841,-0.18407752,0.001407335
0.04681341,0.43936887,0.44098377,-0.007880141,-0.006824146,0.0,0.0,0.0,0.028501429,0.0,-0.0042897584,0.0,0.1259747,0.0,0.0054231794,0.00082474446,0.2284706,0.0,0.18716289,0.0,0.0,0.0737109,0.0,0.0,0.0,0.0,0.0,0.14034076,0.0,0.00059738336,0.010109393,0.0,0.053368352,0.002744601,0.0,0.020858275,0.55869037,-0.043107126,0.025687225,0.11834002,0.0,-0.0015209079,0.0006897679,0.18382499,0.00047790786
-0.02591985,-0.43944857,-0.115506425,-0.22281423,0.0008755954,0.0,0.0,0.0,-0.06522952,0.0,-0.019928439,0.0,0.04625609,0.0,0.001603096,-0.0018972601,-0.31769687,0.0,0.13826653,0.0,0.0,0.027335295,0.0,0.0,0.0,0.0,0.0,0.1260706,0.0,0.0007378072,-0.009753089,0.0,-0.022503613,-0.002082019,0.0,-0.036826875,0.46688354,-0.030314967,0.030394895,-0.21069627,0.0,-0.0070583816,0.0005887636,-0.22717136,-0.0044233957
-0.0131103005,0.37436497,-0.15678118,-0.030489713,0.003346783,0.0,0.0,0.0,0.0126669835,0.0,-0.0047195475,0.0,-0.09388678,0.0,-0.00083217025,-0.0018972601,-0.3221937,0.0,-0.3539493,0.0,0.0,-0.046483036,0.0,0.0,0.0,0.0,0.0,-0.29788265,0.0,-0.012828371,-0.0036069527,0.0,-0.017464127,-0.0007986329,0.0,-0.028935755,0.50455123,-0.026857154,0.08037615,0.06882437,0.0,0.0011737567,0.0004675381,-0.11459736,-0.0044233957
-0.020941691,0.49689746,-0.11449701,-0.010267428,0.0013894028,0.0,0.0,0.0,0.018156113,0.0,-0.0042897584,0.0,0.074570276,0.0,0.0054231794,0.0011452292,0.1713898,0.0,0.19258404,0.0,0.0,0.033858698,0.0,0.0,0.0,0.0,0.0,0.12887815,0.0,0.0008712949,-0.009753089,0.0,-0.023026688,-0.002082019,0.0,-0.030243225,0.6360476,-0.030314967,0.03272259,-0.2450651,0.0,0.008684047,0.0006897679,-0.19373678,0.001407335
-0.011544374,-0.33465824,0.7387645,-0.022022316,-0.0011914009,0.0,0.0,0.0,-0.09380186,0.0,-0.0028311147,0.0,-0.04994851,0.0,-0.00041246324,0.0011452292,0.102561116,0.0,-0.18208985,0.0,0.0,-0.07445619,0.0,0.0,0.0,0.0,0.0,-0.15293013,0.0,-0.015147548,0.0037387437,0.0,0.015083131,0.0010527901,0.0,0.14662382,-0.70564884,0.12991984,0.09227413,0.051976737,0.0,-0.005146305,0.00056854245,-0.069902204,0.00047790786
0.13702457,0.5564339,-0.13188446,-0.00614448,-0.0017629091,0.0,0.0,0.0,0.01720201,0.0,-0.0047195475,0.0,-0.09588495,0.0,-0.0025244548,-0.0013644537,-0.22840738,0.0,0.19293325,0.0,0.0,0.034514755,0.0,0.0,0.0,0.0,0.0,0.138153,0.0,0.0007378072,-0.0079009235,0.0,-0.024369396,-0.002082019,0.0,-0.028935755,0.5675983,-0.030314967,0.032470018,-0.17265375,0.0,0.0001948812,0.0005887636,-0.15517753,-0.0044233957
-0.0129601685,0.027295226,-0.13977988,0.0032870814,-0.003123772,0.0,0.0,0.0,0.024005726,0.0,-0.0047195475,0.0,0.093293026,0.0,0.0054231794,-0.00021668678,-0.3216347,0.0,0.17891216,0.0,0.0,0.04426187,0.0,0.0,0.0,0.0,0.0,-0.27653533,0.0,-0.015147548,0.0037387437,0.0,0.04162754,-0.0007986329,0.0,-0.038263097,0.4526537,-0.030438917,0.054061644,0.08692044,0.0,0.0011737567,-0.004291843,-0.21078207,0.00047790786
-0.015786584,-0.47671446,-0.002027263,-0.075614765,-9.90548e-05,0.0,0.0,0.0,0.028749451,0.0,-0.0028311147,0.0,0.106349416,0.0,0.001603096,0.0011452292,0.085682675,0.0,0.24364847,0.0,0.0,0.04198509,0.0,0.0,0.0,0.0,0.0,0.111769445,0.0,0.00059738336,-0.009753089,0.0,-0.021778645,0.002744601,0.0,0.08782441,-0.8460373,0.15880366,0.023973953,-0.20695323,0.0,-0.0019022179,0.0006897679,0.2768624,0.001407335
0.07659513,0.16581084,-0.14122789,-0.024437781,-0.0037612498,0.0,0.0,0.0,0.01081662,0.0,-0.0047195475,0.0,-0.11840357,0.0,-0.0025244548,0.0003161195,-0.3611986,0.0,0.1787615,0.0,0.0,0.034591887,0.0,0.0,0.0,0.0,0.0,-0.3025774,0.0,-0.015147548,-0.0036069527,0.0,-0.029193787,0.0010527901,0.0,0.032879587,0.44872984,-0.041078124,0.05732413,0.052626956,0.0,0.003793152,-0.004291843,-0.14267583,0.001407335
-0.0153771555,-0.4130416,-0.2352262,-0.06410587,-0.0039018083,0.0,0.0,0.0,0.019020466,0.0,-0.004486008,0.0,-0.066666216,0.0,-0.00041246324,-0.00021668678,-0.13224728,0.0,-0.2311574,0.0,0.0,0.025699867,0.0,0.0,0.0,0.0,0.0,-0.20718783,0.0,-0.012828371,-0.0036069527,0.0,-0.032644883,-0.0007986329,0.0,-0.15585108,-0.81618243,0.081996046,0.06456164,0.032890815,0.0,0.0017602718,-0.004013705,-0.16118065,0.001407335
0.12961471,0.021679278,0.13343611,-0.13474824,-0.0073067714,0.0,0.0,0.0,0.014693263,0.0,-0.0042897584,0.0,-0.09198894,0.0,-0.0025244548,-0.00018534983,0.21050532,0.0,0.15712318,0.0,0.0,0.027942473,0.0,0.0,0.0,0.0,0.0,0.0913382,0.0,0.0008712949,0.010109393,0.0,0.048217233,0.002744601,0.0,0.040691633,0.55295306,-0.040954176,0.033819064,-0.17562684,0.0,0.0001948812,-0.006881507,-0.15731989,0.00047790786
-0.015418087,-0.80843335,0.3279864,-0.055440743,-6.4385706e-05,0.0,0.0,0.0,0.050505497,0.0,-0.0028311147,0.0,0.05285602,0.0,0.001603096,0.0011452292,0.2070804,0.0,0.15058891,0.0,0.0,-0.056884862,0.0,0.0,0.0,0.0,0.0,-0.20888408,0.0,-0.010383418,0.0037387437,0.0,0.051033277,0.000697852,0.0,0.019343577,0.41674763,-0.03977237,0.04867643,0.07777576,0.0,0.00091430417,0.0006897679,0.13108608,0.00047790786
-0.02079156,0.0034608613,0.41503626,-0.11269178,0.006002513,0.0,0.0,0.0,-0.048089795,0.0,-0.0042897584,0.0,-0.06229334,0.0,-0.00083217025,0.0011452292,0.21589005,0.0,-0.22291498,0.0,0.0,0.051458724,0.0,0.0,0.0,0.0,0.0,0.067684665,0.0,0.0008712949,0.010109393,0.0,0.027636943,0.002744601,0.0,0.040691633,0.510389,-0.039525364,0.046031013,-0.24397328,0.0,0.008960473,0.00056854245,-0.15363349,0.00047790786
-0.025808502,0.8008001,-0.17459011,0.1295056,-0.0017629091,0.0,0.0,0.0,0.01671741,0.0,-0.007687144,0.0,-0.107444316,0.0,-0.0025244548,-0.021194363,-0.23747545,0.0,0.16691771,0.0,0.0,0.05792921,0.0,0.0,0.0,0.0,0.0,0.1817991,0.0,0.0031137276,-0.0041200104,0.0,-0.022729322,-0.002082019,0.0,-0.016514113,0.556901,-0.030314967,0.02515618,-0.20271018,0.0,-0.0018982007,0.0011661218,0.19829047,0.0005919774
-0.0082126735,0.5131527,0.061232008,-0.022216316,0.00039413373,0.0,0.0,0.0,0.02803364,0.0,-0.0042897584,0.0,0.12782186,0.0,0.0054231794,0.0011452292,0.19699699,0.0,0.22768863,0.0,0.0,0.06490719,0.0,0.0,0.0,0.0,0.0,0.15602988,0.0,0.00059738336,0.010109393,0.0,0.015557754,-0.002082019,0.0,-0.017821584,0.60699034,-0.030314967,0.024354007,0.11660075,0.0,-0.0021067285,0.0006897679,0.223583,0.00047790786
-0.021686507,0.16564517,-0.4844489,-0.034459136,-0.0042438754,0.0,0.0,0.0,-0.058358006,0.0,-0.0045834514,0.0,-0.06350274,0.0,-0.00083217025,0.0011452292,-0.14650379,0.0,-0.25604817,0.0,0.0,-0.046870176,0.0,0.0,0.0,0.0,0.0,-0.2145821,0.0,0.0007378072,0.0037387437,0.0,-0.013350454,0.0010527901,0.0,-0.14813522,-0.894563,0.081996046,0.08037615,-0.14753179,0.0,-0.020768283,0.00056854245,-0.09645664,-0.0044233957
-0.0153771555,-0.46738085,-0.22237954,-0.038299922,0.003349129,0.0,0.0,0.0,0.017081726,0.0,-0.004486008,0.0,0.054378748,0.0,0.0008860773,-0.00021668678,-0.13178335,0.0,-0.26284584,0.0,0.0,0.07173322,0.0,0.0,0.0,0.0,0.0,-0.27296227,0.0,-0.015147548,-0.0036069527,0.0,-0.03312503,0.0010527901,0.0,0.07309928,-0.84160435,-0.16574232,-0.24168512,0.041487973,0.0,0.0017602718,-0.004013705,-0.2050008,0.001407335
-0.016252778,-0.29736686,-0.21710058,-0.009227036,-0.0039018083,0.0,0.0,0.0,0.008038741,0.0,-0.004486008,0.0,-0.066666216,0.0,-0.00041246324,-0.00021668678,-0.1393631,0.0,-0.2311574,0.0,0.0,0.025699867,0.0,0.0,0.0,0.0,0.0,-0.20718783,0.0,-0.012828371,-0.0036069527,0.0,-0.030261122,-0.0007986329,0.0,-0.15585108,-0.8232982,0.081996046,0.06456164,0.036528118,0.0,0.0017602718,-0.004013705,-0.15147485,0.001407335
-0.012366185,-0.47250187,-0.09253794,-0.064098716,-0.012402311,0.0,0.0,0.0,0.024721537,0.0,-0.0028311147,0.0,0.069122,0.0,0.001603096,0.00013513495,0.090649985,0.0,0.2563109,0.0,0.0,0.037338432,0.0,0.0,0.0,0.0,0.0,0.16529597,0.0,0.0008712949,-0.009753089,0.0,-0.043297775,0.002744601,0.0,0.07309928,-1.03941,-0.19072218,-0.14303093,0.075835235,0.0,-0.0014559947,-0.006881507,-0.22669628,0.001407335
-0.01186203,-0.4199849,-0.10796635,-0.1781618,-0.00010916684,0.0,0.0,0.0,0.029179702,0.0,0.054397523,0.0,0.09542889,0.0,-0.0007462308,-0.0015942659,-0.312314,0.0,0.1747615,0.0,0.0,0.06638944,0.0,0.0,0.0,0.0,0.0,0.17769386,0.0,0.00046389567,0.010109393,0.0,0.04200495,0.002744601,0.0,0.019343577,0.44223642,-0.040954176,0.022103824,0.086444974,0.0,-0.0065584024,0.0005887636,0.26738247,0.00047790786
-0.030426992,0.65985,-0.2710376,0.13878821,0.0013894028,0.0,0.0,0.0,0.020048779,0.0,0.020550637,0.0,0.055536367,0.0,-0.0025244548,-0.015332067,-0.119635455,0.0,0.2619161,0.0,0.0,0.028307954,0.0,0.0,0.0,0.0,0.0,0.16237424,0.0,0.008358839,-0.0041200104,0.0,-0.022800665,-0.002082019,0.0,-0.14944267,-1.0750782,0.09238007,0.036680486,-0.23454323,0.0,-0.004391714,0.0011661218,-0.1872782,-0.0018606446
0.08673616,0.95664096,-0.03491125,0.17359589,0.0008880644,0.0,0.0,0.0,0.008550817,0.0,-0.0047603124,0.0,-0.09044561,0.0,-0.0025244548,0.0066078044,0.1436178,0.0,0.1606195,0.0,0.0,0.025655232,0.0,0.0,0.0,0.0,0.0,0.21769401,0.0,0.010916204,-0.0041200104,0.0,-0.020694239,-0.002082019,0.0,-0.028935755,0.638318,-0.030314967,0.036680486,0.062106997,0.0,0.0011674177,0.003116047,-0.15672737,-0.0018606446
-0.011254996,-0.32488587,-0.17351277,-0.026440885,-0.0043957387,0.0,0.0,0.0,-0.08058272,0.0,0.012503779,0.0,0.09151495,0.0,-0.0007462308,-0.0015942659,-0.13725226,0.0,0.2742854,0.0,0.0,0.08806035,0.0,0.0,0.0,0.0,0.0,-0.25751087,0.0,-0.008064239,0.0037387437,0.0,0.030788671,0.0010527901,0.0,0.08782441,-0.6454821,0.15968803,0.04544233,0.0606723,0.0,0.0015138601,0.0005887636,0.23751402,0.00047790786
-0.015808683,-0.23122744,-0.11812797,0.019005558,-0.00011967363,0.0,0.0,0.0,-0.07694958,0.0,-0.004486008,0.0,0.043473627,0.0,0.0008860773,-0.00021668678,-0.14158157,0.0,-0.25929996,0.0,0.0,-0.053204868,0.0,0.0,0.0,0.0,0.0,0.11816038,0.0,0.0008712949,0.010109393,0.0,0.011239758,-0.002082019,0.0,-0.15602632,-0.86373717,0.081111684,0.055254377,0.07630908,0.0,-0.0016381877,-0.004013705,-0.15448192,0.00047790786
-0.011124493,-0.11252301,0.46404272,-0.08664057,0.0055707144,0.0,0.0,0.0,0.018760594,0.0,-0.0042897584,0.0,-0.10110802,0.0,-0.0007462308,0.0011452292,0.229813,0.0,0.12943809,0.0,0.0,-0.053038277,0.0,0.0,0.0,0.0,0.0,-0.21850686,0.0,-0.015147548,0.0037387437,0.0,0.032279484,0.0010527901,0.0,0.040691633,0.47803593,-0.043231074,0.080531225,0.08059862,0.0,-0.0037075796,0.0006897679,-0.14744432,0.00047790786
-0.008781608,0.41686603,-0.106474005,-0.046101775,0.0008880644,0.0,0.0,0.0,0.012597819,0.0,-0.0042897584,0.0,-0.1488107,0.0,-0.00083217025,0.0011452292,0.17865469,0.0,-0.3417738,0.0,0.0,0.054723576,0.0,0.0,0.0,0.0,0.0,0.16685693,0.0,0.00059738336,-0.009753089,0.0,-0.023026688,-0.002082019,0.0,-0.016514113,0.6144139,-0.026733205,0.033564694,0.094820395,0.0,-0.0021067285,0.00056854245,0.19980311,0.001407335
-0.011737191,-0.36582866,-0.10870184,-0.19415735,0.0003263933,0.0,0.0,0.0,0.026003558,0.0,-0.019928439,0.0,-0.11224787,0.0,-0.0007462308,-0.0018972601,-0.36013347,0.0,0.16585007,0.0,0.0,-0.09158832,0.0,0.0,0.0,0.0,0.0,-0.31468692,0.0,-0.010383418,0.0037387437,0.0,0.03089481,0.0010527901,0.0,0.018926028,0.41902885,-0.041078124,0.05234941,0.06494044,0.0,-0.0033421358,0.0005887636,0.16518244,0.00047790786
-0.008181498,-0.037436895,0.5923241,-0.06294757,-0.0068943147,0.0,0.0,0.0,0.03184186,0.0,-0.0029851082,0.0,-0.1027648,0.0,-0.00041246324,0.0011452292,0.24889423,0.0,-0.23458706,0.0,0.0,-0.09468768,0.0,0.0,0.0,0.0,0.0,-0.2315851,0.0,-0.010383418,0.0037387437,0.0,0.047802646,0.0010527901,0.0,0.018926028,0.44215333,-0.0361906,0.08768034,0.07674227,0.0,0.0020824312,0.00056854245,0.14147028,0.00047790786
-0.023303,-0.1979503,-0.173601,-0.19096312,-0.0010418958,0.0,0.0,0.0,-0.062271707,0.0,-0.019928439,0.0,0.03603934,0.0,0.0008860773,-0.0018972601,-0.14765218,0.0,-0.20863532,0.0,0.0,0.042892,0.0,0.0,0.0,0.0,0.0,-0.1930122,0.0,-0.015147548,0.0037387437,0.0,0.028209299,-0.0007986329,0.0,-0.15602632,-0.8375403,0.081996046,0.06456164,-0.116369754,0.0,0.019225778,0.0004675381,-0.18078537,0.00047790786
0.09380426,-0.31555226,-0.1301265,-0.015866136,-0.00074664445,0.0,0.0,0.0,0.022722952,0.0,0.035587132,0.0,0.084991604,0.0,-0.0007462308,-0.0010614597,-0.29367834,0.0,0.15889649,0.0,0.0,0.03508953,0.0,0.0,0.0,0.0,0.0,0.17013387,0.0,0.0007378072,-0.009753089,0.0,-0.03327577,0.002744601,0.0,0.044531405,0.4378912,-0.040954176,0.031910494,0.06684913,0.0,0.01651647,0.0005887636,-0.22407737,0.001407335
-0.023024078,0.9117145,0.36695266,0.20594497,0.006002513,0.0,0.0,0.0,0.01870725,0.0,-0.0047603124,0.0,0.057584308,0.0,0.0054231794,0.012792513,0.17331843,0.0,0.16242278,0.0,0.0,0.03545349,0.0,0.0,0.0,0.0,0.0,0.16778243,0.0,0.010916204,0.0042706355,0.0,0.031396218,0.002744601,0.0,0.035995018,0.5785771,-0.043107126,0.03869231,-0.26589757,0.0,-0.0018339818,0.003116047,-0.1609385,-0.00096150785
-0.01225299,0.19848901,0.45799503,-0.11435847,-0.006824146,0.0,0.0,0.0,0.022608556,0.0,-0.0042897584,0.0,0.08191996,0.0,0.0054231794,0.00013513495,0.24101646,0.0,0.16447741,0.0,0.0,0.046031892,0.0,0.0,0.0,0.0,0.0,0.10713394,0.0,0.0008712949,0.010109393,0.0,0.050736357,0.002744601,0.0,0.041109182,0.5266203,-0.043107126,0.0340955,0.12393715,0.0,-0.0020425096,-0.006881507,-0.1980857,0.00047790786
-0.024875592,-0.21011779,-0.17902774,0.00093279936,-0.000549158,0.0,0.0,0.0,0.009889105,0.0,-0.004486008,0.0,-0.05930923,0.0,-0.00041246324,-0.0018972601,-0.14506108,0.0,-0.23233029,0.0,0.0,-0.04979503,0.0,0.0,0.0,0.0,0.0,-0.2317482,0.0,-0.015147548,-0.0036069527,0.0,-0.025178708,-0.0007986329,0.0,-0.07636209,-0.8963868,-0.08801111,-0.28074378,-0.0929962,0.0,-0.001038072,0.0004675381,-0.1371037,-0.0044233957
-0.012278283,0.50019324,-0.14902316,-0.026377965,0.003346783,0.0,0.0,0.0,0.01081662,0.0,-0.0042897584,0.0,-0.10874167,0.0,-0.0025244548,0.0011452292,0.22730584,0.0,0.19015126,0.0,0.0,0.03162117,0.0,0.0,0.0,0.0,0.0,-0.2705971,0.0,-0.015147548,-0.0036069527,0.0,-0.024818484,-0.0007986329,0.0,-0.028935755,0.61192644,-0.030438917,0.057330426,0.07575275,0.0,0.0011737567,0.0006897679,-0.15279846,-0.0044233957
-0.014326894,-0.53297555,-0.3018481,-0.118628375,0.003349129,0.0,0.0,0.0,-0.09418558,0.0,-0.019792344,0.0,0.041694943,0.0,0.0008860773,0.0011452292,-0.13794528,0.0,-0.2834698,0.0,0.0,-0.057887014,0.0,0.0,0.0,0.0,0.0,-0.3090887,0.0,0.0007378072,0.0037387437,0.0,-0.014197413,0.0010527901,0.0,-0.07653732,-0.9040666,-0.08801111,-0.28074378,0.03823806,0.0,0.041949715,0.00056854245,-0.1534212,0.001407335
-0.012106642,0.44044212,-0.19553815,-0.01288335,-0.0037612498,0.0,0.0,0.0,-0.05628786,0.0,-0.0047195475,0.0,-0.0904267,0.0,-0.0025244548,-0.0018972601,-0.31010163,0.0,0.19622555,0.0,0.0,0.037231844,0.0,0.0,0.0,0.0,0.0,-0.31085908,0.0,-0.012828371,-0.0036069527,0.0,-0.013732189,-0.0007986329,0.0,-0.028935755,0.5064053,-0.030438917,0.05580853,0.06542093,0.0,-0.0034311528,0.0005887636,-0.15353693,0.001407335
-0.024828985,-0.25276077,-0.30673137,-0.13875124,-0.0016793734,0.0,0.0,0.0,0.015191946,0.0,-0.019792344,0.0,-0.06994269,0.0,-0.00041246324,0.0011452292,-0.15206873,0.0,-0.20298028,0.0,0.0,-0.041956577,0.0,0.0,0.0,0.0,0.0,-0.1979925,0.0,0.0007378072,0.0037387437,0.0,-0.031777535,0.0010527901,0.0,-0.15615508,-0.85023946,0.081996046,0.07830102,-0.11702507,0.0,-0.025037764,0.00056854245,-0.12960884,-0.0044233957
-0.015330552,-0.3910088,-0.3841567,-0.09055169,0.003349129,0.0,0.0,0.0,-0.07805472,0.0,-0.019792344,0.0,-0.06625042,0.0,-0.00041246324,0.00013513495,-0.14377964,0.0,-0.23581396,0.0,0.0,-0.047737893,0.0,0.0,0.0,0.0,0.0,-0.23439826,0.0,0.0007378072,0.0037387437,0.0,-0.008581734,0.0010527901,0.0,-0.15615508,-0.83716935,0.081996046,0.07830102,0.039489973,0.0,-0.020569399,-0.0066033686,-0.08876531,0.001407335
-0.012060039,0.18160209,-0.3425071,-0.032594793,0.003346783,0.0,0.0,0.0,0.01753507,0.0,-0.0045834514,0.0,-0.095611036,0.0,-0.00083217025,0.0011452292,-0.14650379,0.0,-0.27393496,0.0,0.0,-0.0428243,0.0,0.0,0.0,0.0,0.0,-0.2769569,0.0,0.0007378072,0.0037387437,0.0,-0.026012199,0.0010527901,0.0,-0.14813522,-0.8968093,0.081996046,0.08037615,0.057438735,0.0,0.07400826,0.00056854245,-0.11350463,0.001407335
0.073918715,-0.094053924,-0.13463776,-0.028843936,-0.0012802833,0.0,0.0,0.0,0.013637017,0.0,-0.0047195475,0.0,-0.10401276,0.0,-0.00083217025,-0.0013644537,-0.30075592,0.0,-0.28963676,0.0,0.0,-0.04564908,0.0,0.0,0.0,0.0,0.0,0.15020032,0.0,0.0007378072,-0.009753089,0.0,-0.024974518,-0.002082019,0.0,-0.036955625,0.48127243,-0.026733205,0.053712495,0.06124044,0.0,0.0034963975,0.0004675381,-0.14884566,0.001407335
-0.020941691,0.49128285,-0.11521151,-0.02695028,0.0013894028,0.0,0.0,0.0,0.010708605,0.0,-0.0042897584,0.0,-0.09588495,0.0,-0.0025244548,0.0011452292,0.16152874,0.0,0.18778105,0.0,0.0,0.032132633,0.0,0.0,0.0,0.0,0.0,0.1263953,0.0,0.0008712949,-0.009753089,0.0,-0.023026688,-0.002082019,0.0,-0.028935755,0.63731724,-0.030314967,0.032470018,-0.21722613,0.0,0.008684047,0.0006897679,-0.16107668,0.001407335
-0.018323839,0.43031105,0.10977876,-0.060690463,0.0013894028,0.0,0.0,0.0,0.012597819,0.0,-0.0042897584,0.0,-0.14212736,0.0,-0.0025244548,0.0011452292,0.23161457,0.0,0.20763204,0.0,0.0,0.04686409,0.0,0.0,0.0,0.0,0.0,0.11126919,0.0,0.00059738336,-0.009753089,0.0,-0.011680299,0.002744601,0.0,0.017742842,0.60640347,-0.040954176,0.024692705,-0.2461692,0.0,-0.0024887328,0.0006897679,0.15429807,0.001407335
-0.008919853,0.15832473,-0.12358275,-0.031138841,-0.003123772,0.0,0.0,0.0,0.028907286,0.0,-0.0047195475,0.0,-0.14472821,0.0,-0.0025244548,-0.0018972601,-0.39563787,0.0,0.18909411,0.0,0.0,-0.10497357,0.0,0.0,0.0,0.0,0.0,-0.3320385,0.0,-0.010383418,0.0037387437,0.0,0.031505458,-0.0007986329,0.0,-0.016514113,0.45436195,-0.030438917,0.052729465,0.07740051,0.0,0.0011095378,0.0005887636,0.15567523,0.00047790786
-0.015418087,-0.53552854,0.51783323,0.13256246,-0.0011914009,0.0,0.0,0.0,0.042865682,0.0,-0.0028311147,0.0,0.05285602,0.0,0.001603096,0.0011452292,0.106165834,0.0,0.1855573,0.0,0.0,-0.06738284,0.0,0.0,0.0,0.0,0.0,-0.22327897,0.0,-0.010383418,0.0037387437,0.0,0.037968814,0.000697852,0.0,0.01862815,-0.8438456,-0.18012184,-0.16521513,0.07942841,0.0,0.00091430417,0.0006897679,0.14566858,0.00047790786
0.06970676,-0.083453715,0.40568775,-0.11435847,-0.006824146,0.0,0.0,0.0,0.02173459,0.0,-0.0042897584,0.0,0.08738637,0.0,0.001603096,-0.00018534983,0.19966781,0.0,0.13746552,0.0,0.0,0.046031892,0.0,0.0,0.0,0.0,0.0,0.10737969,0.0,0.0008712949,0.010109393,0.0,0.053408965,0.002744601,0.0,0.041109182,0.48977366,-0.043107126,0.0340955,0.10083442,0.0,0.00057688553,-0.006881507,-0.21366426,0.00047790786
-0.010830529,0.30164725,-0.100753576,-0.01659901,0.00039413373,0.0,0.0,0.0,0.016450206,0.0,-0.0042897584,0.0,-0.12443034,0.0,-0.0025244548,0.0011452292,0.23742796,0.0,0.1757555,0.0,0.0,0.038925257,0.0,0.0,0.0,0.0,0.0,0.1495851,0.0,0.0008712949,0.010109393,0.0,0.040976282,-0.002082019,0.0,-0.028935755,0.6174507,-0.030314967,0.034340143,0.09806039,0.0,0.0073685125,0.0006897679,-0.17421916,0.00047790786
-0.009540075,0.036542315,-0.13585934,-0.010614875,-0.0037612498,0.0,0.0,0.0,0.03651414,0.0,0.012914714,0.0,0.114500225,0.0,-0.0025244548,-0.0015942659,-0.3949175,0.0,0.18899798,0.0,0.0,-0.11187018,0.0,0.0,0.0,0.0,0.0,-0.29874507,0.0,-0.008064239,-0.0036069527,0.0,-0.02649235,-0.0007986329,0.0,-0.01897631,0.4379916,-0.030438917,0.052338958,0.089883946,0.0,0.0011095378,0.0005887636,0.20284967,0.001407335
-0.0134825,0.010413856,-0.43519923,-0.036125384,-0.0037612498,0.0,0.0,0.0,0.015824536,0.0,-0.0045834514,0.0,-0.095611036,0.0,-0.00041246324,0.0011452292,-0.13139227,0.0,-0.2637434,0.0,0.0,-0.06336334,0.0,0.0,0.0,0.0,0.0,-0.2981476,0.0,0.0007378072,0.0037387437,0.0,-0.031777535,0.0010527901,0.0,-0.07666607,-0.94328386,-0.08801111,-0.3088877,0.0623402,0.0,-0.017787745,0.00056854245,-0.15625142,-0.0044233957
0.06611913,-0.80495685,0.12684856,-0.03531595,-0.0128524145,0.0,0.0,0.0,0.016365021,0.0,-0.0028311147,0.0,-0.08533171,0.0,-0.0007462308,-0.00018534983,0.08424763,0.0,0.3003937,0.0,0.0,-0.0498246,0.0,0.0,0.0,0.0,0.0,-0.28368843,0.0,-0.015147548,-0.0036069527,0.0,-0.035475194,0.0010527901,0.0,0.072681725,-0.96100533,-0.21053663,-0.24154656,0.06882916,0.0,0.0043796673,-0.006881507,-0.12602875,0.001407335
-0.027493805,0.89762133,-0.2573193,0.14806809,0.0038481215,0.0,0.0,0.0,0.016353026,0.0,-0.005054005,0.0,-0.059274465,0.0,-0.00083217025,-0.006707067,-0.26321495,0.0,-0.26826513,0.0,0.0,-0.041330837,0.0,0.0,0.0,0.0,0.0,-0.2851655,0.0,0.008358839,0.0023605714,0.0,-0.017441306,0.0010527901,0.0,-0.028935755,0.55970454,-0.026857154,0.09729773,-0.14656356,0.0,-0.0068660825,-0.06880761,-0.10360378,0.0005919774
-0.008781608,0.5701709,0.12986213,-0.020833332,-0.0012802833,0.0,0.0,0.0,0.022292038,0.0,-0.0042897584,0.0,0.1298698,0.0,0.0054231794,0.0011452292,0.16557641,0.0,0.22861074,0.0,0.0,0.05696327,0.0,0.0,0.0,0.0,0.0,0.15420908,0.0,0.00059738336,-0.009753089,0.0,-0.012160448,0.002744601,0.0,0.020858275,0.6100166,-0.040954176,0.024692705,0.11908157,0.0,-0.0021067285,0.0006897679,0.20471834,0.001407335
0.053335533,-0.25158522,-0.077046275,-0.17725104,-0.00074664445,0.0,0.0,0.0,0.02014675,0.0,-0.010513625,0.0,0.105979,0.0,0.001603096,0.00082474446,0.19890383,0.0,0.16946943,0.0,0.0,0.044829186,0.0,0.0,0.0,0.0,0.0,0.17192844,0.0,0.00059738336,-0.009753089,0.0,-0.029223438,-0.002082019,0.0,-0.01817747,0.5395339,-0.030314967,0.022017697,0.07008479,0.0,-0.005972582,0.0006897679,0.28292078,0.001407335
-0.008781608,0.5274049,-0.065491855,-0.02584866,0.0008880644,0.0,0.0,0.0,0.022292038,0.0,-0.0042897584,0.0,0.12782186,0.0,0.0054231794,0.0011452292,0.16557641,0.0,0.21785945,0.0,0.0,0.05696327,0.0,0.0,0.0,0.0,0.0,0.17237014,0.0,0.00059738336,-0.009753089,0.0,-0.023026688,-0.002082019,0.0,-0.017821584,0.6104998,-0.030314967,0.022736453,0.11013803,0.0,-0.0021067285,0.0006897679,0.25043678,0.001407335
-0.020882335,-0.43605837,-0.19709224,-0.14156096,0.0013216623,0.0,0.0,0.0,0.031727396,0.0,-0.019792344,0.0,0.09139216,0.0,0.0008860773,0.0011452292,-0.3291763,0.0,-0.27159995,0.0,0.0,-0.11446932,0.0,0.0,0.0,0.0,0.0,-0.29551363,0.0,0.00046389567,0.0037387437,0.0,-0.029505586,0.0010527901,0.0,-0.019613694,0.42597547,-0.026857154,0.06967126,-0.12890157,0.0,-0.0144435875,0.00056854245,0.17340638,0.001407335
-0.008087834,0.31866184,0.6586547,-0.024769228,-0.009305112,0.0,0.0,0.0,0.04106873,0.0,-0.0042897584,0.0,-0.102406666,0.0,-0.00083217025,0.0011452292,0.28351036,0.0,-0.29619068,0.0,0.0,-0.098463796,0.0,0.0,0.0,0.0,0.0,-0.22697555,0.0,-0.010383418,0.0037387437,0.0,0.047762036,0.000697852,0.0,0.018990071,0.4861945,-0.0361906,0.06754252,0.077915005,0.0,0.00032778902,0.00056854245,0.12154636,0.00047790786
0.11023753,-0.42406315,0.14563239,-0.072256245,-0.0046427855,0.0,0.0,0.0,0.02338348,0.0,-0.0028311147,0.0,0.106349416,0.0,0.001603096,0.00082474446,0.17769353,0.0,0.1315466,0.0,0.0,0.06022369,0.0,0.0,0.0,0.0,0.0,0.12446419,0.0,0.00059738336,0.010109393,0.0,0.053408965,0.002744601,0.0,0.019343577,0.48042265,-0.043107126,0.023837894,-0.19291408,0.0,-0.001316397,0.0006897679,0.23562558,0.00047790786
-0.0083063375,-0.11688809,0.0741461,-0.10076771,-0.006444211,0.0,0.0,0.0,-0.09028458,0.0,-0.0042897584,0.0,-0.11701813,0.0,-0.0007462308,0.0011452292,0.2113205,0.0,0.16432776,0.0,0.0,-0.0895912,0.0,0.0,0.0,0.0,0.0,0.15863529,0.0,0.00059738336,0.010109393,0.0,0.025688896,-0.002082019,0.0,-0.018002236,0.5395421,-0.030314967,0.029002527,0.091542006,0.0,-0.0022889215,0.0006897679,0.19999279,0.00047790786
-0.021973198,-0.2258385,-0.14188601,-0.20368779,-0.0012292701,0.0,0.0,0.0,0.025015261,0.0,-0.019928439,0.0,0.07160458,0.0,0.0008860773,-0.0018972601,-0.18040551,0.0,-0.23859088,0.0,0.0,-0.09637752,0.0,0.0,0.0,0.0,0.0,0.12430124,0.0,0.00046389567,-0.009753089,0.0,-0.023386914,-0.002082019,0.0,-0.09575498,-0.84429747,0.081111684,0.044754487,-0.17006199,0.0,-0.0069404067,0.0004675381,0.28388527,0.001407335
0.0645568,-0.64925885,-0.03840936,-0.0369622,0.003349129,0.0,0.0,0.0,0.026463883,0.0,-0.0028311147,0.0,0.06181244,0.0,0.001603096,0.00082474446,0.08424763,0.0,0.26500013,0.0,0.0,-0.026515028,0.0,0.0,0.0,0.0,0.0,-0.20398375,0.0,-0.015147548,-0.0036069527,0.0,-0.01395606,-0.0007986329,0.0,-0.15602632,-0.9336763,0.09326443,0.071825124,0.0412715,0.0,-0.009294846,0.0006897679,-0.18639283,0.001407335
-0.021778181,-0.4340433,-0.3918229,-0.09926799,0.0001476258,0.0,0.0,0.0,0.02233924,0.0,-0.019792344,0.0,-0.063008346,0.0,-0.00041246324,0.00013513495,-0.13666384,0.0,-0.233267,0.0,0.0,-0.04911038,0.0,0.0,0.0,0.0,0.0,-0.25410125,0.0,0.0007378072,0.0037387437,0.0,-0.025564205,0.0010527901,0.0,-0.07636209,-0.908071,-0.08801111,-0.28074378,-0.08845511,0.0,-0.025037764,-0.0066033686,-0.13508107,0.001407335
-0.008656769,0.58978045,0.3011426,-0.01858438,0.01786832,0.0,0.0,0.0,0.030128745,0.0,-0.0042897584,0.0,0.1130936,0.0,0.0054231794,0.0011452292,0.23581456,0.0,0.20737901,0.0,0.0,-0.09235568,0.0,0.0,0.0,0.0,0.0,-0.26932645,0.0,-0.010383418,-0.0036069527,0.0,-0.016693234,0.0010527901,0.0,0.020858275,0.54568696,-0.043231074,0.06388679,0.09714786,0.0,0.0011095378,0.0006897679,0.15587294,0.001407335
-0.008726221,-0.48494396,0.31834346,-0.051010862,-0.0041601597,0.0,0.0,0.0,0.02338348,0.0,-0.0028311147,0.0,0.11483511,0.0,0.001603096,0.0011452292,0.18768531,0.0,0.15789707,0.0,0.0,0.070287764,0.0,0.0,0.0,0.0,0.0,0.1294389,0.0,0.00059738336,0.010109393,0.0,0.05546603,0.002744601,0.0,0.019343577,0.472507,-0.043107126,0.025198435,0.105167165,0.0,-0.0015202136,0.0006897679,0.25665984,0.00047790786
0.1459431,-0.266036,-0.15362181,-0.013804423,-0.00034630485,0.0,0.0,0.0,0.013546481,0.0,-0.004486008,0.0,-0.072579935,0.0,-0.0007462308,-0.0013644537,-0.12184775,0.0,0.21874104,0.0,0.0,0.028946253,0.0,0.0,0.0,0.0,0.0,-0.18914938,0.0,-0.015147548,0.0037387437,0.0,0.038959827,0.0010527901,0.0,0.14662382,-0.65135384,0.15968803,0.056770902,-0.09961744,0.0,0.00034201203,0.0005887636,-0.12869756,0.00047790786
-0.02262724,-0.19741908,-0.09128107,-0.03420863,0.0008954721,0.0,0.0,0.0,-0.053130068,0.0,-0.0047195475,0.0,-0.08485688,0.0,-0.0007462308,-0.0018972601,-0.2921925,0.0,0.12980536,0.0,0.0,0.047889955,0.0,0.0,0.0,0.0,0.0,0.117352016,0.0,0.0007378072,0.010109393,0.0,0.031375878,-0.002082019,0.0,-0.036955625,0.47027627,-0.030314967,0.03072314,-0.2300955,0.0,-0.0026067072,0.0005887636,-0.21139751,-0.0015021125
0.06963887,-0.66364247,0.50274414,-0.02990723,-0.0016374681,0.0,0.0,0.0,0.03588893,0.0,-0.0028311147,0.0,0.05531793,0.0,0.001603096,-0.00018534983,0.07808656,0.0,0.17001824,0.0,0.0,-0.06522857,0.0,0.0,0.0,0.0,0.0,0.09052786,0.0,0.0008712949,0.010109393,0.0,0.03733424,0.002744601,0.0,0.14704137,-0.70337856,0.14030385,0.032399457,0.07903456,0.0,0.0011634006,-0.006881507,-0.15881878,0.00047790786
-0.015330552,-0.36351788,-0.42939183,-0.09055169,0.003349129,0.0,0.0,0.0,-0.050467588,0.0,-0.019792344,0.0,-0.06625042,0.0,-0.00041246324,0.0011452292,-0.14377964,0.0,-0.23601699,0.0,0.0,-0.047737893,0.0,0.0,0.0,0.0,0.0,-0.23439826,0.0,0.0007378072,0.0037387437,0.0,-0.010373532,0.0010527901,0.0,-0.15615508,-0.83716935,0.081996046,0.07830102,0.039489973,0.0,-0.022421611,0.00056854245,-0.08876531,-0.0044233957
-0.018072013,-1.2587888,-0.19097978,-0.026434809,-0.00034630485,0.0,0.0,0.0,-0.08415647,0.0,-0.004486008,0.0,0.04022427,0.0,0.0008860773,-0.0018972601,-0.10515009,0.0,-0.4234681,0.0,0.0,-0.0685873,0.0,0.0,0.0,0.0,0.0,-0.27954066,0.0,-0.015147548,0.0037387437,0.0,0.010886993,-0.0007986329,0.0,-0.07653732,-0.9077966,-0.09310598,-0.2996199,-0.12583876,0.0,-0.012386271,0.020313105,-0.21319275,-0.0015021125
-0.015202515,-0.25335833,-0.39757368,-0.11359335,0.00082032394,0.0,0.0,0.0,0.015083931,0.0,-0.019792344,0.0,-0.079211846,0.0,-0.00041246324,0.0011452292,-0.14377964,0.0,-0.26565716,0.0,0.0,-0.06336334,0.0,0.0,0.0,0.0,0.0,-0.3002803,0.0,0.0007378072,0.0037387437,0.0,-0.029505586,0.0010527901,0.0,-0.07666607,-0.9166027,-0.08801111,-0.28074378,0.04634992,0.0,0.087028325,0.00056854245,-0.12655129,0.001407335
-0.020872416,-0.4100668,-0.23412159,-0.021358138,0.0001476258,0.0,0.0,0.0,0.028425679,0.0,0.012503779,0.0,0.047008134,0.0,-0.00041246324,-0.0015942659,-0.13421993,0.0,-0.24313234,0.0,0.0,-0.052105695,0.0,0.0,0.0,0.0,0.0,-0.2383061,0.0,-0.012828371,-0.0036069527,0.0,-0.028425612,-0.0007986329,0.0,-0.07653732,-0.9026508,-0.08801111,-0.28074378,-0.086343236,0.0,0.0042141266,0.0004675381,-0.18466254,0.001407335
0.06722293,-0.48553205,0.40229565,-0.05441445,0.0030846638,0.0,0.0,0.0,-0.083088435,0.0,-0.0028311147,0.0,0.04949001,0.0,0.001603096,0.00082474446,0.18601266,0.0,0.1370988,0.0,0.0,-0.07659677,0.0,0.0,0.0,0.0,0.0,0.105935834,0.0,0.0008712949,0.010109393,0.0,0.013026064,0.002744601,0.0,0.041109182,0.4439568,-0.03964842,0.032399457,0.07622222,0.0,0.0020576725,0.0006897679,-0.15293866,0.00047790786
-0.009664915,0.1567315,-0.18387775,-0.0036151197,-0.0012802833,0.0,0.0,0.0,0.028677428,0.0,0.012914714,0.0,0.13127643,0.0,-0.0025244548,-0.0015942659,-0.35035944,0.0,0.19904405,0.0,0.0,0.07335449,0.0,0.0,0.0,0.0,0.0,0.19397724,0.0,0.00046389567,-0.009753089,0.0,-0.031300213,-0.002082019,0.0,-0.017821584,0.4839534,-0.030314967,0.022483882,0.10882227,0.0,-0.010409837,0.0005887636,0.25978684,0.001407335
-0.0082126735,0.30659074,0.2176631,-0.033072364,-0.006824146,0.0,0.0,0.0,0.01833942,0.0,-0.0042897584,0.0,-0.17067276,0.0,-0.0025244548,0.0011452292,0.23161457,0.0,0.16974731,0.0,0.0,0.063849054,0.0,0.0,0.0,0.0,0.0,0.15127155,0.0,0.00059738336,0.010109393,0.0,0.05542542,0.002744601,0.0,0.018990071,0.5566171,-0.043107126,0.023936177,0.102203935,0.0,-0.0021067285,0.0006897679,0.18224502,0.00047790786
-0.014742326,-0.43452102,0.2536729,-0.037043873,0.012766458,0.0,0.0,0.0,0.036586165,0.0,-0.0028311147,0.0,0.08957321,0.0,0.001603096,0.0011452292,0.106165834,0.0,0.19698721,0.0,0.0,-0.073725976,0.0,0.0,0.0,0.0,0.0,-0.17304678,0.0,-0.010383418,-0.0036069527,0.0,-0.02631143,0.0010527901,0.0,0.08782441,-0.71399343,0.16379204,0.06339798,-0.1779839,0.0,-0.0011022909,0.0006897679,0.21313223,0.001407335
-0.021778181,-0.45590004,-0.45157275,-0.100477114,-0.000549158,0.0,0.0,0.0,-0.073482476,0.0,-0.019792344,0.0,-0.050046917,0.0,-0.00041246324,0.00013513495,-0.13666384,0.0,-0.233267,0.0,0.0,-0.054023977,0.0,0.0,0.0,0.0,0.0,-0.25435892,0.0,0.0007378072,0.0037387437,0.0,-0.008581734,0.0010527901,0.0,-0.07636209,-0.908071,-0.08801111,-0.28074378,-0.09371479,0.0,-0.025219956,-0.0066033686,-0.119547546,0.001407335
-0.014984242,-0.20092778,-0.8586612,-0.10729287,0.00082032394,0.0,0.0,0.0,-0.05251178,0.0,-0.012032424,0.0,-0.110601224,0.0,-0.00041246324,0.0011452292,-0.15206873,0.0,-0.26365298,0.0,0.0,-0.071678996,0.0,0.0,0.0,0.0,0.0,-0.3157028,0.0,0.0007378072,0.0037387437,0.0,-0.013834762,0.0010527901,0.0,-0.07666607,-0.93427354,-0.08801111,-0.26470077,0.14752233,0.0,-0.022421611,0.0005507715,-0.13605529,-0.0044233957
-0.008781608,0.4409188,-0.108115174,-0.03124236,-0.0012802833,0.0,0.0,0.0,0.022292038,0.0,-0.0042897584,0.0,0.12782186,0.0,0.0054231794,0.0011452292,0.23161457,0.0,0.20451367,0.0,0.0,0.05696327,0.0,0.0,0.0,0.0,0.0,0.17421837,0.0,0.00059738336,-0.009753089,0.0,-0.023506839,-0.002082019,0.0,-0.017821584,0.60221684,-0.030314967,0.022736453,0.11693355,0.0,-0.0021067285,0.0006897679,0.25043678,0.001407335
-0.015330552,-0.48715487,-0.3223774,-0.13687965,-0.0039018083,0.0,0.0,0.0,-0.09453619,0.0,-0.019792344,0.0,0.041694943,0.0,0.0008860773,0.00013513495,-0.13794528,0.0,-0.25362664,0.0,0.0,-0.03734797,0.0,0.0,0.0,0.0,0.0,-0.24208497,0.0,0.0007378072,0.0037387437,0.0,-0.013717263,0.0010527901,0.0,-0.15602632,-0.82463336,0.081996046,0.07830102,0.03975189,0.0,-0.01176322,-0.0066033686,-0.13116875,0.001407335
0.04980807,-0.446101,0.15918314,-0.041630507,-0.004610263,0.0,0.0,0.0,0.03395135,0.0,-0.0028311147,0.0,0.09819442,0.0,0.001603096,0.00082474446,0.2165111,0.0,0.15442802,0.0,0.0,-0.098112084,0.0,0.0,0.0,0.0,0.0,-0.25779277,0.0,-0.010383418,0.0037387437,0.0,0.043286886,-0.0007986329,0.0,-0.01817747,0.45723605,-0.032591872,0.063059285,0.04893145,0.0,0.002281874,0.0006897679,0.20335801,0.00047790786
-0.010429267,0.91899055,0.037630707,0.16149808,0.0008880644,0.0,0.0,0.0,0.018168723,0.0,-0.0047603124,0.0,-0.11353495,0.0,-0.0025244548,0.012792513,0.18182713,0.0,0.1812474,0.0,0.0,-0.059513617,0.0,0.0,0.0,0.0,0.0,0.22578064,0.0,0.0056710923,-0.0041200104,0.0,-0.014306219,-0.002082019,0.0,-0.016514113,0.61445254,-0.030314967,0.03187278,0.08817324,0.0,-0.0015161962,0.003116047,0.17887959,0.0005919774
-0.021686507,0.4456805,-0.29685825,0.008001991,0.0038481215,0.0,0.0,0.0,0.017643085,0.0,-0.0045834514,0.0,-0.0782803,0.0,-0.00083217025,0.0011452292,-0.25601792,0.0,-0.3508344,0.0,0.0,-0.047198478,0.0,0.0,0.0,0.0,0.0,-0.3202834,0.0,0.0007378072,0.0023605714,0.0,-0.020599214,0.0010527901,0.0,-0.028935755,0.5401325,-0.026857154,0.08037615,-0.14142299,0.0,-0.02058609,0.00056854245,-0.10788532,-0.0044233957
-0.02082113,-0.5028489,-0.18364315,-0.08234845,0.0001476258,0.0,0.0,0.0,0.02461352,0.0,-0.004486008,0.0,0.05498341,0.0,0.001603096,-0.0018972601,-0.13066112,0.0,0.22502619,0.0,0.0,0.0227284,0.0,0.0,0.0,0.0,0.0,-0.18488348,0.0,-0.012828371,-0.0036069527,0.0,-0.032644883,-0.0007986329,0.0,-0.15602632,-0.78314006,0.09326443,0.0537334,-0.13594303,0.0,0.0042141266,0.0005887636,-0.22347315,0.001407335
-0.021686507,0.40891176,-0.34788555,0.021029642,0.0038481215,0.0,0.0,0.0,0.017643085,0.0,-0.0045834514,0.0,-0.0782803,0.0,-0.00083217025,0.0011452292,-0.27224296,0.0,-0.3508344,0.0,0.0,-0.047198478,0.0,0.0,0.0,0.0,0.0,-0.31998026,0.0,0.0007378072,0.0023605714,0.0,-0.020599214,0.0010527901,0.0,-0.028935755,0.53254473,-0.026857154,0.08037615,-0.14142299,0.0,-0.02058609,0.00056854245,-0.10788532,-0.0044233957
-0.009442183,0.027945127,-0.40762958,-0.037630238,-0.0037612498,0.0,0.0,0.0,-0.08718069,0.0,-0.0045834514,0.0,-0.10088862,0.0,-0.00083217025,0.0011452292,-0.40203196,0.0,-0.3029971,0.0,0.0,-0.12070957,0.0,0.0,0.0,0.0,0.0,-0.31607693,0.0,0.00046389567,0.0037387437,0.0,-0.011558657,0.0010527901,0.0,-0.01766884,0.45343176,-0.026857154,0.0699995,0.06452959,0.0,-0.018034156,0.00056854245,0.13908389,0.001407335
-0.015418087,-0.47449294,0.6083958,0.13044727,-6.4385706e-05,0.0,0.0,0.0,-0.14695196,0.0,-0.0028311147,0.0,0.04534697,0.0,0.0008860773,0.0011452292,0.109410174,0.0,-0.254704,0.0,0.0,-0.10140081,0.0,0.0,0.0,0.0,0.0,-0.22011364,0.0,-0.010383418,0.0037387437,0.0,0.031378224,0.000697852,0.0,0.01862815,-0.81740195,-0.155018,-0.21879917,0.062852345,0.0,-0.0059063253,0.00056854245,0.098754935,0.00047790786
0.04725766,-0.55529773,-0.056007765,-0.04392084,0.00038571784,0.0,0.0,0.0,0.04011929,0.0,-0.0028311147,0.0,-0.14718784,0.0,-0.0007462308,0.00082474446,0.09001299,0.0,0.2703066,0.0,0.0,-0.06086296,0.0,0.0,0.0,0.0,0.0,0.13420098,0.0,0.00059738336,0.010109393,0.0,0.04794001,-0.002082019,0.0,-0.09557975,-0.91821736,0.09238007,0.028904244,0.052947793,0.0,-0.00093439256,0.0006897679,0.26001984,0.00047790786
-0.024828985,-0.13617845,-0.41788116,-0.1133851,0.0013216623,0.0,0.0,0.0,0.015824536,0.0,-0.012032424,0.0,-0.078584634,0.0,-0.00041246324,0.00013513495,-0.15206873,0.0,-0.23135325,0.0,0.0,-0.062495623,0.0,0.0,0.0,0.0,0.0,-0.2672851,0.0,0.0007378072,0.0037387437,0.0,-0.029505586,0.0010527901,0.0,-0.07666607,-0.92967284,-0.08801111,-0.28074378,-0.12066987,0.0,-0.025037764,-0.0066033686,-0.15016337,0.001407335
-0.013235139,0.61060977,-0.18540649,0.08592435,-0.0012802833,0.0,0.0,0.0,0.019052375,0.0,-0.0047195475,0.0,-0.10679668,0.0,-0.0025244548,-0.0018972601,-0.23763399,0.0,0.19999146,0.0,0.0,-0.041969553,0.0,0.0,0.0,0.0,0.0,0.19663505,0.0,0.0007378072,-0.0041200104,0.0,-0.021079365,-0.002082019,0.0,-0.028935755,0.5609275,-0.030314967,0.037798844,0.08673835,0.0,-0.0020425096,0.0005887636,-0.13601968,-0.0044233957
-0.021733113,0.42532033,-0.14895684,-0.0029653881,-0.0042438754,0.0,0.0,0.0,0.01720201,0.0,-0.0047195475,0.0,-0.08748321,0.0,-0.0025244548,-0.0018972601,-0.31010163,0.0,0.19261801,0.0,0.0,0.03515458,0.0,0.0,0.0,0.0,0.0,-0.24539287,0.0,-0.012828371,-0.0036069527,0.0,-0.025887229,-0.0007986329,0.0,-0.028935755,0.51263124,-0.030438917,0.05580853,-0.15186904,0.0,-0.0016245872,0.0005887636,-0.15159565,-0.0044233957
-0.023871934,-0.40147722,-0.122066505,-0.17598704,0.0013216623,0.0,0.0,0.0,0.010859139,0.0,-0.019928439,0.0,-0.06834444,0.0,-0.0007462308,-0.0018972601,-0.33538476,0.0,0.13344428,0.0,0.0,-0.030133711,0.0,0.0,0.0,0.0,0.0,-0.22724698,0.0,-0.012828371,-0.0036069527,0.0,-0.02604185,-0.0007986329,0.0,-0.036651637,0.44352302,-0.030438917,0.060640484,-0.14419018,0.0,0.018949352,0.0005887636,-0.14194573,0.001407335
-0.013161588,0.54468286,-0.20008533,0.054471735,0.003346783,0.0,0.0,0.0,-0.081717774,0.0,0.012914714,0.0,0.07455436,0.0,-0.0025244548,-0.0015942659,-0.25943047,0.0,0.2052724,0.0,0.0,0.03895791,0.0,0.0,0.0,0.0,0.0,-0.34158742,0.0,-0.012828371,-0.0022773212,0.0,-0.015043836,-0.0007986329,0.0,-0.030243225,0.53219414,-0.030438917,0.05580853,0.08093689,0.0,0.0009915637,0.0005887636,-0.18059263,-0.0044233957
-0.02210531,-0.0038279966,-0.40697852,-0.034531012,0.0038481215,0.0,0.0,0.0,0.015824536,0.0,-0.0045834514,0.0,-0.081817724,0.0,-0.00041246324,0.00013513495,-0.13139227,0.0,-0.21519832,0.0,0.0,-0.041956577,0.0,0.0,0.0,0.0,0.0,-0.18996887,0.0,0.0007378072,0.0037387437,0.0,-0.029505586,0.0010527901,0.0,-0.15615508,-0.8592499,0.081996046,0.07862926,-0.13206747,0.0,-0.02058609,-0.0066033686,-0.13266252,0.001407335
-0.024828985,-0.17505419,-0.41456577,-0.11708813,0.0013216623,0.0,0.0,0.0,-0.05251178,0.0,-0.012032424,0.0,-0.06026964,0.0,-0.00041246324,0.0011452292,-0.15206873,0.0,-0.20191611,0.0,0.0,-0.046870176,0.0,0.0,0.0,0.0,0.0,-0.21031234,0.0,0.0007378072,0.0037387437,0.0,-0.013834762,0.0010527901,0.0,-0.15615508,-0.85023946,0.081996046,0.07830102,-0.12066987,0.0,-0.025219956,0.00056854245,-0.11246637,-0.0044233957
-0.020780124,-0.7769138,-0.36294505,-0.1084644,-0.000549158,0.0,0.0,0.0,-0.047830798,0.0,-0.019792344,0.0,-0.048821118,0.0,-0.00041246324,0.00013513495,-0.13794528,0.0,-0.33147877,0.0,0.0,-0.054023977,0.0,0.0,0.0,0.0,0.0,-0.28810978,0.0,0.0007378072,0.0037387437,0.0,-0.0075313384,0.0010527901,0.0,-0.07636209,-0.9123302,-0.09310598,-0.2953324,-0.1270356,0.0,-0.025219956,-0.0066033686,-0.119547546,0.001407335
-0.011254996,-0.5237576,-0.09170996,-0.033593398,-0.0043957387,0.0,0.0,0.0,0.044933077,0.0,-0.004486008,0.0,0.0984689,0.0,0.001603096,-0.0018972601,-0.1659661,0.0,0.2803727,0.0,0.0,-0.10803652,0.0,0.0,0.0,0.0,0.0,-0.23455517,0.0,-0.010383418,0.0037387437,0.0,0.03412544,0.0010527901,0.0,0.08782441,-0.63737416,0.15968803,0.063534044,0.058635574,0.0,0.001696053,0.0005887636,0.19817066,0.00047790786
-0.013529103,-0.11776683,-0.13646312,-0.07640584,-0.0013504521,0.0,0.0,0.0,-0.03544543,0.0,-0.0047195475,0.0,-0.06579479,0.0,-0.00041246324,-0.0018972601,-0.32110238,0.0,-0.25509602,0.0,0.0,-0.038011394,0.0,0.0,0.0,0.0,0.0,-0.2832524,0.0,-0.012828371,-0.0036069527,0.0,-0.010129427,-0.0007986329,0.0,-0.036651637,0.45429346,-0.026857154,0.07862926,0.06430142,0.0,0.0009915637,0.0004675381,-0.12447905,-0.0044233957
-0.008781608,0.34601763,-0.09281718,-0.045821194,0.0008880644,0.0,0.0,0.0,-0.04326637,0.0,-0.0042897584,0.0,-0.14222106,0.0,-0.0025244548,0.0011452292,0.23161457,0.0,0.18435065,0.0,0.0,0.060562838,0.0,0.0,0.0,0.0,0.0,0.16936056,0.0,0.00059738336,-0.009753089,0.0,-0.019868229,-0.002082019,0.0,-0.016514113,0.60221684,-0.030314967,0.022483882,0.10761509,0.0,-0.0022889215,0.0006897679,0.20764524,0.001407335
-0.021686507,0.44189164,-0.41215852,0.021029642,0.0038481215,0.0,0.0,0.0,0.017643085,0.0,-0.0045834514,0.0,-0.0782803,0.0,-0.00083217025,0.0011452292,-0.25601792,0.0,-0.3508344,0.0,0.0,-0.047198478,0.0,0.0,0.0,0.0,0.0,-0.31998026,0.0,0.0007378072,0.0023605714,0.0,-0.020599214,0.0010527901,0.0,-0.028935755,0.5401325,-0.026857154,0.08037615,-0.14142299,0.0,-0.02058609,0.00056854245,-0.10788532,-0.0044233957
-0.021686507,0.15606695,-0.33952332,-0.017590703,0.0038481215,0.0,0.0,0.0,-0.08800956,0.0,-0.0045834514,0.0,0.05152964,0.0,0.0017877159,0.00013513495,-0.14650379,0.0,-0.296085,0.0,0.0,-0.07040453,0.0,0.0,0.0,0.0,0.0,-0.2764078,0.0,0.0007378072,0.0037387437,0.0,-0.011078508,0.0010527901,0.0,-0.07512181,-0.9716417,-0.08801111,-0.3088877,-0.15347165,0.0,-0.010109889,-0.0066033686,-0.14632143,0.001407335
-0.018586924,0.17176293,-0.13226224,-0.06567162,0.0008954721,0.0,0.0,0.0,-0.09758579,0.0,-0.0047195475,0.0,-0.09549705,0.0,-0.00083217025,-0.0018972601,-0.17355917,0.0,-0.25075963,0.0,0.0,-0.1302442,0.0,0.0,0.0,0.0,0.0,0.124786854,0.0,0.00059738336,0.010109393,0.0,0.010894056,-0.002082019,0.0,-0.094091624,-0.8925971,0.081111684,0.045473237,-0.22075447,0.0,-0.002670926,0.0004675381,0.19621742,0.00047790786
-0.021824788,-0.3972795,-0.18636626,-0.021073798,-0.000549158,0.0,0.0,0.0,0.018932087,0.0,-0.004486008,0.0,0.04766846,0.0,0.0008860773,-0.00021668678,-0.13748135,0.0,-0.24243885,0.0,0.0,-0.052790347,0.0,0.0,0.0,0.0,0.0,-0.23999573,0.0,-0.015147548,-0.0036069527,0.0,-0.025770675,-0.0007986329,0.0,-0.07653732,-0.88927096,-0.08801111,-0.28074378,-0.09777762,0.0,-0.001038072,-0.004013705,-0.18468405,0.001407335
-0.029430017,0.8647624,-0.19053696,0.13205644,0.0013894028,0.0,0.0,0.0,0.0149362115,0.0,-0.007687144,0.0,-0.069187135,0.0,-0.0025244548,-0.021194363,-0.23913303,0.0,0.16216417,0.0,0.0,0.02918865,0.0,0.0,0.0,0.0,0.0,0.1692886,0.0,0.008358839,-0.0041200104,0.0,-0.022800665,-0.002082019,0.0,-0.028935755,0.5784837,-0.030314967,0.036680486,-0.19285123,0.0,-0.0018339818,0.0011661218,-0.16395052,-0.0018606446
-0.011624378,-1.3946453,-0.11800887,-0.03343292,-6.4385706e-05,0.0,0.0,0.0,-0.08415647,0.0,-0.004486008,0.0,0.044867907,0.0,0.0008860773,-0.00021668678,-0.10515009,0.0,-0.43994367,0.0,0.0,-0.06945502,0.0,0.0,0.0,0.0,0.0,-0.31643346,0.0,-0.015147548,0.0037387437,0.0,0.02327722,0.0010527901,0.0,0.07309928,-0.8585696,-0.17083718,-0.32660896,0.058074106,0.0,-0.009587927,-0.04927841,-0.17979051,0.00047790786
0.09286465,-0.46615225,-0.41176733,-0.12984551,0.003349129,0.0,0.0,0.0,0.014372686,0.0,-0.019792344,0.0,-0.067710586,0.0,-0.00041246324,-0.00018534983,-0.122480005,0.0,-0.26545414,0.0,0.0,-0.049978096,0.0,0.0,0.0,0.0,0.0,-0.2914684,0.0,0.0007378072,0.0037387437,0.0,-0.028437536,0.0010527901,0.0,-0.07636209,-0.9040666,-0.08801111,-0.28074378,0.023365662,0.0,-0.019620024,-0.0066033686,-0.12533584,0.001407335
-0.018922396,-0.57903767,-0.08051047,-0.015936388,-0.00029844118,0.0,0.0,0.0,-0.09758517,0.0,-0.004486008,0.0,-0.09953468,0.0,-0.00041246324,-0.0018972601,-0.2947885,0.0,-0.26535067,0.0,0.0,-0.10609463,0.0,0.0,0.0,0.0,0.0,0.14085773,0.0,0.00046389567,-0.009753089,0.0,-0.013717263,-0.002082019,0.0,-0.018002236,0.44253474,-0.026733205,0.044754487,-0.14055985,0.0,-0.0020844107,0.0004675381,0.15774588,0.001407335
-0.008656769,0.52611023,0.042934783,-0.03272205,0.003346783,0.0,0.0,0.0,-0.071164735,0.0,-0.0042897584,0.0,-0.11136455,0.0,-0.0025244548,0.0011452292,0.20439398,0.0,0.22245254,0.0,0.0,-0.087804206,0.0,0.0,0.0,0.0,0.0,-0.268055,0.0,-0.010383418,-0.0036069527,0.0,-0.0007386375,-0.0007986329,0.0,-0.016514113,0.5911614,-0.030438917,0.0639141,0.07225354,0.0,0.0009273448,0.0006897679,0.12636313,0.001407335
-0.01225299,0.1055191,-0.075480364,-0.033461872,-0.0006428057,0.0,0.0,0.0,-0.05443584,0.0,-0.0042897584,0.0,-0.106115356,0.0,-0.0025244548,0.00013513495,0.23742796,0.0,0.16329978,0.0,0.0,0.04713143,0.0,0.0,0.0,0.0,0.0,0.12492377,0.0,0.0008712949,0.010109393,0.0,0.027863597,-0.002082019,0.0,-0.036955625,0.5949678,-0.030314967,0.032593265,0.09387963,0.0,-0.0022247026,-0.006881507,-0.19481675,0.00047790786
-0.015553282,-0.53581417,-0.12750216,-0.11902563,0.0037992327,0.0,0.0,0.0,0.021386398,0.0,0.054397523,0.0,0.056345746,0.0,-0.00041246324,-0.0015942659,-0.2930764,0.0,-0.28172752,0.0,0.0,-0.035259157,0.0,0.0,0.0,0.0,0.0,0.14758219,0.0,0.0007378072,-0.009753089,0.0,-0.030697558,-0.002082019,0.0,-0.036826875,0.4717271,-0.026733205,0.053384252,0.058442947,0.0,-0.006494184,0.0004675381,-0.17326158,-0.0044233957
-0.012403122,0.5667503,-0.12798597,-0.021412613,0.0008880644,0.0,0.0,0.0,0.018264128,0.0,-0.0042897584,0.0,0.0948069,0.0,0.0054231794,0.0011452292,0.16048314,0.0,0.20068224,0.0,0.0,0.032707408,0.0,0.0,0.0,0.0,0.0,0.16372323,0.0,0.0008712949,-0.009753089,0.0,-0.024818484,-0.002082019,0.0,-0.030243225,0.63109124,-0.030314967,0.03272259,0.107475966,0.0,-0.0020425096,0.0006897679,-0.19931975,-0.0044233957
-0.010429267,0.88614666,0.052362725,0.16891468,0.0008880644,0.0,0.0,0.0,0.017691303,0.0,-0.0047603124,0.0,0.10527502,0.0,0.0054231794,0.012792513,0.16750503,0.0,0.18709037,0.0,0.0,0.05163716,0.0,0.0,0.0,0.0,0.0,0.2115426,0.0,0.0056710923,-0.0041200104,0.0,-0.021660576,-0.002082019,0.0,-0.017821584,0.61489743,-0.030314967,0.027026307,0.101527944,0.0,-0.0015161962,0.003116047,0.24322969,0.0005919774
-0.011237687,-0.64384186,-0.060031164,-0.039506633,0.008717025,0.0,0.0,0.0,0.018824073,0.0,-0.0028311147,0.0,0.06181244,0.0,0.001603096,0.0011452292,0.09423941,0.0,0.26500013,0.0,0.0,-0.026515028,0.0,0.0,0.0,0.0,0.0,-0.20302232,0.0,-0.015147548,-0.0036069527,0.0,-0.02631143,-0.0007986329,0.0,-0.15602632,-0.9336763,0.09326443,0.07176528,0.053418864,0.0,-0.005422732,0.0006897679,-0.1954274,0.001407335
-0.012238149,-0.4565708,-0.018144198,-0.018888107,-0.00074664445,0.0,0.0,0.0,0.0148929935,0.0,-0.0028311147,0.0,0.05957772,0.0,0.001603096,0.0011452292,0.19600444,0.0,0.16438296,0.0,0.0,-0.027031297,0.0,0.0,0.0,0.0,0.0,0.1291895,0.0,0.0008712949,-0.009753089,0.0,-0.023386914,-0.002082019,0.0,-0.036826875,0.5381206,-0.030314967,0.037593845,0.08440515,0.0,0.005653361,0.0006897679,-0.21037456,0.001407335
0.049819373,0.356295,-0.10694989,-0.04903386,0.0008880644,0.0,0.0,0.0,0.012597819,0.0,-0.0042897584,0.0,-0.1488107,0.0,-0.00083217025,0.00082474446,0.24154885,0.0,-0.34023425,0.0,0.0,0.054723576,0.0,0.0,0.0,0.0,0.0,0.16710266,0.0,0.00059738336,-0.009753089,0.0,-0.021508856,-0.002082019,0.0,-0.016514113,0.60613084,-0.026733205,0.033564694,0.07325717,0.0,-0.0015209079,0.00056854245,0.18585755,0.001407335
-0.009295155,-0.4235884,-0.012663045,-0.011294087,-0.00074664445,0.0,0.0,0.0,0.025015261,0.0,-0.0028311147,0.0,0.080156885,0.0,0.001603096,0.0011452292,0.20200741,0.0,0.17986089,0.0,0.0,-0.069109775,0.0,0.0,0.0,0.0,0.0,0.14509185,0.0,0.00059738336,-0.009753089,0.0,-0.023386914,-0.002082019,0.0,-0.01817747,0.5172417,-0.030314967,0.02896408,0.08674643,0.0,-0.0015202136,0.0006897679,0.25369626,0.001407335
-0.012821925,-0.13213898,0.05437621,-0.1231339,-0.019612174,0.0,0.0,0.0,0.016118838,0.0,-0.0042897584,0.0,0.08926962,0.0,0.001603096,0.00013513495,0.20281179,0.0,0.15597863,0.0,0.0,0.020573327,0.0,0.0,0.0,0.0,0.0,0.120721266,0.0,0.0008712949,-0.009753089,0.0,-0.040914018,0.002744601,0.0,0.041109182,0.53281677,-0.040954176,0.033819064,0.10223464,0.0,-0.0020425096,-0.006881507,-0.22528544,0.001407335
-0.021281144,-0.32541314,-0.3715621,-0.097681046,0.0001476258,0.0,0.0,0.0,0.015083931,0.0,-0.019792344,0.0,-0.07450958,0.0,-0.00041246324,0.0011452292,-0.14377964,0.0,-0.20382985,0.0,0.0,-0.041956577,0.0,0.0,0.0,0.0,0.0,-0.19955926,0.0,0.0007378072,0.0037387437,0.0,-0.029505586,0.0010527901,0.0,-0.15615508,-0.8357535,0.081996046,0.07830102,-0.080221795,0.0,0.09666518,0.00056854245,-0.10296239,0.001407335
-0.008781608,0.49676687,-0.061991382,-0.025701744,-0.0012802833,0.0,0.0,0.0,0.022292038,0.0,-0.0042897584,0.0,0.12782186,0.0,0.0054231794,0.0011452292,0.19699699,0.0,0.21785945,0.0,0.0,0.05696327,0.0,0.0,0.0,0.0,0.0,0.17421837,0.0,0.00059738336,-0.009753089,0.0,-0.023506839,-0.002082019,0.0,-0.017821584,0.6065372,-0.030314967,0.022736453,0.110470824,0.0,-0.0021067285,0.0006897679,0.25043678,0.001407335
0.1459431,-0.2297526,-0.16191763,-0.102215774,0.0008277317,0.0,0.0,0.0,0.013546481,0.0,-0.013172839,0.0,-0.07596074,0.0,-0.0007462308,-0.0013644537,-0.122311644,0.0,0.21874104,0.0,0.0,0.028946253,0.0,0.0,0.0,0.0,0.0,-0.1912809,0.0,-0.015147548,0.0037387437,0.0,0.038959827,-0.0007986329,0.0,-0.15585108,-0.79025584,0.09326443,0.0537334,-0.11271629,0.0,0.00034201203,0.0005887636,-0.15741546,0.00047790786
-0.0086013805,-0.38294742,0.70020676,-0.010957481,-0.0011914009,0.0,0.0,0.0,0.023775406,0.0,-0.0028311147,0.0,-0.1228728,0.0,-0.00041246324,0.0011452292,0.10016545,0.0,-0.20116171,0.0,0.0,0.06399301,0.0,0.0,0.0,0.0,0.0,-0.18157329,0.0,-0.010383418,0.0037387437,0.0,0.042401567,0.0010527901,0.0,0.08740686,-0.70743436,0.12991984,0.07516589,0.06130448,0.0,0.001696053,0.00056854245,0.1434059,0.00047790786
-0.0129601685,-0.11927231,-0.14434806,-0.0085108075,-0.003123772,0.0,0.0,0.0,0.016152045,0.0,-0.0047195475,0.0,-0.11602861,0.0,-0.0007462308,-0.00021668678,-0.30418238,0.0,0.14622165,0.0,0.0,0.042535804,0.0,0.0,0.0,0.0,0.0,-0.26472816,0.0,-0.012828371,0.0037387437,0.0,0.04635721,-0.0007986329,0.0,-0.036955625,0.4459773,-0.030438917,0.054061644,0.07326428,0.0,0.0011737567,-0.004291843,-0.19579507,0.00047790786
-0.012821925,0.14607781,-0.046446014,-0.022688316,0.0008880644,0.0,0.0,0.0,0.018264128,0.0,-0.0042897584,0.0,0.08848665,0.0,0.0017877159,0.00013513495,0.25050622,0.0,-0.3070342,0.0,0.0,0.040329557,0.0,0.0,0.0,0.0,0.0,0.12302531,0.0,0.0008712949,-0.009753089,0.0,-0.030231468,-0.002082019,0.0,-0.038263097,0.61515087,-0.026733205,0.04342151,0.093952306,0.0,-0.0020425096,-0.0066033686,-0.21276253,0.001407335
-0.01784857,-0.00586962,-0.0040821643,-0.120053366,0.0036050435,0.0,0.0,0.0,0.016474461,0.0,-0.0042897584,0.0,-0.12670656,0.0,-0.00083217025,0.0011452292,0.21714169,0.0,-0.27414045,0.0,0.0,0.050296072,0.0,0.0,0.0,0.0,0.0,0.103265695,0.0,0.00059738336,0.010109393,0.0,0.037209835,-0.002082019,0.0,-0.018002236,0.5659563,-0.026733205,0.034791745,-0.20938341,0.0,-0.0024887328,0.00056854245,0.21301694,0.00047790786
-0.015418087,-0.55788636,0.64832807,-0.13709892,-6.4385706e-05,0.0,0.0,0.0,-0.13561939,0.0,-0.0028311147,0.0,0.057154734,0.0,0.0008860773,0.0011452292,0.09508808,0.0,-0.2354229,0.0,0.0,0.11127997,0.0,0.0,0.0,0.0,0.0,-0.22329265,0.0,-0.010383418,0.0037387437,0.0,0.05684189,0.000697852,0.0,0.01862815,-0.82233083,-0.155018,-0.17550917,0.06731149,0.0,-0.0059063253,0.00056854245,0.121451296,0.00047790786
0.048184954,-0.6796195,-0.10314214,-0.091871396,0.0037992327,0.0,0.0,0.0,0.028749451,0.0,-0.0028311147,0.0,0.11497062,0.0,0.001603096,0.00082474446,0.15827104,0.0,0.1725921,0.0,0.0,0.044829186,0.0,0.0,0.0,0.0,0.0,0.16213575,0.0,0.00059738336,-0.009753089,0.0,-0.032656804,-0.002082019,0.0,-0.01817747,0.5030255,-0.030314967,0.022017697,0.051736552,0.0,-0.00093439256,0.0006897679,0.29662633,0.001407335
-0.012190677,-0.5640417,0.4144876,-0.03431743,-0.0016374681,0.0,0.0,0.0,0.030337289,0.0,-0.0028311147,0.0,0.06871202,0.0,0.001603096,0.00013513495,0.08557261,0.0,0.22692019,0.0,0.0,0.04526045,0.0,0.0,0.0,0.0,0.0,0.09615166,0.0,0.0008712949,0.010109393,0.0,0.0456322,0.002744601,0.0,0.14704137,-0.7277825,0.16290767,0.033997215,0.10001635,0.0,-0.0014559947,-0.006881507,-0.20808166,0.00047790786
0.11023948,-0.06737165,-0.07369388,-0.056090552,-0.0017629091,0.0,0.0,0.0,0.012597819,0.0,-0.0042897584,0.0,-0.14703934,0.0,-0.0025244548,0.00082474446,0.19131154,0.0,0.15161917,0.0,0.0,0.04686409,0.0,0.0,0.0,0.0,0.0,0.12654021,0.0,0.00059738336,-0.009753089,0.0,-0.029193787,-0.002082019,0.0,-0.018306224,0.54791385,-0.030314967,0.02209337,-0.193607,0.0,-0.0019029123,0.0006897679,0.22074841,0.001407335
-0.020882335,-0.29905486,-0.38147473,-0.15363555,-0.0016793734,0.0,0.0,0.0,0.022959486,0.0,-0.019792344,0.0,-0.12559032,0.0,-0.00041246324,0.0011452292,-0.17385057,0.0,-0.25570723,0.0,0.0,-0.11265269,0.0,0.0,0.0,0.0,0.0,-0.28311172,0.0,0.00046389567,0.0037387437,0.0,-0.029985737,0.0010527901,0.0,-0.018852184,-0.86553305,-0.08801111,-0.23714548,-0.118241996,0.0,-0.025101984,0.00056854245,0.22426268,0.001407335
-0.029430017,0.87176085,-0.20635316,0.13227522,0.0013894028,0.0,0.0,0.0,-0.049265306,0.0,-0.007687144,0.0,-0.0566748,0.0,-0.0025244548,-0.021194363,-0.23913303,0.0,0.16216417,0.0,0.0,0.0324172,0.0,0.0,0.0,0.0,0.0,0.1692886,0.0,0.008358839,-0.0041200104,0.0,-0.013794281,-0.002082019,0.0,-0.028935755,0.5784837,-0.030314967,0.036680486,-0.19285123,0.0,-0.0020161748,0.0011661218,-0.16013084,-0.0018606446
-0.021778181,-0.2879425,-0.40435132,-0.09230283,-0.000549158,0.0,0.0,0.0,0.02233924,0.0,-0.019792344,0.0,-0.07450958,0.0,-0.00041246324,0.00013513495,-0.14377964,0.0,-0.233267,0.0,0.0,-0.062495623,0.0,0.0,0.0,0.0,0.0,-0.2546621,0.0,0.0007378072,0.0037387437,0.0,-0.026044358,0.0010527901,0.0,-0.07666607,-0.9151868,-0.08801111,-0.28074378,-0.09371479,0.0,-0.025037764,-0.0066033686,-0.12503685,0.001407335
-0.020774523,-0.45521784,-0.2674147,-0.12469556,-0.000549158,0.0,0.0,0.0,0.028425679,0.0,-0.019792344,0.0,0.047008134,0.0,0.0008860773,0.0011452292,-0.13794528,0.0,-0.24378161,0.0,0.0,-0.052105695,0.0,0.0,0.0,0.0,0.0,-0.26503724,0.0,0.0007378072,0.0037387437,0.0,-0.028905764,0.0010527901,0.0,-0.07653732,-0.9026508,-0.08801111,-0.28074378,-0.091602914,0.0,0.051310144,0.00056854245,-0.17304459,0.001407335
-0.014566818,-0.48587832,0.52885807,-0.15239309,0.0028580325,0.0,0.0,0.0,0.0276955,0.0,-0.0028311147,0.0,0.08964353,0.0,0.001603096,0.0011452292,0.09184374,0.0,0.13836248,0.0,0.0,0.055562343,0.0,0.0,0.0,0.0,0.0,-0.23105127,0.0,-0.010383418,0.0037387437,0.0,0.057236277,0.0010527901,0.0,0.01862815,-0.8575233,-0.18012184,-0.19643031,-0.2161097,0.0,-0.0011022909,0.0006897679,0.19787072,0.00047790786
-0.009044692,0.21238701,-0.10381047,-0.03673451,0.00039413373,0.0,0.0,0.0,0.01833942,0.0,-0.0047195475,0.0,-0.17067276,0.0,-0.0025244548,-0.0018972601,-0.35107982,0.0,0.18950285,0.0,0.0,0.07202517,0.0,0.0,0.0,0.0,0.0,0.18477806,0.0,0.00059738336,0.010109393,0.0,0.040976282,0.002744601,0.0,0.017742842,0.4858074,-0.040954176,0.02282258,0.10761509,0.0,-0.0021067285,0.0005887636,0.19684954,0.00047790786
0.07218928,-0.25883886,0.6562675,-0.010882314,0.0035307307,0.0,0.0,0.0,0.02032568,0.0,-0.0028311147,0.0,0.05241613,0.0,0.001603096,-0.00018534983,0.08681927,0.0,0.16640824,0.0,0.0,0.054490156,0.0,0.0,0.0,0.0,0.0,-0.15505189,0.0,-0.015147548,0.0037387437,0.0,0.05194858,0.0010527901,0.0,0.14704137,-0.70885825,0.14118822,0.06792247,0.07581694,0.0,0.0043796673,-0.006881507,-0.1581455,0.00047790786
-0.008781608,0.58298784,0.07758884,-0.020833332,0.01301213,0.0,0.0,0.0,0.022292038,0.0,-0.0042897584,0.0,0.1298698,0.0,0.0054231794,0.0011452292,0.15466973,0.0,0.22861074,0.0,0.0,0.05696327,0.0,0.0,0.0,0.0,0.0,0.15236084,0.0,0.00059738336,-0.009753089,0.0,-0.024047595,0.002744601,0.0,0.020858275,0.6112862,-0.040954176,0.024692705,0.11874878,0.0,-0.0021067285,0.0006897679,0.20471834,0.001407335
-0.024916193,-0.45828524,-0.08918854,-0.19012028,0.0008755954,0.0,0.0,0.0,-0.0505825,0.0,-0.019928439,0.0,0.04418945,0.0,0.001603096,-0.0018972601,-0.29040763,0.0,0.14429848,0.0,0.0,-0.038577966,0.0,0.0,0.0,0.0,0.0,0.12750442,0.0,0.0007378072,-0.009753089,0.0,-0.008198415,-0.002082019,0.0,-0.036826875,0.4607538,-0.030314967,0.035723723,-0.21092787,0.0,0.021980546,0.0005887636,-0.1727438,0.001407335
0.04725766,-0.5739161,0.39531893,-0.020239776,-0.0016374681,0.0,0.0,0.0,0.050505497,0.0,-0.0028311147,0.0,0.07195521,0.0,0.0008860773,0.00082474446,0.20509389,0.0,-0.26154542,0.0,0.0,-0.11165214,0.0,0.0,0.0,0.0,0.0,0.1152675,0.0,0.00059738336,0.010109393,0.0,0.03733424,0.0012553849,0.0,0.019343577,0.4339534,-0.03606665,0.042872436,0.06210988,0.0,-0.0017161415,0.00056854245,0.16914183,0.00047790786
-0.02262724,-0.1900861,-0.08483787,-0.13748267,-0.0011254315,0.0,0.0,0.0,0.02173459,0.0,-0.0047195475,0.0,0.069033004,0.0,0.001603096,-0.0018972601,-0.29702044,0.0,0.13609049,0.0,0.0,0.03263926,0.0,0.0,0.0,0.0,0.0,0.12768953,0.0,0.0008712949,0.010109393,0.0,0.043727063,0.002744601,0.0,0.041109182,0.44123042,-0.040954176,0.032238737,-0.25858563,0.0,-0.002424514,0.0005887636,-0.2353251,-0.0015021125
-0.012821925,0.1359837,-0.0980861,-0.020599768,-0.0012802833,0.0,0.0,0.0,-0.061129563,0.0,-0.0042897584,0.0,0.084049635,0.0,0.0054231794,0.00013513495,0.23742796,0.0,0.1740752,0.0,0.0,0.03593596,0.0,0.0,0.0,0.0,0.0,0.14073054,0.0,0.0008712949,-0.009753089,0.0,-0.020348378,-0.002082019,0.0,-0.038263097,0.5949678,-0.030314967,0.03097571,0.10753578,0.0,-0.0022247026,-0.006881507,-0.2219615,0.001407335
-0.021686507,0.23039955,-0.4372437,0.021580055,0.0038481215,0.0,0.0,0.0,-0.058358006,0.0,-0.0045834514,0.0,-0.059965305,0.0,-0.00083217025,0.0011452292,-0.14650379,0.0,-0.28629866,0.0,0.0,-0.046870176,0.0,0.0,0.0,0.0,0.0,-0.26774445,0.0,0.0007378072,0.0023605714,0.0,-0.005665521,0.0010527901,0.0,-0.14813522,-0.894563,0.081996046,0.08037615,-0.13713197,0.0,-0.020768283,0.00056854245,-0.09471942,-0.0044233957
-0.017197255,-1.1962407,-0.27030915,-0.119860224,-0.000549158,0.0,0.0,0.0,-0.046587974,0.0,-0.019792344,0.0,-0.04761919,0.0,-0.00041246324,0.0011452292,-0.10561399,0.0,-0.41429627,0.0,0.0,-0.053256605,0.0,0.0,0.0,0.0,0.0,-0.29023737,0.0,0.0007378072,0.0037387437,0.0,-0.010143792,0.0010527901,0.0,-0.07636209,-0.9123302,-0.09310598,-0.2953324,-0.11880229,0.0,0.107326366,0.020414108,-0.1620996,0.001407335
-0.019747304,0.039501894,0.56393063,-0.09558931,0.008461231,0.0,0.0,0.0,-0.04678402,0.0,-0.0042897584,0.0,-0.064189285,0.0,-0.0007462308,0.0011452292,0.090245076,0.0,0.1780453,0.0,0.0,0.04186963,0.0,0.0,0.0,0.0,0.0,-0.10561366,0.0,-0.015147548,0.0037387437,0.0,0.028942715,0.0010527901,0.0,0.14662382,-0.8005948,0.16379204,0.073624134,-0.21914926,0.0,0.006205705,0.0006897679,-0.14612794,0.00047790786
-0.015330552,-0.5543435,-0.3358957,-0.13464263,-0.0039018083,0.0,0.0,0.0,-0.09453619,0.0,-0.019792344,0.0,0.041694943,0.0,0.0008860773,0.0011452292,-0.13794528,0.0,-0.2834698,0.0,0.0,-0.057887014,0.0,0.0,0.0,0.0,0.0,-0.2987545,0.0,0.0007378072,0.0037387437,0.0,-0.015509059,0.0010527901,0.0,-0.07653732,-0.9040666,-0.08801111,-0.28074378,0.03975189,0.0,-0.01176322,0.00056854245,-0.1533322,-0.0044233957
-0.020774523,-0.3110031,-0.2505268,-0.12289597,-0.000549158,0.0,0.0,0.0,0.028425679,0.0,-0.019792344,0.0,0.047008134,0.0,0.0008860773,0.0011452292,-0.14506108,0.0,-0.21414146,0.0,0.0,-0.031566653,0.0,0.0,0.0,0.0,0.0,-0.20836769,0.0,0.0007378072,0.0037387437,0.0,-0.022239689,0.0010527901,0.0,-0.15602632,-0.8303333,0.081996046,0.07830102,-0.091602914,0.0,0.051310144,0.00056854245,-0.14117533,0.001407335
0.053335533,-0.48050383,0.130785,0.021568432,0.01299309,0.0,0.0,0.0,0.025015261,0.0,-0.0028311147,0.0,0.099587254,0.0,0.001603096,0.00082474446,0.19201563,0.0,0.15641584,0.0,0.0,-0.08843026,0.0,0.0,0.0,0.0,0.0,0.14117613,0.0,0.00059738336,-0.009753089,0.0,-0.022409836,0.002744601,0.0,0.019343577,0.4740769,-0.043107126,0.02916672,0.070855014,0.0,-0.00093439256,0.0006897679,0.20363365,0.001407335
-0.016252778,-0.2926825,-0.18492895,-0.19043182,0.00082032394,0.0,0.0,0.0,0.009116791,0.0,-0.019928439,0.0,-0.0831666,0.0,-0.0007462308,-0.0018972601,-0.13777691,0.0,0.24981655,0.0,0.0,0.021097768,0.0,0.0,0.0,0.0,0.0,-0.21091405,0.0,-0.012828371,-0.0036069527,0.0,-0.03264151,-0.0007986329,0.0,-0.15585108,-0.77410066,0.09326443,0.0537334,0.06681913,0.0,-0.0032779179,0.0005887636,-0.18024746,-0.0044233957
-0.021824788,-0.43344665,-0.16354494,-0.029992336,0.0001476258,0.0,0.0,0.0,-0.052713484,0.0,-0.004486008,0.0,-0.056226473,0.0,-0.00041246324,-0.00021668678,-0.13748135,0.0,-0.2024871,0.0,0.0,-0.034169585,0.0,0.0,0.0,0.0,0.0,-0.17238623,0.0,-0.015147548,-0.0036069527,0.0,-0.010582176,0.0010527901,0.0,0.14662382,-0.67093563,0.14841963,0.08133852,-0.0863965,0.0,-0.0012202652,-0.004013705,-0.08039466,0.001407335
-0.021778181,-0.29843324,-0.30115843,-0.13580331,-0.000549158,0.0,0.0,0.0,-0.09453619,0.0,-0.019792344,0.0,0.03732578,0.0,0.0008860773,0.00013513495,-0.14506108,0.0,-0.24357858,0.0,0.0,-0.057019304,0.0,0.0,0.0,0.0,0.0,-0.26260647,0.0,0.0007378072,0.0037387437,0.0,-0.0075313384,0.0010527901,0.0,-0.07653732,-0.9097666,-0.08801111,-0.28074378,-0.09983623,0.0,-0.014561566,-0.0066033686,-0.14220095,0.001407335
-0.026805477,0.77302,-0.20803532,0.13544844,0.0013894028,0.0,0.0,0.0,0.02407669,0.0,0.020550637,0.0,0.08503837,0.0,-0.0025244548,-0.015332067,-0.23675507,0.0,0.1714739,0.0,0.0,0.067791045,0.0,0.0,0.0,0.0,0.0,0.19186628,0.0,0.0031137276,-0.0041200104,0.0,-0.02224917,-0.002082019,0.0,-0.017821584,0.5581986,-0.030314967,0.02515618,-0.229898,0.0,-0.0044559324,0.0011661218,0.2372622,0.0005919774
-0.0107962275,-1.2701907,-0.23766623,-0.028944224,-0.0039018083,0.0,0.0,0.0,-0.062058024,0.0,-0.004486008,0.0,0.04459343,0.0,0.0008860773,-0.0018972601,-0.10515009,0.0,-0.46315628,0.0,0.0,-0.057804294,0.0,0.0,0.0,0.0,0.0,-0.31936473,0.0,-0.015147548,-0.0036069527,0.0,-0.006528555,-0.0007986329,0.0,-0.07653732,-0.9092125,-0.09310598,-0.2953324,0.051532295,0.0,0.0052384334,0.020313105,-0.20761274,0.001407335
-0.021778181,-0.43846464,-0.38875705,-0.09926799,-0.000549158,0.0,0.0,0.0,0.02233924,0.0,-0.019792344,0.0,-0.063008346,0.0,-0.00041246324,0.0011452292,-0.13666384,0.0,-0.23347002,0.0,0.0,-0.04911038,0.0,0.0,0.0,0.0,0.0,-0.2546621,0.0,0.0007378072,0.0037387437,0.0,-0.027836155,0.0010527901,0.0,-0.07636209,-0.908071,-0.08801111,-0.28074378,-0.09371479,0.0,-0.025037764,0.00056854245,-0.13508107,-0.0044233957
-0.0153771555,-0.4671685,-0.23721378,-0.057943456,0.003349129,0.0,0.0,0.0,0.024004834,0.0,-0.004486008,0.0,-0.06847636,0.0,-0.00041246324,-0.0018972601,-0.13794528,0.0,-0.26451743,0.0,0.0,-0.05066275,0.0,0.0,0.0,0.0,0.0,-0.2648975,0.0,-0.012828371,-0.0036069527,0.0,-0.02756247,-0.0007986329,0.0,-0.07636209,-0.89068687,-0.08801111,-0.28074378,0.03548367,0.0,0.0017602718,0.0004675381,-0.14823495,-0.0044233957
-0.012338515,-0.48765212,0.7695732,-0.108533904,-0.0011914009,0.0,0.0,0.0,0.028807733,0.0,-0.0028311147,0.0,0.026421705,0.0,0.0008860773,0.0011452292,0.09748374,0.0,-0.23246685,0.0,0.0,-0.081301,0.0,0.0,0.0,0.0,0.0,-0.20057333,0.0,-0.015147548,0.0037387437,0.0,0.037968814,0.000697852,0.0,0.07309928,-0.8205453,-0.155018,-0.2519705,0.055295706,0.0,-0.004236646,0.00056854245,-0.09254087,0.00047790786
-0.008781608,0.49127245,-0.11593339,-0.040646274,0.0008880644,0.0,0.0,0.0,0.012597819,0.0,-0.0042897584,0.0,-0.16101086,0.0,-0.0025244548,0.0011452292,0.15466973,0.0,0.19614214,0.0,0.0,0.047101427,0.0,0.0,0.0,0.0,0.0,0.16988732,0.0,0.00059738336,-0.009753089,0.0,-0.023026688,-0.002082019,0.0,-0.016514113,0.61176944,-0.030314967,0.022483882,0.09648189,0.0,-0.0021067285,0.0006897679,0.2062144,0.001407335
-0.019249523,-0.15665095,-0.07682439,-0.03874601,-0.0017629091,0.0,0.0,0.0,-0.037420146,0.0,-0.0047195475,0.0,-0.12333756,0.0,-0.0007462308,-0.0018972601,-0.29053494,0.0,0.14528328,0.0,0.0,0.077305324,0.0,0.0,0.0,0.0,0.0,0.1328664,0.0,0.00046389567,-0.009753089,0.0,-0.021312835,0.002744601,0.0,0.019650368,0.45344773,-0.040954176,0.022432068,-0.23995449,0.0,-0.002670926,0.0005887636,0.22574,0.001407335
0.1540824,-0.25995737,-0.38957492,-0.15713216,-0.0016793734,0.0,0.0,0.0,0.015191946,0.0,-0.019792344,0.0,-0.06954801,0.0,-0.00041246324,-0.00018534983,-0.12831438,0.0,-0.20362683,0.0,0.0,-0.041956577,0.0,0.0,0.0,0.0,0.0,-0.2013434,0.0,0.0007378072,0.0037387437,0.0,-0.028467905,0.0010527901,0.0,-0.15615508,-0.83684486,0.081996046,0.07830102,-0.074145116,0.0,-0.022418369,-0.0066033686,-0.11168509,0.001407335
-0.02591985,-0.18597789,-0.13164221,-0.1491885,-0.0012292701,0.0,0.0,0.0,-0.038944654,0.0,-0.012168519,0.0,-0.06746781,0.0,-0.0007462308,-0.0018972601,-0.1487484,0.0,0.21988079,0.0,0.0,-0.03196462,0.0,0.0,0.0,0.0,0.0,0.11032887,0.0,0.0007378072,-0.009753089,0.0,-0.0136054475,-0.002082019,0.0,-0.15585108,-0.84337974,0.09238007,0.035723723,-0.22731218,0.0,-0.0070583816,0.0005887636,-0.14921688,-0.0044233957
-0.0131103005,0.0758365,-0.15584776,0.0070665423,0.003346783,0.0,0.0,0.0,0.018264128,0.0,-0.0047195475,0.0,0.0835182,0.0,0.0017877159,-0.0018972601,-0.37112132,0.0,-0.30157486,0.0,0.0,0.0439401,0.0,0.0,0.0,0.0,0.0,-0.2615588,0.0,-0.012828371,-0.0036069527,0.0,-0.032023266,-0.0007986329,0.0,-0.03541136,0.47322977,-0.026857154,0.064889885,0.07333695,0.0,0.0011737567,0.0004675381,-0.19650987,-0.0044233957
-0.008781608,0.5114911,-0.11161564,-0.02584866,0.0008880644,0.0,0.0,0.0,0.022292038,0.0,-0.0042897584,0.0,0.12782186,0.0,0.0054231794,0.0011452292,0.15466973,0.0,0.20543578,0.0,0.0,0.05696327,0.0,0.0,0.0,0.0,0.0,0.17237014,0.0,0.00059738336,-0.009753089,0.0,-0.023026688,-0.002082019,0.0,-0.017821584,0.61176944,-0.030314967,0.022736453,0.11013803,0.0,-0.0021067285,0.0006897679,0.25043678,0.001407335
-0.0222151,-0.2760538,0.016477412,-0.021003963,-0.0046427855,0.0,0.0,0.0,-0.045090437,0.0,-0.0028311147,0.0,-0.068020254,0.0,-0.0007462308,0.00013513495,0.090649985,0.0,0.22307256,0.0,0.0,0.033541884,0.0,0.0,0.0,0.0,0.0,0.09336451,0.0,0.0008712949,0.010109393,0.0,0.042007178,0.002744601,0.0,0.14662382,-0.87043834,0.15880366,0.03372078,-0.22318265,0.0,-0.0020201919,-0.006881507,-0.14680374,0.00047790786
-0.021686507,0.0062901056,-0.33336163,-0.033581637,0.0038481215,0.0,0.0,0.0,0.017643085,0.0,-0.0045834514,0.0,-0.081817724,0.0,-0.00083217025,0.0011452292,-0.3768193,0.0,-0.27760547,0.0,0.0,-0.047198478,0.0,0.0,0.0,0.0,0.0,-0.23154315,0.0,0.0007378072,0.0037387437,0.0,-0.027803997,0.0010527901,0.0,-0.03410389,0.47430676,-0.026857154,0.07862926,-0.1363585,0.0,-0.02058609,0.00056854245,-0.122028634,-0.0044233957
-0.021778181,-0.39049205,-0.40932772,-0.07663793,0.0001476258,0.0,0.0,0.0,-0.073482476,0.0,-0.019792344,0.0,-0.06154816,0.0,-0.00041246324,0.0011452292,-0.13666384,0.0,-0.23347002,0.0,0.0,-0.06740921,0.0,0.0,0.0,0.0,0.0,-0.25379807,0.0,0.0007378072,0.0037387437,0.0,-0.009893382,0.0010527901,0.0,-0.07666607,-0.908071,-0.08801111,-0.28074378,-0.08845511,0.0,-0.025219956,0.00056854245,-0.119209126,-0.0044233957
-0.015326486,-0.46800363,-0.18038647,-0.040053733,0.0044367104,0.0,0.0,0.0,0.032299083,0.0,0.012503779,0.0,0.06527191,0.0,-0.0007462308,8.630735e-05,-0.12392016,0.0,0.26198238,0.0,0.0,0.027353035,0.0,0.0,0.0,0.0,0.0,0.13761486,0.0,0.0007378072,0.010109393,0.0,0.045697637,0.002744601,0.0,0.14704137,-0.67345065,0.15880366,0.031910494,0.0772305,0.0,-0.0014559947,-0.004291843,-0.21891049,0.00047790786
-0.024828985,-0.3610286,-0.20743786,-0.15566836,-0.0016793734,0.0,0.0,0.0,0.016601237,0.0,-0.019792344,0.0,-0.06994269,0.0,-0.00041246324,0.0011452292,-0.33695087,0.0,-0.23130988,0.0,0.0,-0.047198478,0.0,0.0,0.0,0.0,0.0,-0.24782117,0.0,0.0007378072,0.0037387437,0.0,-0.031777535,0.0010527901,0.0,-0.036955625,0.4598761,-0.026857154,0.07830102,-0.121316105,0.0,-0.014379371,0.00056854245,-0.12990847,-0.0044233957
-0.015418087,-0.50793326,0.7327175,-0.050490934,-6.4385706e-05,0.0,0.0,0.0,0.044640917,0.0,-0.0028311147,0.0,-0.06003021,0.0,-0.00041246324,0.0011452292,0.109410174,0.0,-0.23689142,0.0,0.0,-0.056224372,0.0,0.0,0.0,0.0,0.0,-0.21186608,0.0,-0.010383418,0.0037387437,0.0,0.051033277,0.000697852,0.0,0.018210601,-0.81740195,-0.155018,-0.21879917,0.059902385,0.0,0.00091430417,0.00056854245,0.111460894,0.00047790786
-0.021686507,0.17836271,-0.35043454,-0.02982333,0.0038481215,0.0,0.0,0.0,-0.058358006,0.0,-0.0045834514,0.0,-0.061778486,0.0,-0.00083217025,0.0011452292,-0.3768193,0.0,-0.3508344,0.0,0.0,-0.052112076,0.0,0.0,0.0,0.0,0.0,-0.26966575,0.0,0.0007378072,0.0032900295,0.0,-0.005665521,0.0010527901,0.0,-0.028935755,0.48143166,-0.026857154,0.08037615,-0.14737336,0.0,-0.020768283,0.00056854245,-0.09235179,-0.0044233957
0.07043217,-0.6125101,-0.09809315,-0.02594348,-0.004841806,0.0,0.0,0.0,0.044343907,0.0,0.012503779,0.0,0.099587254,0.0,-0.0007462308,-0.0010614597,-0.26920387,0.0,0.18079343,0.0,0.0,-0.10464038,0.0,0.0,0.0,0.0,0.0,0.17791417,0.0,0.00046389567,0.010109393,0.0,0.037745886,0.002744601,0.0,0.019343577,0.43265828,-0.040954176,0.02743265,0.053356264,0.0,-0.00093439256,0.0005887636,0.21263488,0.00047790786
0.050560765,-1.6564779,0.6051589,0.020325538,-6.4385706e-05,0.0,0.0,0.0,-0.07603274,0.0,-0.0028311147,0.0,-0.057218157,0.0,-0.00041246324,-0.00018534983,0.06638781,0.0,-0.3559035,0.0,0.0,0.09609961,0.0,0.0,0.0,0.0,0.0,-0.27550918,0.0,-0.015147548,0.0037387437,0.0,0.046690654,0.0010527901,0.0,0.072681725,-0.887009,-0.16011286,-0.26940247,0.06370554,0.0,-0.0069685318,-0.051868074,-0.13268535,0.00047790786
-0.008781608,0.49236965,0.012742623,-0.03964812,-0.0012802833,0.0,0.0,0.0,0.012597819,0.0,-0.0042897584,0.0,-0.16338582,0.0,-0.0025244548,0.0011452292,0.19699699,0.0,0.2193171,0.0,0.0,0.047101427,0.0,0.0,0.0,0.0,0.0,0.15474257,0.0,0.00059738336,-0.009753089,0.0,-0.023506839,0.002744601,0.0,0.017742842,0.6056009,-0.040954176,0.024692705,0.096814685,0.0,-0.0021067285,0.0006897679,0.16366082,0.001407335
-0.016206173,-0.26774564,-0.48329642,-0.15337768,0.00082032394,0.0,0.0,0.0,-0.050467588,0.0,-0.019792344,0.0,-0.06128885,0.0,-0.00041246324,0.0011452292,-0.15206873,0.0,-0.23516741,0.0,0.0,-0.047737893,0.0,0.0,0.0,0.0,0.0,-0.2338374,0.0,0.0007378072,0.0037387437,0.0,-0.013834762,0.0010527901,0.0,-0.15615508,-0.8530529,0.081996046,0.07830102,0.051052846,0.0,-0.022421611,0.00056854245,-0.10874768,-0.0044233957
-0.023871934,-0.35964742,-0.12098349,-0.17050374,0.0013216623,0.0,0.0,0.0,-0.03305063,0.0,-0.019928439,0.0,-0.04508535,0.0,-0.00041246324,-0.0018972601,-0.30879164,0.0,-0.2352341,0.0,0.0,-0.039411485,0.0,0.0,0.0,0.0,0.0,-0.22352077,0.0,-0.012828371,-0.0036069527,0.0,-0.008198415,-0.0007986329,0.0,-0.036651637,0.444803,-0.026857154,0.07830102,-0.11243162,0.0,0.019225778,0.0004675381,-0.105510965,0.001407335
0.057025384,-0.15697034,-0.11583606,-0.022653572,-0.0012802833,0.0,0.0,0.0,0.017164659,0.0,-0.0047195475,0.0,-0.1682978,0.0,-0.0007462308,-0.0013644537,-0.28700632,0.0,0.16221115,0.0,0.0,0.063492656,0.0,0.0,0.0,0.0,0.0,0.16309725,0.0,0.00046389567,-0.009753089,0.0,-0.03327577,-0.002082019,0.0,-0.018306224,0.44971436,-0.030314967,0.02209337,0.073438965,0.0,-0.0015209079,0.0005887636,0.2480725,0.001407335
-0.018323839,0.5334385,0.1603051,-0.031517617,-0.0200948,0.0,0.0,0.0,0.020434523,0.0,-0.0042897584,0.0,-0.12695952,0.0,-0.0025244548,0.0011452292,0.17989852,0.0,0.21916023,0.0,0.0,-0.06430087,0.0,0.0,0.0,0.0,0.0,0.1134273,0.0,0.00059738336,-0.009753089,0.0,-0.026325224,0.002744601,0.0,0.017742842,0.6130976,-0.040954176,0.02973173,-0.2328076,0.0,-0.0024887328,0.0006897679,0.13115011,0.001407335
0.11030458,-1.2764817,-0.25487882,-0.12521493,0.0001476258,0.0,0.0,0.0,0.020514237,0.0,-0.019792344,0.0,0.044852436,0.0,0.0008860773,0.00082474446,-0.09014873,0.0,-0.42460787,0.0,0.0,-0.051338322,0.0,0.0,0.0,0.0,0.0,-0.30127499,0.0,0.0007378072,0.0037387437,0.0,-0.021576062,0.0010527901,0.0,-0.07653732,-0.9123302,-0.09310598,-0.2953324,-0.08785634,0.0,0.057822764,0.020414108,-0.21214536,0.001407335
-0.015202515,-0.13243712,-0.34698576,-0.09240719,0.00082032394,0.0,0.0,0.0,0.015716521,0.0,-0.012032424,0.0,-0.0832869,0.0,-0.00041246324,0.0011452292,-0.15206873,0.0,-0.2637434,0.0,0.0,-0.06336334,0.0,0.0,0.0,0.0,0.0,-0.32547614,0.0,0.0007378072,0.0037387437,0.0,-0.029505586,0.0010527901,0.0,-0.07666607,-0.93427354,-0.08801111,-0.28074378,0.0484094,0.0,0.087028325,0.00056854245,-0.1516778,0.001407335
-0.020372758,0.35408223,0.2830646,-0.022095613,0.006002513,0.0,0.0,0.0,0.02389771,0.0,-0.0042897584,0.0,0.080072775,0.0,0.0054231794,0.0011452292,0.23742796,0.0,0.15493119,0.0,0.0,0.040779598,0.0,0.0,0.0,0.0,0.0,0.10942996,0.0,0.0008712949,0.010109393,0.0,0.042360958,0.002744601,0.0,0.035995018,0.5577096,-0.043107126,0.034481842,-0.30131078,0.0,0.008684047,0.0006897679,-0.17202358,0.00047790786
-0.01225299,0.06295917,0.44095725,-0.10741495,0.005501175,0.0,0.0,0.0,0.019274788,0.0,-0.0042897584,0.0,-0.091746904,0.0,-0.00083217025,0.00013513495,0.22546081,0.0,-0.25526977,0.0,0.0,-0.056568503,0.0,0.0,0.0,0.0,0.0,0.100082345,0.0,0.0008712949,0.010109393,0.0,0.027549816,0.002744601,0.0,0.040691633,0.5148973,-0.039525364,0.058192123,0.09751576,0.0,-0.0020425096,-0.0066033686,-0.14457116,0.00047790786
0.086804,-0.5165338,-0.20783387,-0.02085461,-0.0043957387,0.0,0.0,0.0,0.027170984,0.0,-0.004486008,0.0,0.06181244,0.0,0.001603096,-0.0013644537,-0.12042994,0.0,0.26403278,0.0,0.0,-0.057235286,0.0,0.0,0.0,0.0,0.0,-0.296702,0.0,-0.015147548,0.0037387437,0.0,0.033490866,-0.0007986329,0.0,-0.07653732,-0.8662288,-0.11311493,-0.23510678,0.037642654,0.0,-0.009294846,0.0005887636,-0.19511427,0.00047790786
-0.011187019,-0.7418702,-0.044843696,-0.07412725,-0.0016374681,0.0,0.0,0.0,0.030229274,0.0,-0.0028311147,0.0,0.059072714,0.0,0.0008860773,0.0011452292,0.18715447,0.0,-0.26607,0.0,0.0,0.036139395,0.0,0.0,0.0,0.0,0.0,0.13331299,0.0,0.0008712949,0.010109393,0.0,0.0456322,-0.002082019,0.0,-0.036826875,0.5454474,-0.026733205,0.04303343,0.0525902,0.0,0.005653361,0.00056854245,-0.22640178,0.00047790786
-0.009664915,0.48647422,-0.16344722,0.09272119,0.0008880644,0.0,0.0,0.0,0.03651414,0.0,0.012914714,0.0,0.10637565,0.0,-0.00083217025,-0.0015942659,-0.26852036,0.0,-0.37602496,0.0,0.0,-0.11540041,0.0,0.0,0.0,0.0,0.0,0.20569454,0.0,0.00046389567,-0.0041200104,0.0,-0.018807417,0.002744601,0.0,0.020858275,0.54101616,-0.037372414,0.045811933,0.09707591,0.0,-0.0021067285,0.0004675381,0.16743347,0.001407335
-0.021733113,0.41938922,-0.13311021,-0.0020365745,-0.0042438754,0.0,0.0,0.0,-0.036050264,0.0,-0.0047195475,0.0,-0.071543194,0.0,-0.0025244548,-0.00021668678,-0.31010163,0.0,0.19242169,0.0,0.0,0.038971733,0.0,0.0,0.0,0.0,0.0,-0.24725486,0.0,-0.012828371,-0.0036069527,0.0,-0.013143596,0.0010527901,0.0,0.032879587,0.48566568,-0.041078124,0.05732413,-0.15186904,0.0,-0.0018067801,-0.004291843,-0.13919273,0.001407335
-0.016206173,-0.23611127,-0.42233834,-0.14967465,0.00082032394,0.0,0.0,0.0,0.015191946,0.0,-0.019792344,0.0,-0.07425027,0.0,-0.00041246324,0.0011452292,-0.15206873,0.0,-0.26480758,0.0,0.0,-0.06336334,0.0,0.0,0.0,0.0,0.0,-0.29081014,0.0,0.0007378072,0.0037387437,0.0,-0.031297382,0.0010527901,0.0,-0.07666607,-0.93248624,-0.08801111,-0.28074378,0.051052846,0.0,-0.022239419,0.00056854245,-0.14644468,-0.0044233957
-0.0083063375,-0.122719936,-0.0065089976,-0.090947144,0.00039413373,0.0,0.0,0.0,0.026636148,0.0,-0.0042897584,0.0,-0.14309485,0.0,-0.0007462308,0.0011452292,0.2113205,0.0,0.16432776,0.0,0.0,-0.06152853,0.0,0.0,0.0,0.0,0.0,0.13506447,0.0,0.00059738336,0.010109393,0.0,0.030432755,-0.002082019,0.0,-0.018002236,0.5395802,-0.030314967,0.029292325,0.09651035,0.0,-0.0021067285,0.0006897679,0.22421436,0.00047790786
-0.009613627,0.37555146,-0.1260786,-0.014888443,0.0008880644,0.0,0.0,0.0,0.023370089,0.0,-0.0047195475,0.0,0.12068418,0.0,0.0017877159,-0.0018972601,-0.30284825,0.0,-0.3714659,0.0,0.0,0.080976635,0.0,0.0,0.0,0.0,0.0,0.18188798,0.0,0.00046389567,-0.009753089,0.0,-0.023615282,-0.002082019,0.0,-0.017821584,0.512299,-0.026733205,0.033312123,0.10538456,0.0,-0.0021067285,0.0004675381,0.2467671,0.001407335
-0.02224285,-0.27763298,-1.0969454,-0.15375449,-0.0016793734,0.0,0.0,0.0,0.015191946,0.0,-0.019792344,0.0,-0.115177326,0.0,-0.00041246324,0.00013513495,-0.15206873,0.0,-0.20268685,0.0,0.0,-0.05326137,0.0,0.0,0.0,0.0,0.0,-0.1979925,0.0,0.0007378072,0.0037387437,0.0,-0.029985737,0.0010527901,0.0,-0.15615508,-0.84845215,0.081996046,0.075710684,-0.30107898,0.0,-0.025037764,-0.0065646917,-0.122855775,0.001407335
-0.009170315,-0.49271953,0.23334637,-0.041563123,-0.0128524145,0.0,0.0,0.0,0.017767727,0.0,-0.0028311147,0.0,0.100501835,0.0,0.0008860773,0.0011452292,0.22525905,0.0,-0.24721251,0.0,0.0,0.070605814,0.0,0.0,0.0,0.0,0.0,-0.24731418,0.0,-0.010383418,-0.0036069527,0.0,-0.040914018,0.0010527901,0.0,0.019343577,0.46938497,-0.03964931,0.06842641,0.058574416,0.0,0.001696053,0.00056854245,0.21005987,0.001407335
0.05032957,-0.2166943,0.04109014,-0.043521352,-0.0041601597,0.0,0.0,0.0,0.036330372,0.0,-0.0037580256,0.0,0.09417125,0.0,0.001603096,0.00082474446,0.21322593,0.0,0.17510357,0.0,0.0,-0.07864229,0.0,0.0,0.0,0.0,0.0,0.16400366,0.0,0.00059738336,0.010109393,0.0,0.043286886,-0.002082019,0.0,-0.01817747,0.5395421,-0.030314967,0.028904244,0.07003814,0.0,-0.00093439256,0.0006897679,0.23717438,0.00047790786
-0.016206173,-0.26075485,-0.47009113,-0.15180106,-0.0011967476,0.0,0.0,0.0,0.015191946,0.0,-0.019792344,0.0,-0.074644946,0.0,-0.00041246324,0.00013513495,-0.15206873,0.0,-0.23496439,0.0,0.0,-0.0428243,0.0,0.0,0.0,0.0,0.0,-0.23439826,0.0,0.0007378072,0.0037387437,0.0,-0.029985737,0.0010527901,0.0,-0.15615508,-0.8548402,0.081996046,0.07830102,0.05138564,0.0,-0.022239419,-0.0066033686,-0.1310343,0.001407335
-0.018513469,-0.49862626,0.76836,-0.04565229,-0.0039626732,0.0,0.0,0.0,-0.14269967,0.0,-0.0028311147,0.0,-0.045246255,0.0,-0.00041246324,0.0011452292,0.09748374,0.0,-0.18246706,0.0,0.0,-0.069526136,0.0,0.0,0.0,0.0,0.0,-0.1495405,0.0,-0.015147548,0.0037387437,0.0,0.033437137,0.000697852,0.0,0.072681725,-0.81912947,-0.155018,-0.23721258,-0.13532114,0.0,-0.008640452,0.00056854245,-0.07608478,-0.0015021125
-0.019249523,-0.045953695,-0.08724845,-0.029425457,0.0013894028,0.0,0.0,0.0,-0.04326637,0.0,-0.0047195475,0.0,-0.12333756,0.0,-0.0025244548,-0.0018972601,-0.35107982,0.0,0.15677136,0.0,0.0,0.07671673,0.0,0.0,0.0,0.0,0.0,0.13101815,0.0,0.00046389567,-0.009753089,0.0,-0.020456823,0.002744601,0.0,0.019650368,0.4639062,-0.040954176,0.022432068,-0.23930332,0.0,-0.002670926,0.0005887636,0.20735542,0.001407335
0.15371221,-0.2334484,-0.11681179,-0.029000025,-0.0012292701,0.0,0.0,0.0,0.022722952,0.0,0.035587132,0.0,0.07084764,0.0,-0.00041246324,-0.0010614597,-0.3000724,0.0,-0.23272336,0.0,0.0,0.043862972,0.0,0.0,0.0,0.0,0.0,0.13705981,0.0,0.0007378072,-0.009753089,0.0,-0.03327577,0.002744601,0.0,0.044531405,0.4582514,-0.037372414,0.042738743,-0.1418072,0.0,0.017832005,0.0004675381,-0.19739364,0.001407335
-0.021778181,-0.4632365,-0.30237997,-0.14070979,0.0001476258,0.0,0.0,0.0,0.028533693,0.0,-0.019792344,0.0,0.047008134,0.0,0.0008860773,0.00013513495,-0.13794528,0.0,-0.24357858,0.0,0.0,-0.052105695,0.0,0.0,0.0,0.0,0.0,-0.26204562,0.0,0.0007378072,0.0037387437,0.0,-0.028425612,0.0010527901,0.0,-0.07653732,-0.9026508,-0.08801111,-0.28074378,-0.09457655,0.0,-0.014379371,-0.0066033686,-0.1729556,0.001407335
-0.02210531,-0.008109013,-0.41968226,-0.03966108,-0.0042438754,0.0,0.0,0.0,0.015824536,0.0,-0.0045834514,0.0,-0.081817724,0.0,-0.00041246324,0.0011452292,-0.13139227,0.0,-0.23155628,0.0,0.0,-0.062495623,0.0,0.0,0.0,0.0,0.0,-0.25003305,0.0,0.0007378072,0.0037387437,0.0,-0.031777535,0.0010527901,0.0,-0.07666607,-0.93868315,-0.08801111,-0.3088877,-0.13715202,0.0,-0.02058609,0.00056854245,-0.15482597,-0.0044233957
-0.013063697,0.08789804,-0.41427633,-0.034590896,0.003346783,0.0,0.0,0.0,0.017643085,0.0,-0.0045834514,0.0,-0.095611036,0.0,-0.00083217025,0.0011452292,-0.3768193,0.0,-0.32439363,0.0,0.0,-0.045798384,0.0,0.0,0.0,0.0,0.0,-0.31972253,0.0,0.0007378072,0.0037387437,0.0,-0.027803997,0.0010527901,0.0,-0.03410389,0.4819981,-0.026857154,0.07862926,0.06360183,0.0,-0.017787745,0.00056854245,-0.123655185,-0.0044233957
-0.01225299,-0.13295928,0.31071213,-0.10751768,0.005501175,0.0,0.0,0.0,0.014287085,0.0,-0.0042897584,0.0,-0.11324742,0.0,-0.0007462308,0.00013513495,0.20281179,0.0,0.12610635,0.0,0.0,0.044305827,0.0,0.0,0.0,0.0,0.0,0.115022555,0.0,0.0008712949,0.010109393,0.0,0.042401567,0.002744601,0.0,0.040691633,0.49178836,-0.043107126,0.03273496,0.10994822,0.0,-0.0020425096,-0.006881507,-0.1911512,0.00047790786
0.11521964,-1.1015344,-0.10317543,-0.034691814,8.831959e-05,0.0,0.0,0.0,0.02570783,0.0,-0.004486008,0.0,0.050761063,0.0,0.001603096,0.0003161195,-0.08809867,0.0,0.38713783,0.0,0.0,-0.051929377,0.0,0.0,0.0,0.0,0.0,-0.28111497,0.0,-0.015147548,0.0037387437,0.0,0.025259355,-0.0007986329,0.0,-0.07653732,-0.8979504,-0.1182098,-0.24427739,-0.15528095,0.0,-0.009584683,-0.08928107,-0.25584006,0.00047790786
-0.027493805,0.98405546,-0.28391364,0.14806809,-0.0042438754,0.0,0.0,0.0,0.016353026,0.0,-0.005054005,0.0,-0.059274465,0.0,-0.00083217025,0.012792513,-0.26321495,0.0,-0.26846814,0.0,0.0,-0.041330837,0.0,0.0,0.0,0.0,0.0,-0.28825694,0.0,0.008358839,0.0023605714,0.0,-0.01847295,0.0010527901,0.0,-0.028935755,0.55970454,-0.026857154,0.09729773,-0.14721473,0.0,-0.0068660825,0.0029948216,-0.10360378,-0.0018606446
0.07571674,-0.3797047,-0.05536622,0.0291211,0.00037425695,0.0,0.0,0.0,0.009889105,0.0,-0.0028311147,0.0,-0.072413206,0.0,-0.00041246324,-0.00018534983,0.19909091,0.0,-0.2559053,0.0,0.0,-0.02771551,0.0,0.0,0.0,0.0,0.0,0.116995215,0.0,0.0008712949,-0.009753089,0.0,-0.021388931,-0.002082019,0.0,-0.036651637,0.55400306,-0.026733205,0.055254377,0.050828144,0.0,0.0011634006,-0.0066033686,-0.14369757,0.001407335
-0.015501994,-0.4651398,-0.21759729,-0.048821583,-0.0043478757,0.0,0.0,0.0,-0.068762496,0.0,-0.004486008,0.0,-0.05945179,0.0,-0.00041246324,-0.00021668678,-0.1349297,0.0,-0.2685159,0.0,0.0,-0.054165795,0.0,0.0,0.0,0.0,0.0,0.16166992,0.0,0.0007378072,-0.009753089,0.0,-0.010582176,-0.002082019,0.0,-0.07636209,-0.93605465,-0.087887175,-0.21243764,0.048226867,0.0,-0.0016381877,-0.004013705,-0.15399194,0.001407335
-0.0134825,-0.058169506,-0.25472113,-0.022929687,-0.0037612498,0.0,0.0,0.0,-0.082163334,0.0,-0.0045834514,0.0,0.06723975,0.0,0.0008860773,0.00013513495,-0.31627443,0.0,-0.27284476,0.0,0.0,-0.053707298,0.0,0.0,0.0,0.0,0.0,-0.29129982,0.0,0.0007378072,0.0037387437,0.0,-0.012523114,0.0010527901,0.0,-0.038263097,0.4657175,-0.026857154,0.07862926,0.07486558,0.0,-0.0073115453,-0.0066033686,-0.13916379,0.001407335
0.092582814,-0.6777581,0.3093325,-0.047978174,0.0024119657,0.0,0.0,0.0,0.04590319,0.0,-0.0028311147,0.0,0.082804225,0.0,0.001603096,0.00082474446,0.17259315,0.0,0.1313373,0.0,0.0,-0.096052416,0.0,0.0,0.0,0.0,0.0,0.09984675,0.0,0.00059738336,0.010109393,0.0,0.03733424,0.002744601,0.0,0.019343577,0.4392819,-0.03964842,0.02770737,-0.19809633,0.0,-0.001316397,0.0006897679,0.19605927,0.00047790786
-0.0153771555,-0.5641301,-0.18278474,-0.02842884,0.003349129,0.0,0.0,0.0,0.026571898,0.0,-0.004486008,0.0,0.062086917,0.0,0.001603096,-0.0018972601,-0.13589518,0.0,0.2624601,0.0,0.0,-0.031748015,0.0,0.0,0.0,0.0,0.0,-0.22562326,0.0,-0.015147548,-0.0036069527,0.0,-0.02756247,0.0010527901,0.0,0.14704137,-0.62709075,0.15968803,0.062156085,0.059390873,0.0,0.0017602718,0.0005887636,-0.15317853,-0.0044233957
-0.012065838,-0.586651,-0.06912931,-0.056850042,-6.4385706e-05,0.0,0.0,0.0,-0.07872998,0.0,-0.0028311147,0.0,-0.07837327,0.0,-0.0007462308,0.0011452292,0.09423941,0.0,0.24532682,0.0,0.0,-0.05073926,0.0,0.0,0.0,0.0,0.0,-0.26982087,0.0,-0.015147548,0.0037387437,0.0,0.030978438,-0.0007986329,0.0,-0.07636209,-1.0359545,-0.11311493,-0.2550424,0.054266825,0.0,0.0015780787,0.0006897679,-0.14996587,-0.0015021125
0.04980807,-0.41166046,0.387319,-0.005229464,0.0035307307,0.0,0.0,0.0,-0.08058272,0.0,-0.0028311147,0.0,0.07194909,0.0,0.001603096,0.00082474446,0.202189,0.0,0.15590926,0.0,0.0,0.08936663,0.0,0.0,0.0,0.0,0.0,-0.23515078,0.0,-0.010383418,0.0037387437,0.0,0.026885647,0.0010527901,0.0,0.019343577,0.4563827,-0.043231074,0.06472705,0.06796668,0.0,0.002099681,0.0006897679,0.20685808,0.00047790786
-0.012306126,-0.23690283,-0.18798313,-0.19507733,0.00082032394,0.0,0.0,0.0,0.017656645,0.0,-0.019928439,0.0,-0.09191255,0.0,-0.00041246324,-0.0018972601,-0.18342109,0.0,-0.25626493,0.0,0.0,-0.08276124,0.0,0.0,0.0,0.0,0.0,-0.23641989,0.0,-0.008064239,-0.0036069527,0.0,-0.022906763,-0.0007986329,0.0,-0.09557975,-0.7880688,0.081996046,0.06967126,0.05171957,0.0,-0.0033421358,0.0004675381,0.22586687,0.001407335
-0.020645624,-0.40070087,-0.15792356,-0.057193752,-0.00034630485,0.0,0.0,0.0,0.020022396,0.0,-0.004486008,0.0,-0.06674715,0.0,-0.00041246324,-0.0018972601,-0.13178335,0.0,-0.21905254,0.0,0.0,0.07726705,0.0,0.0,0.0,0.0,0.0,-0.23154664,0.0,-0.015147548,0.0037387437,0.0,0.044247523,0.0010527901,0.0,0.072681725,-0.84314775,-0.16574232,-0.2660437,-0.07961973,0.0,0.0042141266,0.0004675381,-0.15125376,0.00047790786
-0.008726221,-0.41112983,-0.009201069,-0.0814969,-0.0041601597,0.0,0.0,0.0,0.022794312,0.0,-0.0028311147,0.0,0.10134571,0.0,0.0008860773,0.0011452292,0.20076357,0.0,-0.29198506,0.0,0.0,0.060395256,0.0,0.0,0.0,0.0,0.0,0.15119228,0.0,0.00059738336,0.010109393,0.0,0.05546603,-0.002082019,0.0,-0.01817747,0.53436434,-0.026733205,0.034403663,0.066949375,0.0,-0.0015202136,0.00056854245,0.26315355,0.00047790786
0.13702457,0.4238164,-0.13197263,0.0030558934,0.0013894028,0.0,0.0,0.0,0.024649516,0.0,-0.0047195475,0.0,0.074570276,0.0,0.0054231794,-0.0013644537,-0.2945831,0.0,0.19773623,0.0,0.0,0.036240824,0.0,0.0,0.0,0.0,0.0,0.13971823,0.0,0.0007378072,-0.009753089,0.0,-0.023889245,-0.002082019,0.0,-0.030243225,0.5355193,-0.030314967,0.032470018,-0.19984156,0.0,0.0001948812,0.0005887636,-0.18783756,-0.0044233957
-0.023825327,-0.26360396,-0.3130692,-0.119404145,-0.0016793734,0.0,0.0,0.0,-0.050116986,0.0,-0.019792344,0.0,-0.06154816,0.0,-0.00041246324,0.0011452292,-0.14377964,0.0,-0.20382985,0.0,0.0,-0.046870176,0.0,0.0,0.0,0.0,0.0,-0.20042327,0.0,0.0007378072,0.0037387437,0.0,-0.012523114,0.0010527901,0.0,-0.15615508,-0.8357535,0.081996046,0.07830102,-0.10770038,0.0,0.09694161,0.00056854245,-0.08742886,0.001407335
0.06722293,-0.31209323,0.38754138,-0.019492852,-0.0041601597,0.0,0.0,0.0,0.021262009,0.0,-0.0028311147,0.0,-0.09472348,0.0,-0.0007462308,0.00082474446,0.08316394,0.0,0.2182084,0.0,0.0,-0.052223407,0.0,0.0,0.0,0.0,0.0,0.096438974,0.0,0.0008712949,0.010109393,0.0,0.043286886,0.002744601,0.0,0.14662382,-0.75829244,0.16290767,0.03932604,0.08236657,0.0,0.0017812458,0.0006897679,-0.12558976,0.00047790786
-0.024828985,-0.22967869,-0.30030814,-0.11921377,0.0013216623,0.0,0.0,0.0,0.021713138,0.0,-0.019792344,0.0,0.05292137,0.0,0.0008860773,0.00013513495,-0.14377964,0.0,-0.24357858,0.0,0.0,-0.06549094,0.0,0.0,0.0,0.0,0.0,-0.26204562,0.0,0.0007378072,0.0037387437,0.0,-0.029505586,0.0010527901,0.0,-0.077973545,-0.9151868,-0.08801111,-0.28074378,-0.12140398,0.0,-0.014379371,-0.0066033686,-0.16500399,0.001407335
-0.009170315,-0.40608346,-0.10193464,-0.0001680019,-0.0011967476,0.0,0.0,0.0,0.00981994,0.0,-0.0028311147,0.0,-0.14948906,0.0,-0.0007462308,0.0011452292,0.21218078,0.0,0.15982845,0.0,0.0,0.03560717,0.0,0.0,0.0,0.0,0.0,-0.2742152,0.0,-0.010383418,-0.0036069527,0.0,-0.030741272,-0.0007986329,0.0,-0.018002236,0.4982564,-0.030438917,0.046625532,0.06308128,0.0,0.001696053,0.0006897679,0.20822239,0.001407335
0.053335533,-0.42524025,-0.06968956,-0.027407639,0.00037425695,0.0,0.0,0.0,0.01717856,0.0,-0.0028311147,0.0,0.11112052,0.0,0.001603096,0.00082474446,0.17769353,0.0,0.17422675,0.0,0.0,0.044829186,0.0,0.0,0.0,0.0,0.0,0.16180044,0.0,0.00059738336,-0.009753089,0.0,-0.028743288,-0.002082019,0.0,-0.01817747,0.5160336,-0.030314967,0.022017697,0.06111896,0.0,-0.00093439256,0.0006897679,0.28347066,0.001407335
-0.012366185,-0.7736629,-0.1240197,-0.050244134,0.0037992327,0.0,0.0,0.0,0.02215447,0.0,-0.0028311147,0.0,-0.07953282,0.0,-0.00041246324,0.0011452292,0.18715447,0.0,-0.24225384,0.0,0.0,0.026469408,0.0,0.0,0.0,0.0,0.0,0.13488108,0.0,0.0008712949,-0.009753089,0.0,-0.034916826,-0.002082019,0.0,-0.036651637,0.54342026,-0.026733205,0.041223142,0.05324998,0.0,-0.0014559947,0.00056854245,-0.1847825,-0.0044233957
0.13033073,0.4932146,-0.106599286,-0.03004267,0.0013894028,0.0,0.0,0.0,0.01081662,0.0,-0.0042897584,0.0,-0.09588495,0.0,-0.0025244548,0.00082474446,0.16824582,0.0,0.18778105,0.0,0.0,0.032132633,0.0,0.0,0.0,0.0,0.0,0.12468723,0.0,0.0008712949,-0.009753089,0.0,-0.023300651,-0.002082019,0.0,-0.028935755,0.6360476,-0.030314967,0.03272259,-0.17200258,0.0,0.0001948812,0.0006897679,-0.15070836,-0.0044233957
0.0702289,-0.4633716,-0.018053534,-0.018888107,0.00037425695,0.0,0.0,0.0,0.0148929935,0.0,-0.0028311147,0.0,0.05957772,0.0,0.001603096,0.00082474446,0.18601266,0.0,0.16438296,0.0,0.0,-0.027031297,0.0,0.0,0.0,0.0,0.0,0.12745833,0.0,0.0008712949,-0.009753089,0.0,-0.021388931,-0.002082019,0.0,-0.036826875,0.5364677,-0.030314967,0.037593845,0.05907913,0.0,0.0017812458,0.0006897679,-0.20133996,0.001407335
-0.021211442,-0.23573068,0.34771204,-0.021952804,-0.0046427855,0.0,0.0,0.0,-0.05906712,0.0,-0.0028311147,0.0,-0.060168196,0.0,-0.0007462308,0.0011452292,0.098486945,0.0,0.18659323,0.0,0.0,-0.05121849,0.0,0.0,0.0,0.0,0.0,0.06735519,0.0,0.0008712949,0.010109393,0.0,0.025688896,0.002744601,0.0,0.14662382,-0.8086492,0.16290767,0.03932604,-0.24558201,0.0,0.007245321,0.0006897679,-0.13764772,0.00047790786
-0.021778181,-0.279113,-0.4819463,-0.09351195,0.0001476258,0.0,0.0,0.0,-0.050467588,0.0,-0.019792344,0.0,-0.06154816,0.0,-0.00041246324,0.00013513495,-0.14377964,0.0,-0.233267,0.0,0.0,-0.06740921,0.0,0.0,0.0,0.0,0.0,-0.25379807,0.0,0.0007378072,0.0037387437,0.0,-0.008101584,0.0010527901,0.0,-0.07666607,-0.9151868,-0.08801111,-0.28074378,-0.08845511,0.0,-0.025219956,-0.0066033686,-0.10950333,0.001407335
-0.017373245,0.22180685,0.18553248,-0.021129485,0.018369658,0.0,0.0,0.0,0.030128745,0.0,-0.0042897584,0.0,0.09426358,0.0,0.0054231794,0.0011452292,0.2704321,0.0,0.17505996,0.0,0.0,-0.08156394,0.0,0.0,0.0,0.0,0.0,-0.18799959,0.0,-0.010383418,-0.0036069527,0.0,-0.023898017,-0.0007986329,0.0,-0.019613694,0.5651014,-0.030438917,0.0632338,-0.19785012,0.0,-0.0016888061,0.0006897679,0.20948604,0.001407335
-0.021778181,-0.5002612,-0.43924174,-0.10297102,-0.000549158,0.0,0.0,0.0,-0.073482476,0.0,-0.019792344,0.0,-0.050046917,0.0,-0.00041246324,0.0011452292,-0.13666384,0.0,-0.20382985,0.0,0.0,-0.033484932,0.0,0.0,0.0,0.0,0.0,-0.19768935,0.0,0.0007378072,0.0037387437,0.0,-0.010373532,0.0010527901,0.0,-0.15585108,-0.8286377,0.081996046,0.07830102,-0.09371479,0.0,-0.025219956,0.00056854245,-0.097384095,-0.0044233957
-0.01855407,-0.4309765,0.58834106,-0.04460634,0.0024119657,0.0,0.0,0.0,0.03644755,0.0,-0.0028311147,0.0,0.031204065,0.0,0.0008860773,0.0011452292,0.09132267,0.0,-0.16441585,0.0,0.0,-0.05489204,0.0,0.0,0.0,0.0,0.0,0.057750773,0.0,0.0008712949,0.010109393,0.0,0.037968814,0.0012553849,0.0,0.14704137,-0.6997454,0.12903547,0.04651968,-0.18409173,0.0,0.008154979,0.00056854245,-0.1504809,0.00047790786
-0.024907669,0.8538594,-0.9779572,0.15466908,-0.0042438754,0.0,0.0,0.0,-0.054150503,0.0,-0.005054005,0.0,-0.06082295,0.0,-0.00083217025,0.012792513,-0.13065559,0.0,-0.2234787,0.0,0.0,-0.052307326,0.0,0.0,0.0,0.0,0.0,-0.24266459,0.0,0.008358839,0.0023605714,0.0,-0.004896117,0.0010527901,0.0,-0.14813522,-1.0523988,0.081996046,0.09470739,-0.3602897,0.0,-0.0070482753,0.0029770506,-0.0948725,-0.0018606446
-0.020941691,0.105461344,-0.013015506,-0.046418767,-0.0017629091,0.0,0.0,0.0,0.010708605,0.0,-0.0042897584,0.0,-0.0928742,0.0,-0.00083217025,0.0011452292,0.25050622,0.0,-0.26179245,0.0,0.0,0.039754782,0.0,0.0,0.0,0.0,0.0,0.08002933,0.0,0.0008712949,-0.009753089,0.0,-0.03071162,-0.002082019,0.0,-0.03410389,0.6146433,-0.026733205,0.04342151,-0.19786419,0.0,0.008684047,0.00056854245,-0.16670184,0.001407335
-0.020780124,-0.8165557,-0.36634296,-0.13097091,0.0001476258,0.0,0.0,0.0,0.014372686,0.0,-0.019792344,0.0,-0.061782546,0.0,-0.00041246324,0.0011452292,-0.13794528,0.0,-0.3316818,0.0,0.0,-0.04911038,0.0,0.0,0.0,0.0,0.0,-0.28754893,0.0,0.0007378072,0.0037387437,0.0,-0.030217405,0.0010527901,0.0,-0.07636209,-0.9123302,-0.09310598,-0.2953324,-0.121775925,0.0,-0.025037764,0.00056854245,-0.13508107,-0.0044233957
-0.018268451,-0.39480528,0.014598439,-0.043555632,-0.00059179263,0.0,0.0,0.0,0.022794312,0.0,-0.0028311147,0.0,0.10222484,0.0,0.001603096,0.0011452292,0.18768531,0.0,0.15499167,0.0,0.0,0.052535765,0.0,0.0,0.0,0.0,0.0,0.13032585,0.0,0.00059738336,0.010109393,0.0,0.04166815,-0.002082019,0.0,-0.01817747,0.52193445,-0.030314967,0.023635255,-0.21643737,0.0,-0.0019022179,0.0006897679,0.28113988,0.00047790786
0.05032957,-0.19526175,0.40912732,-0.02368304,-0.0041601597,0.0,0.0,0.0,0.037300486,0.0,-0.002185993,0.0,0.07804527,0.0,0.001603096,0.00082474446,0.21322593,0.0,0.14824404,0.0,0.0,-0.107972614,0.0,0.0,0.0,0.0,0.0,0.1336078,0.0,0.00059738336,0.010109393,0.0,0.04574558,0.002744601,0.0,0.019343577,0.47103342,-0.03964842,0.02770737,0.088271074,0.0,-0.00093439256,0.0006897679,0.19617236,0.00047790786
-0.0086013805,-0.27013937,0.040551692,-0.16555952,-0.004610263,0.0,0.0,0.0,0.025762504,0.0,-0.010513625,0.0,0.10101056,0.0,0.001603096,0.0011452292,0.23339108,0.0,0.17133766,0.0,0.0,0.053412937,0.0,0.0,0.0,0.0,0.0,-0.28579727,0.0,-0.010383418,0.0037387437,0.0,0.05546603,-0.0007986329,0.0,-0.01817747,0.52220976,-0.030438917,0.05622843,0.07222405,0.0,-0.0033421358,0.0006897679,0.26275745,0.00047790786
-0.02194535,0.3441007,-0.09346795,-0.043827597,0.0013894028,0.0,0.0,0.0,0.018264128,0.0,-0.0042897584,0.0,0.078024834,0.0,0.0054231794,0.0011452292,0.23742796,0.0,0.16865657,0.0,0.0,0.033858698,0.0,0.0,0.0,0.0,0.0,0.12490384,0.0,0.0008712949,-0.009753089,0.0,-0.032023266,-0.002082019,0.0,-0.030243225,0.6277647,-0.030314967,0.03272259,-0.2809792,0.0,-0.002424514,0.0006897679,-0.20111826,-0.0044233957
0.053335533,-0.08493701,-0.1148782,-0.059534155,-0.016394228,0.0,0.0,0.0,0.02014675,0.0,-0.0037580256,0.0,0.096478656,0.0,0.0008860773,0.00082474446,0.08934385,0.0,-0.27261397,0.0,0.0,0.048071247,0.0,0.0,0.0,0.0,0.0,0.14474677,0.0,0.00059738336,-0.009753089,0.0,-0.03939618,0.002744601,0.0,0.08782441,-0.97205406,0.14753526,0.0348022,0.054714847,0.0,-0.00093439256,0.00056854245,0.22890487,0.001407335
-0.021778181,-0.41447908,-0.3891672,-0.11296121,0.0001476258,0.0,0.0,0.0,0.014372686,0.0,-0.019792344,0.0,-0.063008346,0.0,-0.00041246324,0.0011452292,-0.13794528,0.0,-0.23347002,0.0,0.0,-0.04911038,0.0,0.0,0.0,0.0,0.0,-0.25410125,0.0,0.0007378072,0.0037387437,0.0,-0.02355133,0.0010527901,0.0,-0.07636209,-0.9026508,-0.08801111,-0.28074378,-0.08845511,0.0,-0.025037764,0.00056854245,-0.13508107,-0.0044233957
-0.012821925,-0.17662448,-0.104123935,-0.10689909,-0.0009003488,0.0,0.0,0.0,0.008671331,0.0,-0.0042897584,0.0,-0.112929106,0.0,-0.0007462308,0.0011452292,0.20385739,0.0,0.14158103,0.0,0.0,0.01884726,0.0,0.0,0.0,0.0,0.0,0.15186468,0.0,0.0008712949,-0.009753089,0.0,-0.03253307,-0.002082019,0.0,-0.036651637,0.5572642,-0.030314967,0.03072314,0.09387963,0.0,-0.0020425096,0.0006897679,-0.21664792,-0.0044233957
-0.012065838,-0.5758874,0.6071645,-0.037016895,-0.0011914009,0.0,0.0,0.0,0.032851417,0.0,-0.0028311147,0.0,0.040379606,0.0,0.001603096,0.00013513495,0.09423941,0.0,0.16785133,0.0,0.0,-0.056407515,0.0,0.0,0.0,0.0,0.0,-0.1383673,0.0,-0.015147548,0.0037387437,0.0,0.037968814,0.000697852,0.0,0.14704137,-0.6763641,0.14118822,0.052323677,0.07876169,0.0,0.0009785228,-0.006881507,-0.13950686,0.00047790786
-0.020360006,-0.13975684,-0.15815257,-0.14763367,0.0008277317,0.0,0.0,0.0,0.026840553,0.0,0.035587132,0.0,0.092389345,0.0,-0.0007462308,-0.0015942659,-0.14554133,0.0,0.23767595,0.0,0.0,0.064185165,0.0,0.0,0.0,0.0,0.0,-0.22386944,0.0,-0.008064239,0.0037387437,0.0,0.041815747,0.0010527901,0.0,0.08782441,-0.6767287,0.15968803,0.04544233,-0.18952112,0.0,-0.0061404794,0.0005887636,0.24721463,0.00047790786
-0.021286156,1.0035977,-0.87723595,0.15228847,0.0038481215,0.0,0.0,0.0,0.024120564,0.0,-0.005054005,0.0,-0.099079356,0.0,-0.00083217025,0.012792513,-0.28842765,0.0,-0.27770704,0.0,0.0,-0.102792695,0.0,0.0,0.0,0.0,0.0,-0.3151536,0.0,0.0031137276,0.0023605714,0.0,-0.017441306,0.0010527901,0.0,-0.016514113,0.531523,-0.026857154,0.08318307,-0.37016258,0.0,-0.0069303,0.0029770506,0.13195297,0.0005919774
-0.021778181,-0.29843324,-0.30115843,-0.13580331,-0.000549158,0.0,0.0,0.0,-0.09453619,0.0,-0.019792344,0.0,0.03732578,0.0,0.0008860773,0.00013513495,-0.14506108,0.0,-0.24357858,0.0,0.0,-0.057019304,0.0,0.0,0.0,0.0,0.0,-0.26260647,0.0,0.0007378072,0.0037387437,0.0,-0.0075313384,0.0010527901,0.0,-0.07653732,-0.9097666,-0.08801111,-0.28074378,-0.09983623,0.0,-0.014561566,-0.0066033686,-0.14220095,0.001407335
-0.021211442,-0.36979687,0.25872636,-0.043314926,0.0035860022,0.0,0.0,0.0,0.018658385,0.0,-0.0028311147,0.0,0.05261318,0.0,0.001603096,0.0011452292,0.214709,0.0,0.1184194,0.0,0.0,0.037356455,0.0,0.0,0.0,0.0,0.0,0.08272158,0.0,0.0008712949,0.010109393,0.0,0.042401567,0.002744601,0.0,0.041109182,0.49468717,-0.043107126,0.033997215,-0.2647525,0.0,0.006968894,0.0006897679,-0.21544236,0.00047790786
-0.014805024,-0.17420337,-0.15843007,-0.15071993,-0.00010916684,0.0,0.0,0.0,0.0141790705,0.0,-0.012168519,0.0,-0.10092328,0.0,-0.0007462308,-0.0018972601,-0.14305042,0.0,0.24908862,0.0,0.0,0.028990457,0.0,0.0,0.0,0.0,0.0,0.15378518,0.0,0.0008712949,0.010109393,0.0,0.04166815,0.002744601,0.0,0.14662382,-0.6954589,0.15880366,0.031910494,0.08925314,0.0,0.020388585,0.0005887636,-0.17276663,0.00047790786
-0.019155858,0.2940376,-0.1230933,-0.033634372,-0.0017629091,0.0,0.0,0.0,-0.063854575,0.0,-0.0047195475,0.0,-0.10894065,0.0,-0.00083217025,-0.0018972601,-0.30284825,0.0,-0.35283992,0.0,0.0,0.08433887,0.0,0.0,0.0,0.0,0.0,0.14264448,0.0,0.00046389567,-0.009753089,0.0,-0.013732189,-0.002082019,0.0,-0.016514113,0.51023513,-0.026733205,0.033312123,-0.22300898,0.0,-0.002670926,0.0004675381,0.19116925,0.001407335
-0.008726221,-0.34255356,0.30375367,-0.022083588,-0.0041601597,0.0,0.0,0.0,0.022794312,0.0,-0.0028311147,0.0,0.09423104,0.0,0.001603096,0.0011452292,0.20889561,0.0,0.15473242,0.0,0.0,0.070287764,0.0,0.0,0.0,0.0,0.0,0.1294389,0.0,0.00059738336,0.010109393,0.0,0.05546603,0.002744601,0.0,0.019343577,0.4980222,-0.043107126,0.025198435,0.10779939,0.0,-0.0015202136,0.0006897679,0.27152267,0.00047790786
-0.022828657,0.17068693,-0.19831906,-0.023861477,-0.0017629091,0.0,0.0,0.0,0.026499879,0.0,0.012914714,0.0,0.07070991,0.0,-0.00083217025,-0.0015942659,-0.14276785,0.0,-0.25053692,0.0,0.0,-0.04480259,0.0,0.0,0.0,0.0,0.0,0.11774995,0.0,0.0007378072,-0.009753089,0.0,-0.028284147,-0.002082019,0.0,-0.14944267,-0.9396809,0.081111684,0.05545938,-0.22568835,0.0,-0.002424514,0.0004675381,-0.14563598,-0.0044233957
-0.021778181,-0.44594425,-0.4539422,-0.07711363,0.0001476258,0.0,0.0,0.0,0.02233924,0.0,-0.019792344,0.0,-0.07450958,0.0,-0.00041246324,0.0011452292,-0.13666384,0.0,-0.23347002,0.0,0.0,-0.062495623,0.0,0.0,0.0,0.0,0.0,-0.25379807,0.0,0.0007378072,0.0037387437,0.0,-0.027356002,0.0010527901,0.0,-0.07666607,-0.908071,-0.08801111,-0.28074378,-0.08845511,0.0,-0.025037764,0.00056854245,-0.13474265,-0.0044233957
-0.014050781,0.92728794,-0.025058359,0.17320952,-0.0012802833,0.0,0.0,0.0,0.013663388,0.0,-0.0047603124,0.0,0.07577299,0.0,0.0054231794,0.012792513,0.17331843,0.0,0.16991314,0.0,0.0,0.0273813,0.0,0.0,0.0,0.0,0.0,0.21819498,0.0,0.010916204,-0.0041200104,0.0,-0.022692222,-0.002082019,0.0,-0.030243225,0.638318,-0.030314967,0.036933057,0.09919866,0.0,-0.0014519775,0.003116047,-0.19579417,-0.0018606446
-0.024347259,-0.2749909,-0.1259729,-0.0788976,0.0005384227,0.0,0.0,0.0,0.021262009,0.0,-0.004486008,0.0,-0.072494134,0.0,-0.00041246324,-0.0018972601,-0.14158157,0.0,-0.20950313,0.0,0.0,-0.038639203,0.0,0.0,0.0,0.0,0.0,0.09228069,0.0,0.0008712949,0.010109393,0.0,0.031546067,0.002744601,0.0,0.14662382,-0.72341925,0.14753526,0.05676998,-0.12863249,0.0,0.006968894,0.0004675381,-0.107601896,0.00047790786
0.08987592,-0.31368846,-0.19366264,-0.020107439,0.003986607,0.0,0.0,0.0,0.023239909,0.0,0.012503779,0.0,0.058236826,0.0,-0.0007462308,-0.0010614597,-0.12428429,0.0,0.2620586,0.0,0.0,-0.041280527,0.0,0.0,0.0,0.0,0.0,-0.23997217,0.0,-0.012828371,0.0037387437,0.0,0.029489001,0.0010527901,0.0,0.14704137,-0.63420653,0.15968803,0.062156085,0.035323136,0.0,-0.009294846,0.0005887636,-0.13452713,0.00047790786
-0.008875272,-0.12362479,-0.08199695,-0.106989734,-0.0012802833,0.0,0.0,0.0,0.010452529,0.0,-0.0042897584,0.0,-0.15826268,0.0,-0.0007462308,0.0011452292,0.1969984,0.0,0.15869361,0.0,0.0,0.034967344,0.0,0.0,0.0,0.0,0.0,0.1529431,0.0,0.00059738336,-0.009753089,0.0,-0.030400338,-0.002082019,0.0,-0.018002236,0.5400251,-0.030314967,0.022345942,0.096541695,0.0,-0.0021067285,0.0006897679,0.2608827,0.001407335
0.14186308,0.7925026,-0.20283715,0.028514408,-0.0037612498,0.0,0.0,0.0,-0.049265306,0.0,-0.007687144,0.0,-0.07541036,0.0,-0.0025244548,0.021528235,-0.23580414,0.0,0.16526012,0.0,0.0,0.031905737,0.0,0.0,0.0,0.0,0.0,-0.3434396,0.0,-0.14530818,-0.0022773212,0.0,-0.012205103,-0.0007986329,0.0,-0.028935755,0.5493697,-0.030438917,0.060018998,0.045803484,0.0,0.0042014914,-0.019094829,-0.18548055,0.0005919774
-0.009764903,-1.4807146,0.633875,-0.069724634,-6.4385706e-05,0.0,0.0,0.0,-0.10222412,0.0,-0.0028311147,0.0,0.031761046,0.0,0.0008860773,0.00013513495,0.07888531,0.0,-0.35359365,0.0,0.0,-0.087565444,0.0,0.0,0.0,0.0,0.0,-0.23020871,0.0,-0.015147548,0.0037387437,0.0,0.025735918,0.000697852,0.0,0.07309928,-0.88208014,-0.16011286,-0.2665591,0.07921506,0.0,-0.01700811,-0.051868074,-0.13058834,0.00047790786
-0.009664915,0.54644436,-0.17916846,0.10772367,0.0008880644,0.0,0.0,0.0,0.028677428,0.0,0.012914714,0.0,0.1253211,0.0,-0.0025244548,-0.0015942659,-0.22955808,0.0,0.21034119,0.0,0.0,0.07335449,0.0,0.0,0.0,0.0,0.0,0.2057753,0.0,0.00046389567,-0.0041200104,0.0,-0.023615282,0.002744601,0.0,0.020858275,0.5458058,-0.040954176,0.02282258,0.101527944,0.0,-0.0021067285,0.0005887636,0.23431376,0.001407335
0.06613276,0.9366926,0.026194353,0.17126387,0.0008880644,0.0,0.0,0.0,-0.035893213,0.0,-0.0047603124,0.0,-0.108428694,0.0,-0.0025244548,0.0066078044,0.15733658,0.0,0.16537304,0.0,0.0,0.05523673,0.0,0.0,0.0,0.0,0.0,0.22835633,0.0,0.0056710923,-0.0041200104,0.0,-0.0111363605,-0.002082019,0.0,-0.016514113,0.61489743,-0.030314967,0.02515618,0.06476907,0.0,-0.0011125684,0.003116047,0.18513477,0.0005919774
-0.018200913,-1.3188941,-0.29356652,-0.14061621,0.0001476258,0.0,0.0,0.0,-0.0690427,0.0,-0.019792344,0.0,0.035170082,0.0,0.0008860773,0.00013513495,-0.10561399,0.0,-0.39539182,0.0,0.0,-0.056251932,0.0,0.0,0.0,0.0,0.0,-0.2954933,0.0,0.0007378072,0.0037387437,0.0,-0.009663642,0.0010527901,0.0,-0.07653732,-0.9123302,-0.09310598,-0.2953324,-0.12789737,0.0,-0.02572757,-0.051868074,-0.20146433,0.001407335
0.18168914,0.8585419,-0.17733009,0.1295056,-0.0017629091,0.0,0.0,0.0,0.01671741,0.0,-0.007687144,0.0,-0.107444316,0.0,-0.0025244548,-0.010913022,-0.22215669,0.0,0.16691771,0.0,0.0,0.05792921,0.0,0.0,0.0,0.0,0.0,0.18385474,0.0,0.0031137276,-0.0041200104,0.0,-0.02121149,-0.002082019,0.0,-0.016514113,0.556901,-0.030314967,0.02515618,-0.15636271,0.0,-0.0013123798,0.0011661218,0.1843449,0.0005919774
-0.011362527,-0.60004264,-0.071391575,-0.056161273,0.0037992327,0.0,0.0,0.0,-0.062950246,0.0,-0.0028311147,0.0,0.05171758,0.0,0.0008860773,0.0011452292,0.09132267,0.0,-0.25934252,0.0,0.0,-0.03265033,0.0,0.0,0.0,0.0,0.0,0.11828699,0.0,0.0008712949,-0.009753089,0.0,0.0002840634,-0.002082019,0.0,-0.15602632,-1.0156127,0.081111684,0.055254377,0.057191227,0.0,0.0059297876,0.00056854245,-0.1777187,0.001407335
-0.027493805,0.69791967,-0.36893404,-0.07158992,-0.0042438754,0.0,0.0,0.0,-0.053100105,0.0,-0.005054005,0.0,-0.040965322,0.0,-0.00083217025,0.012792513,-0.13193703,0.0,-0.28703293,0.0,0.0,-0.052266452,0.0,0.0,0.0,0.0,0.0,-0.27641898,0.0,0.008358839,0.0037387437,0.0,-0.004186654,0.0010527901,0.0,-0.06834222,-1.1264116,-0.08801111,-0.37043506,-0.14816687,0.0,-0.0070482753,0.0029948216,-0.12481463,-0.0018606446
-0.01887099,0.9311102,-0.2895901,0.17213897,-0.0037612498,0.0,0.0,0.0,0.016353026,0.0,-0.005054005,0.0,-0.073067784,0.0,-0.00083217025,-0.006707067,-0.26321495,0.0,-0.27151912,0.0,0.0,-0.039930746,0.0,0.0,0.0,0.0,0.0,-0.32772133,0.0,0.008358839,0.0023605714,0.0,-0.017921455,0.0010527901,0.0,-0.028935755,0.56135607,-0.026857154,0.09729773,0.07613073,0.0,-0.004067739,-0.06880761,-0.10763703,0.0005919774
-0.020774523,-0.3697289,-0.23719841,-0.042610206,-0.000549158,0.0,0.0,0.0,-0.07313187,0.0,-0.019792344,0.0,-0.06154816,0.0,-0.00041246324,0.0011452292,-0.13666384,0.0,-0.23347002,0.0,0.0,-0.06740921,0.0,0.0,0.0,0.0,0.0,-0.25709286,0.0,0.0007378072,0.0037387437,0.0,-0.008581734,0.0010527901,0.0,-0.07666607,-0.908071,-0.08801111,-0.28074378,-0.08548147,0.0,0.09694161,0.00056854245,-0.11929812,0.001407335
-0.01195651,0.0011713956,-0.20611808,-0.08910692,-0.00071297446,0.0,0.0,0.0,-0.04678402,0.0,-0.0047195475,0.0,-0.06844953,0.0,-0.00041246324,-0.0018972601,-0.12697572,0.0,-0.2294467,0.0,0.0,0.041849963,0.0,0.0,0.0,0.0,0.0,-0.25370875,0.0,-0.015147548,0.0037387437,0.0,0.028209299,-0.0007986329,0.0,-0.15585108,-0.84096915,0.081996046,0.064889885,0.05823352,0.0,-0.0034311528,0.0004675381,-0.16848363,0.00047790786
-0.014805024,-0.38020235,-0.0909841,-0.027569458,-0.00010916684,0.0,0.0,0.0,-0.07659898,0.0,-0.004486008,0.0,0.043473627,0.0,0.0008860773,-0.0018972601,-0.29680172,0.0,-0.28223768,0.0,0.0,-0.056178957,0.0,0.0,0.0,0.0,0.0,0.15913685,0.0,0.0008712949,0.010109393,0.0,0.011891017,-0.002082019,0.0,-0.036826875,0.4665733,-0.026733205,0.053384252,0.06926396,0.0,0.0059297876,0.0004675381,-0.16146186,0.00047790786
-0.0086013805,-0.44475794,0.3836131,-0.0074654743,-0.004610263,0.0,0.0,0.0,0.02338348,0.0,-0.0028311147,0.0,0.10986668,0.0,0.001603096,0.0011452292,0.21218078,0.0,0.15590926,0.0,0.0,0.0709276,0.0,0.0,0.0,0.0,0.0,-0.23531106,0.0,-0.010383418,0.0037387437,0.0,0.05546603,0.0010527901,0.0,0.019343577,0.45472974,-0.043231074,0.06472705,0.09388913,0.0,0.001696053,0.0006897679,0.23012027,0.00047790786
-0.014373497,-0.534958,-0.18213722,-0.041228417,0.003349129,0.0,0.0,0.0,0.026463883,0.0,-0.004486008,0.0,0.0523121,0.0,0.0008860773,-0.0018972601,-0.13748135,0.0,-0.2883335,0.0,0.0,-0.053658064,0.0,0.0,0.0,0.0,0.0,-0.27863526,0.0,-0.015147548,-0.0036069527,0.0,-0.025770675,0.0010527901,0.0,0.07309928,-0.83667547,-0.16574232,-0.31715065,0.0371909,0.0,-0.005422732,0.0004675381,-0.15708329,0.001407335
-0.012666204,0.0024857325,-0.1249059,-0.024158062,-0.0006428057,0.0,0.0,0.0,-0.05443584,0.0,-0.0047195475,0.0,-0.106115356,0.0,-0.0025244548,-0.0018972601,-0.35273737,0.0,0.16701365,0.0,0.0,0.050102152,0.0,0.0,0.0,0.0,0.0,0.15029855,0.0,0.0007378072,0.010109393,0.0,0.02992251,-0.002082019,0.0,-0.03410389,0.47610047,-0.030314967,0.03072314,0.09387963,0.0,-0.0022247026,0.0005887636,-0.19532941,-0.0015021125
-0.008875272,-0.13825876,-0.033686165,-0.107297994,0.00051153684,0.0,0.0,0.0,-0.03636975,0.0,-0.0042897584,0.0,-0.13250428,0.0,-0.0007462308,0.0011452292,0.1969984,0.0,0.16087706,0.0,0.0,0.048428755,0.0,0.0,0.0,0.0,0.0,0.15187156,0.0,0.00059738336,-0.009753089,0.0,-0.020123221,0.002744601,0.0,0.018926028,0.5385976,-0.040954176,0.024302198,0.0962089,0.0,-0.0022889215,0.0006897679,0.21815115,0.001407335
0.06741681,0.630751,0.4927945,-0.04159485,0.005501175,0.0,0.0,0.0,0.021139747,0.0,-0.0042897584,0.0,-0.115780696,0.0,-0.0025244548,-0.00018534983,0.20217213,0.0,0.19432867,0.0,0.0,-0.05666508,0.0,0.0,0.0,0.0,0.0,0.12555964,0.0,0.0008712949,0.010109393,0.0,0.020153135,0.002744601,0.0,0.032879587,0.55944717,-0.043107126,0.041171204,0.09474477,0.0,0.00057688553,-0.006881507,-0.108494885,0.00047790786
0.07271273,-0.17256261,-0.003311695,-0.110826924,0.012635604,0.0,0.0,0.0,0.016118838,0.0,-0.0042897584,0.0,0.08926962,0.0,0.001603096,-0.00018534983,0.19966781,0.0,0.15597863,0.0,0.0,0.020573327,0.0,0.0,0.0,0.0,0.0,0.1423543,0.0,0.0008712949,-0.009753089,0.0,-0.029764194,0.002744601,0.0,0.041109182,0.5323255,-0.040954176,0.034108862,0.085041076,0.0,0.00057688553,-0.006881507,-0.21458545,0.001407335
-0.015373958,-0.5182236,-0.15140337,-0.091585465,-0.0043478757,0.0,0.0,0.0,0.01942802,0.0,0.0335603,0.0,0.058686864,0.0,-0.00041246324,-0.0015942659,-0.2873784,0.0,-0.2737374,0.0,0.0,0.0305776,0.0,0.0,0.0,0.0,0.0,0.15256922,0.0,0.0007378072,-0.009753089,0.0,-0.030849716,0.002744601,0.0,0.041109182,0.442033,-0.037372414,0.042738743,0.05361646,0.0,0.005653361,0.0004675381,-0.2128011,0.001407335
0.15371221,-0.31659216,-0.1680921,-0.10879913,-0.00029844118,0.0,0.0,0.0,-0.0711707,0.0,0.054397523,0.0,0.04754253,0.0,-0.0007462308,-0.0010614597,-0.121268705,0.0,0.24313596,0.0,0.0,-0.03495993,0.0,0.0,0.0,0.0,0.0,0.11154405,0.0,0.0007378072,-0.009753089,0.0,-0.00981567,-0.002082019,0.0,-0.15602632,-0.83504075,0.09238007,0.035723723,-0.14698392,0.0,0.018108431,0.0005887636,-0.15290105,0.001407335
-0.008781608,0.48163536,-0.11593339,-0.040646274,0.0008880644,0.0,0.0,0.0,0.012597819,0.0,-0.0042897584,0.0,-0.16101086,0.0,-0.0025244548,0.0011452292,0.16557641,0.0,0.19614214,0.0,0.0,0.047101427,0.0,0.0,0.0,0.0,0.0,0.16988732,0.0,0.00059738336,-0.009753089,0.0,-0.023026688,-0.002082019,0.0,-0.016514113,0.6104998,-0.030314967,0.022483882,0.09648189,0.0,-0.0021067285,0.0006897679,0.2062144,0.001407335
-0.009295155,-0.42516667,0.17910859,-0.05870349,0.01299309,0.0,0.0,0.0,0.025604429,0.0,-0.0028311147,0.0,0.09366252,0.0,0.0008860773,0.0011452292,0.21508567,0.0,-0.25926504,0.0,0.0,-0.09210979,0.0,0.0,0.0,0.0,0.0,0.13846728,0.0,0.00059738336,-0.009753089,0.0,-0.023927668,0.002744601,0.0,0.019343577,0.48473698,-0.039525364,0.04793451,0.072589256,0.0,-0.0015202136,0.00056854245,0.19840951,0.001407335
-0.021780375,-0.26099885,-0.11964134,-0.19172709,-0.0012292701,0.0,0.0,0.0,0.009781091,0.0,-0.018273547,0.0,-0.07714085,0.0,-0.0007462308,0.0011452292,0.098486945,0.0,0.22077875,0.0,0.0,-0.022502689,0.0,0.0,0.0,0.0,0.0,0.10191975,0.0,0.0008712949,-0.009753089,0.0,-0.023386914,-0.002082019,0.0,-0.15585108,-1.0409688,0.09238007,0.035976294,-0.20759878,0.0,0.02170412,0.0006897679,-0.18940738,0.001407335
-0.019100374,-0.02674285,-1.1088727,-0.031243933,0.0038481215,0.0,0.0,0.0,0.017643085,0.0,-0.0045834514,0.0,-0.12744704,0.0,-0.00083217025,0.0011452292,-0.3768193,0.0,-0.31125957,0.0,0.0,-0.05850327,0.0,0.0,0.0,0.0,0.0,-0.2643328,0.0,0.0007378072,0.0037387437,0.0,-0.027803997,0.0010527901,0.0,-0.03410389,0.4803466,-0.026857154,0.07603893,-0.35618937,0.0,-0.02058609,0.0005507715,-0.11962195,-0.0044233957
-0.013481846,1.0008035,0.14365923,0.16518064,0.00039413373,0.0,0.0,0.0,-0.044844437,0.0,-0.0047603124,0.0,-0.077933274,0.0,-0.0025244548,0.012792513,0.17331843,0.0,0.18379444,0.0,0.0,0.041805327,0.0,0.0,0.0,0.0,0.0,0.20077589,0.0,0.010916204,0.0042706355,0.0,0.017806737,-0.002082019,0.0,-0.028935755,0.638318,-0.030314967,0.03855061,0.08520971,0.0,-0.0016341705,0.003116047,-0.14571397,-0.00096150785
-0.012190677,-0.48217514,0.29698986,-0.03362004,-0.0016374681,0.0,0.0,0.0,-0.1139186,0.0,-0.0028311147,0.0,0.0614924,0.0,0.001603096,0.00013513495,0.09315571,0.0,0.22459897,0.0,0.0,-0.065921344,0.0,0.0,0.0,0.0,0.0,0.11446058,0.0,0.0008712949,0.010109393,0.0,0.015855063,-0.002082019,0.0,-0.15602632,-0.90140533,0.096484095,0.0364499,0.09226801,0.0,-0.0016381877,-0.006881507,-0.18031564,0.00047790786
0.09929211,-0.31900367,-0.124427915,-0.031880442,0.00037425695,0.0,0.0,0.0,0.022830967,0.0,0.035587132,0.0,0.084991604,0.0,-0.0007462308,0.0006191137,-0.29367834,0.0,0.15870017,0.0,0.0,0.03508953,0.0,0.0,0.0,0.0,0.0,0.16527957,0.0,0.0007378072,-0.009753089,0.0,-0.03279562,0.002744601,0.0,0.044531405,0.4378912,-0.040954176,0.031910494,0.06708993,0.0,-0.0038747885,-0.004291843,-0.22185229,0.001407335
-0.0117532825,-1.3230181,-0.31726313,-0.13516206,0.003349129,0.0,0.0,0.0,-0.0690427,0.0,-0.019792344,0.0,0.039539244,0.0,0.0008860773,0.00013513495,-0.10561399,0.0,-0.43507993,0.0,0.0,-0.05711964,0.0,0.0,0.0,0.0,0.0,-0.332763,0.0,0.0007378072,0.0037387437,0.0,-0.010143792,0.0010527901,0.0,-0.07653732,-0.9137461,-0.09310598,-0.2953324,0.059469376,0.0,-0.022929225,-0.051868074,-0.20288977,0.001407335
-0.012357414,-0.26039383,-0.22987412,-0.16345453,-0.0011967476,0.0,0.0,0.0,-0.08318992,0.0,0.054397523,0.0,0.08465542,0.0,-0.00041246324,-0.0015942659,-0.13883843,0.0,-0.27190077,0.0,0.0,0.07856371,0.0,0.0,0.0,0.0,0.0,-0.24474902,0.0,-0.008064239,-0.0036069527,0.0,-0.021191964,-0.0007986329,0.0,-0.09575498,-0.79049385,0.081996046,0.055931885,0.055490855,0.0,-0.0035243286,0.0004675381,0.29748216,0.001407335
-0.012065838,-0.4996712,0.8244839,-0.057545472,-0.0011914009,0.0,0.0,0.0,-0.09305769,0.0,-0.0028311147,0.0,0.040166464,0.0,0.0008860773,0.00013513495,0.09497801,0.0,-0.21298264,0.0,0.0,0.10143738,0.0,0.0,0.0,0.0,0.0,-0.18627208,0.0,-0.015147548,0.0037387437,0.0,0.043777425,0.000697852,0.0,0.07309928,-0.8254742,-0.155018,-0.19392258,0.06306235,0.0,-0.005842107,-0.0066033686,-0.1213256,0.00047790786
-0.015201648,-0.7043564,-0.08434095,-0.050189566,0.003986607,0.0,0.0,0.0,-0.10333125,0.0,-0.004486008,0.0,-0.06092873,0.0,-0.00041246324,-0.00021668678,-0.28110182,0.0,-0.26602396,0.0,0.0,-0.05333294,0.0,0.0,0.0,0.0,0.0,-0.2445213,0.0,-0.015147548,0.0037387437,0.0,0.015121646,0.0010527901,0.0,0.040691633,0.41489682,-0.037496362,0.09100126,0.03901457,0.0,0.0015780787,-0.004013705,-0.0940772,0.00047790786
-0.021795219,-0.07151072,0.5224329,-0.0956907,-0.0069268374,0.0,0.0,0.0,0.022704702,0.0,-0.0029851082,0.0,0.05057401,0.0,0.0008860773,0.0011452292,0.21589005,0.0,-0.18697774,0.0,0.0,0.05356849,0.0,0.0,0.0,0.0,0.0,0.08211467,0.0,0.0008712949,0.010109393,0.0,0.06912903,0.002744601,0.0,0.041109182,0.45676112,-0.03606665,0.04042765,-0.26468766,0.0,-0.0014516211,0.00056854245,-0.18970183,-0.0015021125
0.05032957,-0.61122954,0.34565333,-0.022816302,-0.0016374681,0.0,0.0,0.0,0.03492146,0.0,-0.0028311147,0.0,0.09169991,0.0,0.001603096,0.00082474446,0.19201563,0.0,0.15275583,0.0,0.0,-0.107972614,0.0,0.0,0.0,0.0,0.0,0.12347982,0.0,0.00059738336,0.010109393,0.0,0.03268112,0.002744601,0.0,0.019343577,0.44753298,-0.03964842,0.02770737,0.06930583,0.0,-0.00093439256,0.0006897679,0.18982385,0.00047790786
0.05032957,-0.45694995,0.25725272,-0.060456887,0.0030846638,0.0,0.0,0.0,0.02338348,0.0,-0.0028311147,0.0,0.1152451,0.0,0.001603096,0.00082474446,0.17769353,0.0,0.15731369,0.0,0.0,0.070287764,0.0,0.0,0.0,0.0,0.0,0.14420879,0.0,0.00059738336,0.010109393,0.0,0.040344503,0.002744601,0.0,0.019343577,0.47452176,-0.043107126,0.023837894,0.08173164,0.0,-0.00093439256,0.0006897679,0.24182348,0.00047790786
-0.015373958,-0.3476823,-0.16175744,-0.027337864,0.0037992327,0.0,0.0,0.0,-0.0505825,0.0,-0.004486008,0.0,0.043473627,0.0,0.0008860773,-0.0018972601,-0.1420455,0.0,-0.25689143,0.0,0.0,-0.03788332,0.0,0.0,0.0,0.0,0.0,0.13633862,0.0,0.0008712949,-0.009753089,0.0,-0.008678565,-0.002082019,0.0,-0.15602632,-0.86373717,0.081111684,0.053384252,0.05692858,0.0,0.0059297876,0.0004675381,-0.1545709,0.001407335
-0.02092894,-0.23182961,-0.10979879,-0.16516152,0.0013216623,0.0,0.0,0.0,-0.03636975,0.0,-0.012168519,0.0,-0.0871975,0.0,-0.00041246324,-0.0018972601,-0.33442327,0.0,-0.24817069,0.0,0.0,0.07284462,0.0,0.0,0.0,0.0,0.0,-0.26681918,0.0,-0.008064239,-0.0036069527,0.0,-0.020370882,-0.0007986329,0.0,-0.018002236,0.4337201,-0.026857154,0.055931885,-0.13281316,0.0,-0.006322672,0.0004675381,0.20531581,0.001407335
-0.011709348,0.6488959,0.23102967,-0.0061292285,-0.009305112,0.0,0.0,0.0,0.01655822,0.0,-0.0042897584,0.0,-0.10874167,0.0,-0.0025244548,0.0011452292,0.19588527,0.0,0.21424831,0.0,0.0,0.039565083,0.0,0.0,0.0,0.0,0.0,-0.24958399,0.0,-0.015147548,0.0037387437,0.0,0.047455654,-0.0007986329,0.0,-0.028935755,0.6179162,-0.030438917,0.066703364,0.071991615,0.0,0.0011737567,0.0006897679,-0.13299294,-0.0015021125
0.13261873,-0.23877212,0.39474845,-0.05382838,0.0035860022,0.0,0.0,0.0,0.021370023,0.0,-0.0028311147,0.0,-0.07225838,0.0,-0.00041246324,0.00082474446,0.086408265,0.0,-0.18386549,0.0,0.0,-0.041886877,0.0,0.0,0.0,0.0,0.0,0.06548849,0.0,0.0008712949,0.010109393,0.0,0.03228133,0.002744601,0.0,0.14662382,-0.8062557,0.15163931,0.05809384,-0.15007265,0.0,0.0007813963,0.00056854245,-0.1042256,-0.0015021125
-0.024828985,-0.29246,-0.41879758,-0.1095547,0.0001476258,0.0,0.0,0.0,-0.050467588,0.0,-0.019792344,0.0,-0.06154816,0.0,-0.00041246324,0.0011452292,-0.14377964,0.0,-0.23347002,0.0,0.0,-0.06740921,0.0,0.0,0.0,0.0,0.0,-0.25410125,0.0,0.0007378072,0.0037387437,0.0,-0.013834762,0.0010527901,0.0,-0.07666607,-0.9151868,-0.08801111,-0.28074378,-0.087736525,0.0,-0.025219956,0.00056854245,-0.10950333,-0.0044233957
0.06722293,-0.45603314,-0.035313297,-0.06430105,-0.0016374681,0.0,0.0,0.0,0.021262009,0.0,-0.0028311147,0.0,-0.094640926,0.0,-0.0007462308,0.00082474446,0.08316394,0.0,0.25621212,0.0,0.0,-0.032902922,0.0,0.0,0.0,0.0,0.0,0.12032014,0.0,0.0008712949,0.010109393,0.0,0.03022242,-0.002082019,0.0,-0.15585108,-0.9921929,0.09238007,0.037534006,0.04169868,0.0,0.0017812458,0.0006897679,-0.15475813,0.00047790786
-0.012548032,-0.3410568,0.25299743,-0.038407683,-0.0011914009,0.0,0.0,0.0,0.0167885,0.0,-0.0028311147,0.0,-0.08921224,0.0,-0.0007462308,0.00013513495,0.09681105,0.0,0.19884871,0.0,0.0,0.06711579,0.0,0.0,0.0,0.0,0.0,-0.252486,0.0,-0.015147548,0.0037387437,0.0,0.042401567,0.0010527901,0.0,0.072681725,-0.93196476,-0.20544177,-0.22474533,0.06620413,0.0,0.0017602718,-0.006881507,-0.15497838,0.00047790786
-0.012259522,-0.27298775,-0.31337902,-0.13596386,0.00082032394,0.0,0.0,0.0,-0.11213868,0.0,-0.019792344,0.0,0.080849715,0.0,0.0008860773,0.0011452292,-0.17385057,0.0,-0.305707,0.0,0.0,-0.15538833,0.0,0.0,0.0,0.0,0.0,-0.32750732,0.0,0.00046389567,0.0037387437,0.0,-0.012042965,0.0010527901,0.0,-0.020159654,-0.87041837,-0.08801111,-0.23714548,0.05416849,0.0,-0.011827436,0.00056854245,0.24686435,0.001407335
-0.015201648,-0.33612546,-0.09156928,-0.052932337,0.003986607,0.0,0.0,0.0,0.023937091,0.0,-0.004486008,0.0,0.052037623,0.0,0.0008860773,-0.00021668678,-0.14459714,0.0,-0.25849044,0.0,0.0,-0.042651538,0.0,0.0,0.0,0.0,0.0,-0.19821043,0.0,-0.015147548,0.0037387437,0.0,0.034776695,-0.0007986329,0.0,-0.15602632,-0.8183694,0.081996046,0.08948566,0.040126756,0.0,0.0017602718,-0.004013705,-0.14591147,0.00047790786
-0.024828985,-0.14290407,-0.4148153,-0.1133851,-0.0016793734,0.0,0.0,0.0,0.015824536,0.0,-0.012032424,0.0,-0.078584634,0.0,-0.00041246324,0.0011452292,-0.15206873,0.0,-0.23155628,0.0,0.0,-0.062495623,0.0,0.0,0.0,0.0,0.0,-0.26784596,0.0,0.0007378072,0.0037387437,0.0,-0.031777535,0.0010527901,0.0,-0.07666607,-0.92967284,-0.08801111,-0.28074378,-0.12132104,0.0,-0.025037764,0.00056854245,-0.15016337,-0.0044233957
-0.008875272,-0.13144661,-0.015247973,-0.111799516,0.012635604,0.0,0.0,0.0,0.02014675,0.0,-0.0042897584,0.0,0.12354885,0.0,0.001603096,0.0011452292,0.1969984,0.0,0.17165288,0.0,0.0,0.044829186,0.0,0.0,0.0,0.0,0.0,0.15944372,0.0,0.00059738336,-0.009753089,0.0,-0.031282026,0.002744601,0.0,0.019343577,0.5390507,-0.040954176,0.024302198,0.110805854,0.0,-0.0021067285,0.0006897679,0.2658563,0.001407335
-0.016377619,-0.33890525,-0.11649083,-0.11172445,-0.00074664445,0.0,0.0,0.0,0.017233826,0.0,-0.012168519,0.0,-0.09795022,0.0,-0.0007462308,-0.0018972601,-0.31856692,0.0,0.1501839,0.0,0.0,-0.028584315,0.0,0.0,0.0,0.0,0.0,0.15944315,0.0,0.0007378072,-0.009753089,0.0,-0.031777535,-0.002082019,0.0,-0.036651637,0.46311426,-0.030314967,0.035723723,0.08567932,0.0,-0.006494184,0.0005887636,-0.18134531,-0.0044233957
-0.015683843,-0.23709725,-0.04876814,-0.07496228,0.0035307307,0.0,0.0,0.0,0.0187664,0.0,-0.004486008,0.0,0.050528657,0.0,0.0008860773,-0.00021668678,-0.13889916,0.0,-0.2549736,0.0,0.0,0.035369854,0.0,0.0,0.0,0.0,0.0,-0.20542167,0.0,-0.015147548,0.0037387437,0.0,0.042401567,0.0010527901,0.0,0.14704137,-0.68776464,0.14841963,0.07720203,0.04924255,0.0,0.0017602718,-0.004013705,-0.16119064,0.00047790786
-0.02082113,-0.39905968,-0.18436004,-0.04440743,-0.000549158,0.0,0.0,0.0,0.016973712,0.0,-0.004486008,0.0,0.050009586,0.0,0.0008860773,-0.0018972601,-0.13178335,0.0,-0.22597218,0.0,0.0,0.07104918,0.0,0.0,0.0,0.0,0.0,-0.23868418,0.0,-0.015147548,-0.0036069527,0.0,-0.03312503,0.0010527901,0.0,0.07309928,-0.84314775,-0.16574232,-0.24168512,-0.09100085,0.0,0.0042141266,0.0004675381,-0.2020256,0.001407335
0.049819373,0.3698727,-0.09603267,-0.03124236,-0.0012802833,0.0,0.0,0.0,0.022292038,0.0,-0.0042897584,0.0,0.13127643,0.0,0.0054231794,0.00082474446,0.2284706,0.0,0.19676073,0.0,0.0,0.05696327,0.0,0.0,0.0,0.0,0.0,0.17393737,0.0,0.00059738336,-0.009753089,0.0,-0.029193787,-0.002082019,0.0,-0.017821584,0.60221684,-0.030314967,0.022736453,0.09850131,0.0,-0.0015209079,0.0006897679,0.24309964,0.001407335
-0.015326486,-0.4032502,-0.16567545,-0.09441503,-0.004841806,0.0,0.0,0.0,0.030337289,0.0,-0.004486008,0.0,0.069122,0.0,0.001603096,-0.00021668678,-0.1342974,0.0,0.2623839,0.0,0.0,0.030716525,0.0,0.0,0.0,0.0,0.0,0.139533,0.0,0.0008712949,0.010109393,0.0,0.044247523,0.002744601,0.0,0.14704137,-0.68056643,0.15880366,0.031910494,0.070536144,0.0,-0.0014559947,-0.004291843,-0.20931521,0.00047790786
-0.027493805,0.9538134,-0.24829082,0.12532197,-0.0042438754,0.0,0.0,0.0,0.016353026,0.0,-0.005054005,0.0,-0.059274465,0.0,-0.00083217025,0.012792513,-0.26321495,0.0,-0.26846814,0.0,0.0,-0.041330837,0.0,0.0,0.0,0.0,0.0,-0.29520354,0.0,0.008358839,0.0023605714,0.0,-0.01847295,0.0010527901,0.0,-0.028935755,0.55970454,-0.026857154,0.09729773,-0.14721473,0.0,-0.0068660825,0.0029948216,-0.10360378,-0.0018606446
-0.009613627,0.16568126,-0.12806317,-0.029624261,0.0008880644,0.0,0.0,0.0,0.01898321,0.0,-0.0047195475,0.0,-0.1682978,0.0,-0.0025244548,-0.0018972601,-0.35107982,0.0,0.18595865,0.0,0.0,0.063492656,0.0,0.0,0.0,0.0,0.0,0.17662922,0.0,0.00046389567,-0.009753089,0.0,-0.030820062,-0.002082019,0.0,-0.016514113,0.4826558,-0.030314967,0.022483882,0.10129605,0.0,-0.0021067285,0.0005887636,0.21556444,0.001407335
-0.012548032,-0.36584467,0.23107037,-0.022551209,-0.0011914009,0.0,0.0,0.0,-0.067969985,0.0,-0.0028311147,0.0,-0.07837327,0.0,-0.0007462308,0.0011452292,0.099316776,0.0,0.21109837,0.0,0.0,-0.0790301,0.0,0.0,0.0,0.0,0.0,-0.25515187,0.0,-0.015147548,0.0037387437,0.0,0.014683345,-0.0007986329,0.0,-0.07636209,-0.984984,-0.12771058,-0.24897386,0.064867,0.0,0.0015780787,0.0006897679,-0.14640372,-0.0015021125
-0.012306126,-0.14126888,-0.19849049,-0.15995449,-0.0011967476,0.0,0.0,0.0,0.02014675,0.0,-0.012168519,0.0,0.091235735,0.0,0.0008860773,-0.0018972601,-0.15085286,0.0,-0.2694966,0.0,0.0,0.06569089,0.0,0.0,0.0,0.0,0.0,-0.26266053,0.0,-0.008064239,-0.0036069527,0.0,-0.030400338,-0.0007986329,0.0,-0.09575498,-0.80163836,0.081996046,0.055931885,0.057550333,0.0,-0.0033421358,0.0004675381,0.32353354,0.001407335
0.049819373,0.2835824,-0.09829643,-0.04603998,-0.0012802833,0.0,0.0,0.0,0.012597819,0.0,-0.0042897584,0.0,-0.1682978,0.0,-0.0025244548,0.00082474446,0.22951621,0.0,0.18080646,0.0,0.0,0.047101427,0.0,0.0,0.0,0.0,0.0,0.17145453,0.0,0.00059738336,-0.009753089,0.0,-0.029193787,-0.002082019,0.0,-0.016514113,0.5981288,-0.030314967,0.022483882,0.078526124,0.0,-0.0015209079,0.0006897679,0.19887727,0.001407335
-0.021780375,-0.26903775,-0.07502071,-0.20698789,-0.0012292701,0.0,0.0,0.0,-0.026758837,0.0,-0.018273547,0.0,-0.06715248,0.0,-0.0007462308,0.0011452292,0.09598122,0.0,0.22272919,0.0,0.0,0.020620342,0.0,0.0,0.0,0.0,0.0,0.08725667,0.0,0.0008712949,-0.009753089,0.0,-0.02060337,0.002744601,0.0,0.14662382,-0.90601814,0.15880366,0.03378062,-0.20905535,0.0,0.021980546,0.0006897679,-0.17393287,0.001407335
-0.02387229,0.94957685,-0.27161416,0.14480995,-0.0042438754,0.0,0.0,0.0,0.024120564,0.0,-0.005054005,0.0,-0.085018545,0.0,-0.00083217025,0.012792513,-0.28842765,0.0,-0.27779746,0.0,0.0,-0.09148791,0.0,0.0,0.0,0.0,0.0,-0.31129846,0.0,0.0031137276,0.0023605714,0.0,-0.017921455,0.0010527901,0.0,-0.016514113,0.531523,-0.026857154,0.08577341,-0.1534478,0.0,-0.0069303,0.0029948216,0.13195297,0.0005919774
-0.018688975,-0.75691956,0.14189228,-0.037091453,-0.016750703,0.0,0.0,0.0,0.024004834,0.0,-0.0028311147,0.0,-0.07439008,0.0,-0.0007462308,0.00013513495,0.20107742,0.0,0.111050144,0.0,0.0,-0.03406603,0.0,0.0,0.0,0.0,0.0,-0.1665575,0.0,-0.015147548,-0.0036069527,0.0,-0.035943422,0.0010527901,0.0,0.040691633,0.45098943,-0.043231074,0.072196774,-0.1518467,0.0,-0.001038072,-0.006881507,-0.12725867,0.001407335
-0.02210531,-0.012181425,-0.40697804,-0.04358291,0.0038481215,0.0,0.0,0.0,0.015824536,0.0,-0.0045834514,0.0,-0.081817724,0.0,-0.00041246324,0.0011452292,-0.13139227,0.0,-0.20191611,0.0,0.0,-0.041956577,0.0,0.0,0.0,0.0,0.0,-0.18996887,0.0,0.0007378072,0.0037387437,0.0,-0.031297382,0.0010527901,0.0,-0.15615508,-0.8592499,0.081996046,0.07862926,-0.13650085,0.0,-0.02058609,0.00056854245,-0.13266252,-0.0044233957
-0.021686507,0.44221735,-0.34423816,0.021029642,-0.0042438754,0.0,0.0,0.0,0.017643085,0.0,-0.0045834514,0.0,-0.0782803,0.0,-0.00083217025,0.0011452292,-0.25601792,0.0,-0.3508344,0.0,0.0,-0.047198478,0.0,0.0,0.0,0.0,0.0,-0.32307172,0.0,0.0007378072,0.0023605714,0.0,-0.021079365,0.0010527901,0.0,-0.028935755,0.5401325,-0.026857154,0.08037615,-0.14207415,0.0,-0.02058609,0.00056854245,-0.10788532,-0.0044233957
-0.008244025,-0.47674015,0.42547223,-0.032769118,0.00038571784,0.0,0.0,0.0,0.034365207,0.0,-0.0028311147,0.0,0.1050603,0.0,0.0008860773,0.0011452292,0.088927,0.0,-0.2546152,0.0,0.0,0.073529825,0.0,0.0,0.0,0.0,0.0,0.11208843,0.0,0.00059738336,0.010109393,0.0,0.05869666,0.002744601,0.0,0.08782441,-0.7876548,0.15163931,0.03713394,0.085001364,0.0,-0.0015202136,0.00056854245,0.2514524,0.00047790786
-0.010429267,0.87191606,0.0034364308,0.16800934,-0.0012802833,0.0,0.0,0.0,-0.064028606,0.0,-0.0047603124,0.0,0.090054415,0.0,0.0054231794,0.012792513,0.16750503,0.0,0.17466669,0.0,0.0,0.06509858,0.0,0.0,0.0,0.0,0.0,0.22885726,0.0,0.0056710923,-0.0041200104,0.0,-0.013134344,-0.002082019,0.0,-0.017821584,0.61489743,-0.030314967,0.025408752,0.10186074,0.0,-0.0016983892,0.003116047,0.2305764,0.0005919774
-0.020645624,-0.41401184,-0.14321087,-0.04739889,8.831959e-05,0.0,0.0,0.0,-0.07837938,0.0,-0.004486008,0.0,-0.056226473,0.0,-0.00041246324,-0.0018972601,-0.13748135,0.0,-0.23833372,0.0,0.0,-0.070030175,0.0,0.0,0.0,0.0,0.0,-0.2340708,0.0,-0.015147548,0.0037387437,0.0,0.015121646,0.0010527901,0.0,0.072681725,-0.83525956,-0.16574232,-0.31715065,-0.08342286,0.0,0.0044905534,0.0004675381,-0.10224977,0.00047790786
-0.021865388,-0.523847,-0.17108858,-0.078549325,-9.90548e-05,0.0,0.0,0.0,-0.07696417,0.0,-0.004486008,0.0,-0.0643099,0.0,-0.00041246324,-0.0018972601,-0.1349297,0.0,-0.20689163,0.0,0.0,-0.034020282,0.0,0.0,0.0,0.0,0.0,0.10223799,0.0,0.0007378072,-0.009753089,0.0,-0.011062326,-0.002082019,0.0,-0.15585108,-0.8552055,0.081111684,0.053384252,-0.12935108,0.0,0.007245321,0.0004675381,-0.13049205,0.001407335
-0.017197255,-1.2001727,-0.2744993,-0.11843231,0.0001476258,0.0,0.0,0.0,-0.046587974,0.0,-0.019792344,0.0,-0.04761919,0.0,-0.00041246324,0.0011452292,-0.10561399,0.0,-0.41429627,0.0,0.0,-0.053256605,0.0,0.0,0.0,0.0,0.0,-0.2899797,0.0,0.0007378072,0.0037387437,0.0,-0.009663642,0.0010527901,0.0,-0.07636209,-0.9123302,-0.09310598,-0.2953324,-0.11354261,0.0,0.107326366,0.020414108,-0.1620996,0.001407335
0.04673616,-0.5002479,0.7696289,-0.1412801,-6.4385706e-05,0.0,0.0,0.0,0.032297805,0.0,-0.0028311147,0.0,0.078794524,0.0,0.0008860773,0.00082474446,0.08509631,0.0,-0.2354229,0.0,0.0,0.09284095,0.0,0.0,0.0,0.0,0.0,-0.21598633,0.0,-0.010383418,0.0037387437,0.0,0.06966618,0.000697852,0.0,0.01862815,-0.82233083,-0.155018,-0.17550917,0.051187173,0.0,0.0015001249,0.00056854245,0.16404198,0.00047790786
-0.021686507,0.122016005,-0.41145465,-0.03467793,0.0038481215,0.0,0.0,0.0,0.017643085,0.0,-0.0045834514,0.0,-0.081817724,0.0,-0.00083217025,0.0011452292,-0.14650379,0.0,-0.25369355,0.0,0.0,-0.041956577,0.0,0.0,0.0,0.0,0.0,-0.21149065,0.0,0.0007378072,0.0037387437,0.0,-0.027803997,0.0010527901,0.0,-0.15330334,-0.8922085,0.081996046,0.07862926,-0.13453238,0.0,-0.02058609,0.00056854245,-0.12198956,-0.0044233957
-0.017636329,-0.00025604077,0.06604337,-0.095968224,-0.003606398,0.0,0.0,0.0,-0.12741396,0.0,-0.0047195475,0.0,0.061846644,0.0,0.0017877159,-0.0018972601,-0.34585112,0.0,-0.30859962,0.0,0.0,-0.13936391,0.0,0.0,0.0,0.0,0.0,-0.22705993,0.0,-0.010383418,0.0037387437,0.0,-0.004804605,0.0010527901,0.0,0.019343577,0.43490157,-0.037496362,0.08152284,-0.16845405,0.0,-0.001870999,0.0004675381,0.128338,0.00047790786
-0.021795219,-0.16680562,0.22213455,-0.11810106,-0.0073067714,0.0,0.0,0.0,-0.04713463,0.0,-0.0042897584,0.0,-0.07367394,0.0,-0.0007462308,0.0011452292,0.20281179,0.0,0.10502626,0.0,0.0,0.043836568,0.0,0.0,0.0,0.0,0.0,0.08721216,0.0,0.0008712949,0.010109393,0.0,0.04406609,0.002744601,0.0,0.040691633,0.4980143,-0.043107126,0.03273496,-0.24660373,0.0,-0.0026067072,0.0006897679,-0.18165953,-0.0015021125
-0.019733233,-0.55555975,0.01635091,-0.080084965,-0.016300598,0.0,0.0,0.0,0.024721537,0.0,-0.0028311147,0.0,0.06022633,0.0,0.001603096,0.00013513495,0.1934987,0.0,0.1393174,0.0,0.0,0.021724617,0.0,0.0,0.0,0.0,0.0,0.104593836,0.0,0.0008712949,-0.009753089,0.0,-0.043297775,0.002744601,0.0,0.041109182,0.5194311,-0.040954176,0.03372078,-0.18259959,0.0,-0.001837999,-0.006881507,-0.21292147,0.001407335
-0.0082126735,0.6049491,0.16994555,-0.008570538,-0.006824146,0.0,0.0,0.0,0.02803364,0.0,-0.0042897584,0.0,0.12782186,0.0,0.0054231794,0.0011452292,0.15466973,0.0,0.22861074,0.0,0.0,0.06490719,0.0,0.0,0.0,0.0,0.0,0.15787812,0.0,0.00059738336,0.010109393,0.0,0.04539674,-0.002082019,0.0,-0.017821584,0.61222255,-0.030314967,0.02406421,0.112839624,0.0,-0.0021067285,0.0006897679,0.22294493,0.00047790786
-0.02210531,-0.11520061,-0.40329838,-0.04226782,0.0038481215,0.0,0.0,0.0,-0.05251178,0.0,-0.0045834514,0.0,-0.06350274,0.0,-0.00041246324,0.0011452292,-0.31627443,0.0,-0.23024571,0.0,0.0,-0.052112076,0.0,0.0,0.0,0.0,0.0,-0.23154315,0.0,0.0007378072,0.0037387437,0.0,-0.013834762,0.0010527901,0.0,-0.036955625,0.464066,-0.026857154,0.07862926,-0.14079188,0.0,-0.020768283,0.00056854245,-0.11742861,-0.0044233957
-0.011187019,-0.54816043,0.68704855,-0.056771513,0.00038571784,0.0,0.0,0.0,-0.10456185,0.0,-0.0028311147,0.0,-0.058350243,0.0,-0.00041246324,0.0011452292,0.09132267,0.0,-0.21885568,0.0,0.0,-0.07982312,0.0,0.0,0.0,0.0,0.0,0.14920457,0.0,0.0008712949,0.010109393,0.0,0.031378224,0.002744601,0.0,0.072681725,-0.84755975,-0.15489404,-0.18548626,0.07635191,0.0,0.0059297876,0.00056854245,-0.10189062,0.00047790786
-0.010429267,0.8610977,-0.010615518,0.16877346,0.0008880644,0.0,0.0,0.0,0.017691303,0.0,-0.0047603124,0.0,0.10527502,0.0,0.0054231794,0.012792513,0.16750503,0.0,0.17466669,0.0,0.0,0.05163716,0.0,0.0,0.0,0.0,0.0,0.22700903,0.0,0.0056710923,-0.0041200104,0.0,-0.021660576,-0.002082019,0.0,-0.017821584,0.61489743,-0.030314967,0.025408752,0.101527944,0.0,-0.0015161962,0.003116047,0.24322969,0.0005919774
0.04732555,0.019269722,0.30729857,-0.113760546,0.005501175,0.0,0.0,0.0,0.026168682,0.0,-0.0042897584,0.0,0.12354885,0.0,0.0054231794,0.00082474446,0.19385442,0.0,0.1707759,0.0,0.0,0.070287764,0.0,0.0,0.0,0.0,0.0,0.13772605,0.0,0.00059738336,0.010109393,0.0,0.035614826,0.002744601,0.0,0.019343577,0.50136685,-0.043107126,0.023936177,0.10316369,0.0,-0.0015209079,0.0006897679,0.2313862,0.00047790786
-0.022869047,-0.52353877,-0.15122505,-0.085585184,-0.00029844118,0.0,0.0,0.0,0.02215447,0.0,-0.004486008,0.0,-0.08544655,0.0,-0.0007462308,-0.00021668678,-0.12764552,0.0,0.22053254,0.0,0.0,0.020362506,0.0,0.0,0.0,0.0,0.0,0.10404518,0.0,0.0007378072,-0.009753089,0.0,-0.032644883,0.002744601,0.0,0.14662382,-0.68960583,0.15880366,0.031910494,-0.17376238,0.0,-0.001837999,-0.004291843,-0.1686395,0.001407335
-0.020645624,-0.37121508,-0.21513933,-0.08367227,8.831959e-05,0.0,0.0,0.0,-0.074639454,0.0,0.012503779,0.0,0.044721093,0.0,-0.00041246324,-0.0015942659,-0.12852193,0.0,-0.2227114,0.0,0.0,0.08719929,0.0,0.0,0.0,0.0,0.0,-0.24393557,0.0,-0.012828371,0.0037387437,0.0,0.031439926,0.0010527901,0.0,0.07309928,-0.84314775,-0.16574232,-0.23739758,-0.08852301,0.0,0.0044905534,0.0004675381,-0.1926906,0.00047790786
-0.013241807,-0.39119792,-0.035149146,0.0014678619,0.00037425695,0.0,0.0,0.0,0.013150646,0.0,-0.0028311147,0.0,0.055222623,0.0,0.0008860773,0.00013513495,0.20657696,0.0,-0.265867,0.0,0.0,0.028195476,0.0,0.0,0.0,0.0,0.0,0.11992062,0.0,0.0008712949,-0.009753089,0.0,-0.030261122,-0.002082019,0.0,-0.036826875,0.5564283,-0.026733205,0.043093268,0.07568501,0.0,-0.0014559947,-0.0066033686,-0.21406525,0.001407335
-0.009540075,0.15706539,-0.16288821,-0.0018938226,-0.0037612498,0.0,0.0,0.0,-0.09967817,0.0,0.012914714,0.0,0.09709208,0.0,-0.00083217025,-0.0015942659,-0.3687434,0.0,-0.3552879,0.0,0.0,0.09507789,0.0,0.0,0.0,0.0,0.0,-0.32792175,0.0,-0.008064239,-0.0036069527,0.0,-0.020936972,-0.0007986329,0.0,-0.017821584,0.46298194,-0.026857154,0.056650635,0.082284056,0.0,0.0009273448,0.0004675381,0.22592373,0.001407335
-0.012490284,-0.049226068,-0.6812265,-0.032253187,0.003346783,0.0,0.0,0.0,0.017643085,0.0,-0.0045834514,0.0,-0.14124034,0.0,-0.00083217025,0.0011452292,-0.3768193,0.0,-0.2905587,0.0,0.0,-0.057103176,0.0,0.0,0.0,0.0,0.0,-0.280264,0.0,0.0007378072,0.0037387437,0.0,-0.027803997,0.0010527901,0.0,-0.036955625,0.47595826,-0.026857154,0.07603893,0.0624291,0.0,-0.017787745,0.0005507715,-0.13012889,-0.0044233957
-0.019733233,-0.49285144,-0.0772369,-0.09567174,-0.00029844118,0.0,0.0,0.0,0.011172745,0.0,-0.0028311147,0.0,-0.08512825,0.0,-0.0007462308,0.0011452292,0.1945443,0.0,0.12941048,0.0,0.0,0.019998552,0.0,0.0,0.0,0.0,0.0,0.113679364,0.0,0.0008712949,-0.009753089,0.0,-0.03443668,-0.002082019,0.0,-0.036651637,0.54436964,-0.030314967,0.030394895,-0.15688287,0.0,-0.001837999,0.0006897679,-0.19041649,-0.0044233957
-0.015786584,-0.7341919,-0.03191696,-0.06542988,-9.90548e-05,0.0,0.0,0.0,-0.10613745,0.0,-0.0028311147,0.0,-0.109095044,0.0,-0.00041246324,0.0011452292,0.19566318,0.0,-0.25703397,0.0,0.0,-0.07686879,0.0,0.0,0.0,0.0,0.0,0.11417665,0.0,0.00059738336,-0.009753089,0.0,-0.011062326,-0.002082019,0.0,-0.018002236,0.5165014,-0.026733205,0.046624612,-0.1437609,0.0,-0.0020844107,0.00056854245,0.1724505,0.001407335
-0.011669214,-0.43953434,0.5709709,-0.021486005,0.00038571784,0.0,0.0,0.0,0.025465826,0.0,-0.0028311147,0.0,0.045348056,0.0,0.001603096,0.0011452292,0.09315571,0.0,0.17345068,0.0,0.0,-0.075130865,0.0,0.0,0.0,0.0,0.0,0.12657365,0.0,0.0008712949,0.010109393,0.0,0.047802646,0.0012553849,0.0,0.07309928,-0.902082,-0.17999788,-0.11586337,0.098197,0.0,0.006839446,0.0006897679,-0.17169127,0.00047790786
-0.021164179,0.13736247,-0.15881513,-0.006299507,0.0033541908,0.0,0.0,0.0,0.024005726,0.0,-0.0047195475,0.0,0.07510435,0.0,0.0054231794,-0.0018972601,-0.13875572,0.0,0.24442895,0.0,0.0,0.042806398,0.0,0.0,0.0,0.0,0.0,-0.18132037,0.0,-0.015147548,0.0037387437,0.0,0.043035194,0.0010527901,0.0,0.14750935,-0.701985,0.15968803,0.057099145,-0.21288688,0.0,-0.0016245872,0.0005887636,-0.17354438,-0.0015021125
-0.019155858,0.26462013,-0.11590729,-0.0012332385,0.0013894028,0.0,0.0,0.0,0.028677428,0.0,-0.0047195475,0.0,0.10758522,0.0,0.0054231794,-0.0018972601,-0.35107982,0.0,0.20248978,0.0,0.0,0.07311715,0.0,0.0,0.0,0.0,0.0,0.1463095,0.0,0.00046389567,-0.009753089,0.0,-0.023615282,-0.002082019,0.0,-0.017821584,0.49141356,-0.030314967,0.022483882,-0.25539684,0.0,-0.0024887328,0.0005887636,0.2469805,0.001407335
-0.009170315,-0.20412424,0.019415917,-0.16396298,0.00082032394,0.0,0.0,0.0,0.02014675,0.0,-0.010513625,0.0,0.091235735,0.0,0.0008860773,0.0011452292,0.24646933,0.0,-0.28265607,0.0,0.0,0.053091165,0.0,0.0,0.0,0.0,0.0,-0.27691087,0.0,-0.010383418,-0.0036069527,0.0,-0.018914731,-0.0007986329,0.0,-0.01817747,0.5425642,-0.026857154,0.06711651,0.058988687,0.0,-0.0033421358,0.00056854245,0.24301413,0.001407335
-0.0131103005,0.047149584,-0.14484969,-0.030427922,-0.0037612498,0.0,0.0,0.0,0.013745032,0.0,-0.0047195475,0.0,-0.113373876,0.0,-0.0025244548,-0.0018972601,-0.37042522,0.0,0.17014909,0.0,0.0,-0.042118855,0.0,0.0,0.0,0.0,0.0,-0.2574729,0.0,-0.012828371,-0.0036069527,0.0,-0.028284147,-0.0007986329,0.0,-0.03410389,0.45758256,-0.030438917,0.060968727,0.07446011,0.0,0.0011737567,0.0005887636,-0.13883534,-0.0044233957
-0.016252778,-0.13828994,-0.1988803,-0.0067396024,-0.0011967476,0.0,0.0,0.0,-0.044641316,0.0,-0.004486008,0.0,0.043761592,0.0,0.0008860773,-0.00021668678,-0.1393631,0.0,-0.26284584,0.0,0.0,0.07496179,0.0,0.0,0.0,0.0,0.0,-0.26861715,0.0,-0.012828371,-0.0036069527,0.0,-0.02060337,-0.0007986329,0.0,-0.07653732,-0.90273154,-0.08801111,-0.2296369,0.053929757,0.0,0.0015780787,-0.004013705,-0.21162061,0.001407335
-0.021778181,-0.47158992,-0.3023795,-0.14070979,0.0001476258,0.0,0.0,0.0,0.028533693,0.0,-0.019792344,0.0,0.047008134,0.0,0.0008860773,0.0011452292,-0.13794528,0.0,-0.24378161,0.0,0.0,-0.052105695,0.0,0.0,0.0,0.0,0.0,-0.26204562,0.0,0.0007378072,0.0037387437,0.0,-0.030217405,0.0010527901,0.0,-0.07653732,-0.9026508,-0.08801111,-0.28074378,-0.09457655,0.0,-0.014379371,0.00056854245,-0.1729556,-0.0044233957
-0.013968485,-1.4048018,0.42403936,0.008570147,-0.0016374681,0.0,0.0,0.0,0.041294515,0.0,-0.0028311147,0.0,0.045893945,0.0,0.0008860773,0.0011452292,0.084650666,0.0,-0.42399892,0.0,0.0,-0.06748939,0.0,0.0,0.0,0.0,0.0,0.15673569,0.0,0.00059738336,0.010109393,0.0,0.029086044,0.0012553849,0.0,0.01862815,-0.9162415,-0.15571195,-0.16562249,0.0948836,0.0,-0.004798689,0.020414108,0.22786362,0.00047790786
-0.011274625,0.5710411,0.11269853,-0.004077354,-0.019408831,0.0,0.0,0.0,0.018156113,0.0,-0.0042897584,0.0,0.091886394,0.0,0.0054231794,0.0011452292,0.26192343,0.0,0.22261985,0.0,0.0,0.033347234,0.0,0.0,0.0,0.0,0.0,-0.2617323,0.0,-0.015147548,-0.0036069527,0.0,-0.033679582,0.0010527901,0.0,0.035995018,0.5826675,-0.041078124,0.06850876,0.08790861,0.0,-0.0037075796,0.0006897679,-0.15704824,0.001407335
-0.017754905,0.4045402,0.1308028,-0.027098138,-0.0073067714,0.0,0.0,0.0,0.02803364,0.0,-0.0042897584,0.0,0.104974054,0.0,0.0017877159,0.0011452292,0.21007526,0.0,-0.3694654,0.0,0.0,0.072292,0.0,0.0,0.0,0.0,0.0,0.12151846,0.0,0.00059738336,0.010109393,0.0,0.04539674,-0.002082019,0.0,-0.017821584,0.6088406,-0.026733205,0.034892455,-0.2525994,0.0,-0.0024887328,0.00056854245,0.21033575,0.00047790786
-0.012190677,-0.4146071,0.6755402,-0.0276164,-0.0016374681,0.0,0.0,0.0,0.035909712,0.0,-0.0028311147,0.0,0.03763988,0.0,0.0008860773,0.00013513495,0.09389431,0.0,-0.20038414,0.0,0.0,0.05786384,0.0,0.0,0.0,0.0,0.0,0.08182451,0.0,0.0008712949,0.010109393,0.0,0.057236277,0.0012553849,0.0,0.14704137,-0.73759216,0.12903547,0.035681788,0.08075222,0.0,-0.0022377435,-0.0066033686,-0.17243466,0.00047790786
-0.021211442,-0.523888,0.20472668,-0.07957283,0.0024119657,0.0,0.0,0.0,0.019247552,0.0,-0.0028311147,0.0,0.06022633,0.0,0.001603096,0.0011452292,0.1934987,0.0,0.12041726,0.0,0.0,0.037356455,0.0,0.0,0.0,0.0,0.0,0.097581044,0.0,0.0008712949,0.010109393,0.0,0.042401567,0.002744601,0.0,0.041109182,0.47840258,-0.043107126,0.032636676,-0.23865953,0.0,0.006968894,0.0006897679,-0.21232605,0.00047790786
0.04681341,0.36360368,0.123315774,-0.006993565,0.005501175,0.0,0.0,0.0,0.02803364,0.0,-0.0042897584,0.0,0.13127643,0.0,0.0054231794,0.00082474446,0.2284706,0.0,0.20560247,0.0,0.0,0.06490719,0.0,0.0,0.0,0.0,0.0,0.15574886,0.0,0.00059738336,0.010109393,0.0,0.04030389,-0.002082019,0.0,-0.017821584,0.5985819,-0.030314967,0.02406421,0.08654834,0.0,-0.0015209079,0.0006897679,0.21624587,0.00047790786
-0.022589354,0.8855991,-0.0128655275,0.21885,0.0013894028,0.0,0.0,0.0,0.008442801,0.0,-0.0047603124,0.0,-0.069187135,0.0,-0.0025244548,0.012792513,0.17331843,0.0,0.15701197,0.0,0.0,0.026806526,0.0,0.0,0.0,0.0,0.0,0.1928331,0.0,0.010916204,-0.0041200104,0.0,-0.021660576,-0.002082019,0.0,-0.028935755,0.644544,-0.030314967,0.036680486,-0.1917273,0.0,0.006277736,0.003116047,-0.16142371,0.0005919774
-0.021101652,-0.01282212,-0.31906515,-0.03143862,0.0038481215,0.0,0.0,0.0,0.015716521,0.0,-0.0045834514,0.0,-0.081817724,0.0,-0.00041246324,0.0011452292,-0.13139227,0.0,-0.21540135,0.0,0.0,-0.041956577,0.0,0.0,0.0,0.0,0.0,-0.19239964,0.0,0.0007378072,0.0037387437,0.0,-0.029505586,0.0010527901,0.0,-0.15615508,-0.8592499,0.081996046,0.07862926,-0.12383416,0.0,0.08364512,0.00056854245,-0.13275151,0.001407335
-0.018268451,-0.39385206,0.0415539,-0.036289938,-0.0046427855,0.0,0.0,0.0,0.015435695,0.0,-0.0028311147,0.0,-0.117696755,0.0,-0.0007462308,0.0011452292,0.18768531,0.0,0.14870653,0.0,0.0,0.042673923,0.0,0.0,0.0,0.0,0.0,0.12631646,0.0,0.00059738336,0.010109393,0.0,0.05546603,0.002744601,0.0,0.018926028,0.52145123,-0.040954176,0.023914117,-0.20106378,0.0,-0.0019022179,0.0006897679,0.21431231,0.00047790786
-0.013063697,0.44783166,-0.36536393,0.01348864,0.003346783,0.0,0.0,0.0,0.017643085,0.0,-0.0045834514,0.0,-0.092073604,0.0,-0.00083217025,0.0011452292,-0.27224296,0.0,-0.35408843,0.0,0.0,-0.045798384,0.0,0.0,0.0,0.0,0.0,-0.36005694,0.0,0.0007378072,0.0023605714,0.0,-0.020599214,0.0010527901,0.0,-0.028935755,0.53419626,-0.026857154,0.08037615,0.066815086,0.0,-0.017787745,0.00056854245,-0.111918576,-0.0044233957
-0.014984242,-0.3510774,-0.7766747,-0.10890929,0.00082032394,0.0,0.0,0.0,0.015824536,0.0,-0.012032424,0.0,-0.1289162,0.0,-0.00041246324,0.00013513495,-0.33695087,0.0,-0.2549417,0.0,0.0,-0.057103176,0.0,0.0,0.0,0.0,0.0,-0.30916503,0.0,0.0007378072,0.0037387437,0.0,-0.029505586,0.0010527901,0.0,-0.036955625,0.4615276,-0.026857154,0.075710684,0.14948353,0.0,-0.022239419,-0.0065646917,-0.13233279,0.001407335
-0.018200913,-1.310505,-0.4250424,-0.13747044,0.0001476258,0.0,0.0,0.0,0.014101056,0.0,-0.019792344,0.0,-0.06058062,0.0,-0.00041246324,0.00013513495,-0.10561399,0.0,-0.38508022,0.0,0.0,-0.048343007,0.0,0.0,0.0,0.0,0.0,-0.28724575,0.0,0.0007378072,0.0037387437,0.0,-0.022044288,0.0010527901,0.0,-0.07636209,-0.9123302,-0.09310598,-0.2953324,-0.121775925,0.0,-0.036203764,-0.051868074,-0.18463862,0.001407335
-0.020774523,-0.4591499,-0.27048007,-0.12469556,0.0001476258,0.0,0.0,0.0,0.028425679,0.0,-0.019792344,0.0,0.047008134,0.0,0.0008860773,0.0011452292,-0.13794528,0.0,-0.24378161,0.0,0.0,-0.052105695,0.0,0.0,0.0,0.0,0.0,-0.2644764,0.0,0.0007378072,0.0037387437,0.0,-0.028425612,0.0010527901,0.0,-0.07653732,-0.9026508,-0.08801111,-0.28074378,-0.086343236,0.0,0.051310144,0.00056854245,-0.17304459,0.001407335
-0.011187019,-0.6365527,0.5071938,-0.051607054,-0.0016374681,0.0,0.0,0.0,0.02868105,0.0,-0.0028311147,0.0,0.045348056,0.0,0.001603096,0.0011452292,0.088078335,0.0,0.17003547,0.0,0.0,-0.056258213,0.0,0.0,0.0,0.0,0.0,0.09480112,0.0,0.0008712949,0.010109393,0.0,0.037968814,0.002744601,0.0,0.14704137,-0.70337856,0.14030385,0.032399457,0.09587795,0.0,0.005653361,0.0006897679,-0.16110808,0.00047790786
-0.008726221,-0.23099647,0.030222045,-0.03597042,-0.0041601597,0.0,0.0,0.0,0.016068285,0.0,-0.002185993,0.0,-0.14445937,0.0,-0.0007462308,0.0011452292,0.20889561,0.0,0.16087706,0.0,0.0,0.04291126,0.0,0.0,0.0,0.0,0.0,0.15943864,0.0,0.00059738336,0.010109393,0.0,0.05546603,0.002744601,0.0,0.018926028,0.5390507,-0.040954176,0.023914117,0.08679746,0.0,-0.0015202136,0.0006897679,0.22073811,0.00047790786
-0.020780124,-0.82306886,-0.2825105,-0.13696465,0.0001476258,0.0,0.0,0.0,0.02089388,0.0,-0.019792344,0.0,0.045911424,0.0,0.0008860773,0.00013513495,-0.13794528,0.0,-0.34179038,0.0,0.0,-0.052105695,0.0,0.0,0.0,0.0,0.0,-0.2954933,0.0,0.0007378072,0.0037387437,0.0,-0.028425612,0.0010527901,0.0,-0.07653732,-0.9123302,-0.09310598,-0.2953324,-0.12789737,0.0,-0.014379371,-0.0066033686,-0.1729556,0.001407335
-0.010429267,0.9076191,0.021449246,0.17104506,-0.0012802833,0.0,0.0,0.0,0.010332015,0.0,-0.0047603124,0.0,-0.12870277,0.0,-0.0025244548,0.012792513,0.1870372,0.0,0.16537304,0.0,0.0,0.041775316,0.0,0.0,0.0,0.0,0.0,0.22995882,0.0,0.0056710923,-0.0041200104,0.0,-0.022140728,-0.002082019,0.0,-0.016514113,0.61489743,-0.030314967,0.02515618,0.088204585,0.0,-0.0015161962,0.003116047,0.20425794,0.0005919774
-0.020780124,-0.8062471,-0.28584656,-0.13635164,-0.000549158,0.0,0.0,0.0,-0.06993492,0.0,-0.019792344,0.0,0.03622907,0.0,0.0008860773,0.00013513495,-0.13794528,0.0,-0.34179038,0.0,0.0,-0.057019304,0.0,0.0,0.0,0.0,0.0,-0.29605415,0.0,0.0007378072,0.0037387437,0.0,-0.014197413,0.0010527901,0.0,-0.07653732,-0.9123302,-0.09310598,-0.2953324,-0.13315704,0.0,-0.014561566,-0.0066033686,-0.15190676,0.001407335
-0.024828985,-0.28012505,-0.39186513,-0.10832407,0.0013216623,0.0,0.0,0.0,0.015191946,0.0,-0.019792344,0.0,-0.07450958,0.0,-0.00041246324,0.0011452292,-0.14377964,0.0,-0.20382985,0.0,0.0,-0.041956577,0.0,0.0,0.0,0.0,0.0,-0.19712849,0.0,0.0007378072,0.0037387437,0.0,-0.031297382,0.0010527901,0.0,-0.15615508,-0.8357535,0.081996046,0.07830102,-0.11528253,0.0,-0.025037764,0.00056854245,-0.10287339,-0.0044233957
-0.011237687,-0.5466398,0.50654995,-0.060974505,0.008717025,0.0,0.0,0.0,-0.056658454,0.0,-0.0028311147,0.0,0.048680272,0.0,0.0008860773,0.0011452292,0.09497801,0.0,-0.22817639,0.0,0.0,0.039967667,0.0,0.0,0.0,0.0,0.0,-0.16310684,0.0,-0.015147548,-0.0036069527,0.0,-0.023527889,0.0010527901,0.0,0.14704137,-0.75349325,0.15252368,0.08546134,0.058860473,0.0,-0.005146305,0.00056854245,-0.122222185,0.001407335
-0.012259522,-0.4277148,-0.47303712,-0.1273055,0.003349129,0.0,0.0,0.0,0.022959486,0.0,-0.019792344,0.0,-0.1302926,0.0,-0.00041246324,0.0011452292,-0.17385057,0.0,-0.25825423,0.0,0.0,-0.09546184,0.0,0.0,0.0,0.0,0.0,-0.26315105,0.0,0.00046389567,0.0037387437,0.0,-0.029985737,0.0010527901,0.0,-0.095883735,-0.7909851,0.081996046,0.06967126,0.039787695,0.0,-0.022303639,0.00056854245,0.19574757,0.001407335
-0.010830529,0.48591533,0.4602943,-0.00035169703,-0.006824146,0.0,0.0,0.0,0.02389771,0.0,-0.0042897584,0.0,0.09842615,0.0,0.0054231794,0.0011452292,0.23742796,0.0,0.1798939,0.0,0.0,0.04945503,0.0,0.0,0.0,0.0,0.0,0.13364351,0.0,0.0008712949,0.010109393,0.0,0.05542542,0.002744601,0.0,0.035995018,0.5555717,-0.043107126,0.03584238,0.1382071,0.0,0.0073685125,0.0006897679,-0.17769556,0.00047790786
-0.022777371,0.57148105,-0.15318349,0.07247863,0.0013894028,0.0,0.0,0.0,0.019052375,0.0,-0.0047195475,0.0,-0.0932302,0.0,-0.0025244548,-0.0018972601,-0.23763399,0.0,0.19638394,0.0,0.0,-0.043369647,0.0,0.0,0.0,0.0,0.0,0.1560027,0.0,0.0007378072,-0.0079009235,0.0,-0.020599214,-0.002082019,0.0,-0.028935755,0.5660096,-0.030314967,0.037798844,-0.19800639,0.0,-0.002424514,0.0005887636,-0.13198642,-0.0044233957
-0.018837385,-0.2397913,-0.06514905,-0.19103275,-0.0012292701,0.0,0.0,0.0,0.010452529,0.0,-0.010513625,0.0,-0.13197367,0.0,-0.0007462308,0.0011452292,0.20994121,0.0,0.14013112,0.0,0.0,0.034730006,0.0,0.0,0.0,0.0,0.0,0.13810156,0.0,0.00059738336,-0.009753089,0.0,-0.030741272,-0.002082019,0.0,-0.018002236,0.54420364,-0.030314967,0.021765126,-0.2241235,0.0,-0.0069404067,0.0006897679,0.24836072,0.001407335
-0.014050781,0.9461544,0.23060273,0.16801398,-0.019612174,0.0,0.0,0.0,0.015513752,0.0,-0.0047603124,0.0,0.075754285,0.0,0.0054231794,-0.006707067,0.17582417,0.0,0.19634247,0.0,0.0,-0.034548897,0.0,0.0,0.0,0.0,0.0,0.19561657,0.0,0.010916204,-0.0041200104,0.0,-0.024959115,0.002744601,0.0,0.035995018,0.6129347,-0.040954176,0.046240445,0.102763295,0.0,-0.0014519775,-0.06908574,-0.13867965,0.0005919774
-0.018247519,-1.2855101,-0.21436734,-0.02437048,-0.000549158,0.0,0.0,0.0,-0.0690427,0.0,0.012503779,0.0,0.031980313,0.0,-0.00041246324,8.630735e-05,-0.10188865,0.0,-0.3936028,0.0,0.0,-0.056251932,0.0,0.0,0.0,0.0,0.0,-0.26988384,0.0,-0.012828371,-0.0036069527,0.0,-0.010143792,-0.0007986329,0.0,-0.07653732,-0.9077966,-0.09310598,-0.2953324,-0.13315704,0.0,-0.012386271,-0.04927841,-0.21308224,0.001407335
-0.02392322,-0.35712594,-0.13694763,-0.14264229,0.0013216623,0.0,0.0,0.0,0.01942802,0.0,0.054397523,0.0,0.049074784,0.0,-0.00041246324,-0.0015942659,-0.29936832,0.0,-0.23718455,0.0,0.0,0.032368716,0.0,0.0,0.0,0.0,0.0,-0.23128909,0.0,-0.012828371,-0.0036069527,0.0,-0.030849716,-0.0007986329,0.0,-0.036826875,0.4531041,-0.026857154,0.06456164,-0.11307964,0.0,0.018949352,0.0004675381,-0.18173935,0.001407335
-0.009860332,0.9332956,0.16344583,0.15968598,-0.0041398373,0.0,0.0,0.0,0.015375879,0.0,-0.0047603124,0.0,-0.13107774,0.0,-0.0025244548,0.012792513,0.16750503,0.0,0.188548,0.0,0.0,0.049719233,0.0,0.0,0.0,0.0,0.0,0.20586458,0.0,0.0056710923,0.0042706355,0.0,0.043826975,0.002744601,0.0,0.017742842,0.61441404,-0.040954176,0.027365005,0.09057338,0.0,-0.0015161962,0.003116047,0.15853952,0.0003059106
-0.015314841,-0.3300878,-0.0685251,-0.05680474,-0.0016861674,0.0,0.0,0.0,-0.067969985,0.0,-0.004486008,0.0,-0.06092873,0.0,-0.00041246324,-0.0018972601,-0.14459714,0.0,-0.24088074,0.0,0.0,-0.05035885,0.0,0.0,0.0,0.0,0.0,-0.19765337,0.0,-0.015147548,0.0037387437,0.0,0.014683345,0.0010527901,0.0,0.14662382,-0.68283576,0.14841963,0.09100126,0.035429552,0.0,0.0015780787,0.0004675381,-0.06323065,-0.0015021125
-0.014326894,-0.48920608,-0.29445133,-0.11924138,0.003349129,0.0,0.0,0.0,0.020785864,0.0,-0.019792344,0.0,0.051377296,0.0,0.0008860773,0.0011452292,-0.13794528,0.0,-0.2834698,0.0,0.0,-0.052973412,0.0,0.0,0.0,0.0,0.0,-0.3090887,0.0,0.0007378072,0.0037387437,0.0,-0.028905764,0.0010527901,0.0,-0.07653732,-0.9040666,-0.08801111,-0.28074378,0.03823806,0.0,0.041673288,0.00056854245,-0.17447004,0.001407335
-0.016206173,-0.2842949,-0.40581816,-0.103360444,-0.0011967476,0.0,0.0,0.0,0.015191946,0.0,-0.019792344,0.0,-0.079211846,0.0,-0.00041246324,0.00013513495,-0.14377964,0.0,-0.23581396,0.0,0.0,-0.0428243,0.0,0.0,0.0,0.0,0.0,-0.23439826,0.0,0.0007378072,0.0037387437,0.0,-0.029985737,0.0010527901,0.0,-0.15615508,-0.83716935,0.081996046,0.07830102,0.050884593,0.0,-0.022239419,-0.0066033686,-0.10429884,0.001407335
-0.008781608,0.3240211,-0.10212163,-0.03124236,0.0008880644,0.0,0.0,0.0,0.022292038,0.0,-0.0042897584,0.0,0.13127643,0.0,0.0054231794,0.0011452292,0.23161457,0.0,0.19321653,0.0,0.0,0.05696327,0.0,0.0,0.0,0.0,0.0,0.17448318,0.0,0.00059738336,-0.009753089,0.0,-0.030231468,-0.002082019,0.0,-0.017821584,0.5981288,-0.030314967,0.022483882,0.1149522,0.0,-0.0021067285,0.0006897679,0.25704524,0.001407335
0.13702457,0.5564339,-0.169072,0.13692571,-0.0017629091,0.0,0.0,0.0,0.01720201,0.0,-0.0047195475,0.0,-0.088192955,0.0,-0.0025244548,-0.0013644537,-0.22840738,0.0,0.19293325,0.0,0.0,0.034514755,0.0,0.0,0.0,0.0,0.0,0.17264168,0.0,0.0007378072,-0.0041200104,0.0,-0.024369396,-0.002082019,0.0,-0.028935755,0.5675983,-0.030314967,0.032470018,-0.14715493,0.0,0.0001948812,0.0005887636,-0.15517753,-0.0044233957
-0.019318849,0.88655597,-0.20659868,0.08578822,-0.0006428057,0.0,0.0,0.0,0.014672729,0.0,-0.007687144,0.0,-0.09044561,0.0,-0.0025244548,-0.021194363,-0.23913303,0.0,0.1657717,0.0,0.0,0.03320638,0.0,0.0,0.0,0.0,0.0,0.1983098,0.0,0.008358839,0.0042706355,0.0,0.031461656,-0.002082019,0.0,-0.028935755,0.57225776,-0.030314967,0.036680486,0.08554251,0.0,-0.0014519775,0.0011661218,-0.1696225,-0.00096150785
-0.010429267,0.9076191,0.021449246,0.17104506,-0.0012802833,0.0,0.0,0.0,0.010332015,0.0,-0.0047603124,0.0,-0.12870277,0.0,-0.0025244548,0.012792513,0.1870372,0.0,0.16537304,0.0,0.0,0.041775316,0.0,0.0,0.0,0.0,0.0,0.22995882,0.0,0.0056710923,-0.0041200104,0.0,-0.022140728,-0.002082019,0.0,-0.016514113,0.61489743,-0.030314967,0.02515618,0.088204585,0.0,-0.0015161962,0.003116047,0.20425794,0.0005919774
-0.020651225,-0.8613861,-0.087167494,-0.05670138,-0.0039626732,0.0,0.0,0.0,-0.08931732,0.0,-0.004486008,0.0,0.041557733,0.0,0.0008860773,-0.00021668678,-0.13748135,0.0,-0.34665412,0.0,0.0,-0.06405514,0.0,0.0,0.0,0.0,0.0,-0.27972463,0.0,-0.015147548,0.0037387437,0.0,0.028919524,0.0010527901,0.0,0.07309928,-0.8571537,-0.17083718,-0.32660896,-0.13074602,0.0,-0.0012202652,-0.004013705,-0.12499474,0.00047790786
0.075988546,-0.39533478,-0.11482617,-0.21383417,0.00082032394,0.0,0.0,0.0,0.01717856,0.0,-0.019928439,0.0,0.092862345,0.0,0.001603096,-0.0013644537,-0.31256393,0.0,0.1731752,0.0,0.0,0.062448833,0.0,0.0,0.0,0.0,0.0,-0.31512123,0.0,-0.010383418,-0.0036069527,0.0,-0.028743288,0.0010527901,0.0,0.019343577,0.4194737,-0.041078124,0.04544233,0.048870903,0.0,-0.0027563153,0.0005887636,0.24120216,0.001407335
-0.008875272,-0.12647244,0.030568479,-0.111799516,-0.0009003488,0.0,0.0,0.0,0.02014675,0.0,-0.0042897584,0.0,0.12354885,0.0,0.001603096,0.0011452292,0.1969984,0.0,0.17165288,0.0,0.0,0.044829186,0.0,0.0,0.0,0.0,0.0,0.15977903,0.0,0.00059738336,-0.009753089,0.0,-0.019394884,0.002744601,0.0,0.019343577,0.5390507,-0.040954176,0.024302198,0.11019784,0.0,-0.0021067285,0.0006897679,0.2658563,0.001407335
-0.022869047,-0.37198368,-0.1387989,-0.06723632,-0.00029844118,0.0,0.0,0.0,-0.0624707,0.0,-0.004486008,0.0,-0.068020254,0.0,-0.0007462308,-0.00021668678,-0.13476133,0.0,0.22053254,0.0,0.0,0.023591058,0.0,0.0,0.0,0.0,0.0,0.10404518,0.0,0.0007378072,-0.009753089,0.0,-0.022506982,0.002744601,0.0,0.14662382,-0.6967216,0.15880366,0.031910494,-0.17376238,0.0,-0.0020201919,-0.004291843,-0.15511404,0.001407335
-0.008244025,-0.47310874,0.4739737,-0.021842994,0.00038571784,0.0,0.0,0.0,-0.1583673,0.0,-0.0028311147,0.0,0.083995804,0.0,0.001603096,0.0011452292,0.10508215,0.0,0.18412991,0.0,0.0,-0.13536973,0.0,0.0,0.0,0.0,0.0,0.108681984,0.0,0.00059738336,0.010109393,0.0,0.031378224,0.002744601,0.0,0.08782441,-0.7454514,0.14030385,0.02770737,0.09980634,0.0,-0.0017024063,0.0006897679,0.17941968,0.00047790786
0.07350409,-0.42086735,-0.086204916,-0.05995976,-0.00010916684,0.0,0.0,0.0,0.034440227,0.0,0.0335603,0.0,0.10277702,0.0,-0.0007462308,-0.0010614597,-0.29642972,0.0,0.18079343,0.0,0.0,-0.10464038,0.0,0.0,0.0,0.0,0.0,0.17824948,0.0,0.00046389567,0.010109393,0.0,0.033744022,0.002744601,0.0,0.019343577,0.43559754,-0.040954176,0.02743265,0.061753202,0.0,-0.00093439256,0.0005887636,0.19947922,0.00047790786
-0.024828985,-0.27640015,-0.31745398,-0.096608095,-0.000549158,0.0,0.0,0.0,-0.0725717,0.0,-0.019792344,0.0,0.0465921,0.0,0.0008860773,0.0011452292,-0.14377964,0.0,-0.24378161,0.0,0.0,-0.07040453,0.0,0.0,0.0,0.0,0.0,-0.26260647,0.0,0.0007378072,0.0037387437,0.0,-0.014314911,0.0010527901,0.0,-0.077973545,-0.9151868,-0.08801111,-0.28074378,-0.099117644,0.0,-0.014561566,0.00056854245,-0.14060205,-0.0044233957
-0.025808502,0.8119582,-0.17684466,0.11995863,0.0013894028,0.0,0.0,0.0,0.024554113,0.0,-0.007687144,0.0,-0.09227647,0.0,-0.0025244548,-0.021194363,-0.2700437,0.0,0.17036839,0.0,0.0,-0.087659076,0.0,0.0,0.0,0.0,0.0,0.18026073,0.0,0.0031137276,-0.0041200104,0.0,-0.017441306,-0.002082019,0.0,-0.016514113,0.5553123,-0.030314967,0.031620212,-0.20043984,0.0,-0.0018982007,0.0011661218,0.15286331,0.0005919774
-0.015201648,-0.3902579,-0.02342188,-0.05085671,-0.0043957387,0.0,0.0,0.0,-0.07855734,0.0,-0.004486008,0.0,0.056798432,0.0,0.001603096,-0.00021668678,-0.14301096,0.0,0.2660819,0.0,0.0,-0.051983155,0.0,0.0,0.0,0.0,0.0,-0.20962714,0.0,-0.015147548,0.0037387437,0.0,-0.0009194622,0.0010527901,0.0,0.14704137,-0.637575,0.15968803,0.07334072,0.05670283,0.0,0.0015780787,-0.004291843,-0.11354024,0.00047790786
0.1132435,-0.44615826,0.041942265,-0.08503203,-9.90548e-05,0.0,0.0,0.0,0.0129539445,0.0,-0.0028311147,0.0,-0.14020889,0.0,-0.00041246324,0.00082474446,0.19077179,0.0,-0.24918301,0.0,0.0,0.042352155,0.0,0.0,0.0,0.0,0.0,0.12112676,0.0,0.00059738336,-0.009753089,0.0,-0.01787705,0.002744601,0.0,0.018926028,0.53259534,-0.037372414,0.0348022,-0.094364405,0.0,-0.001316397,0.00056854245,0.15230677,0.001407335
-0.0153771555,-0.50919366,-0.20282008,-0.022803241,0.003349129,0.0,0.0,0.0,-0.06330085,0.0,-0.004486008,0.0,0.04674913,0.0,0.0008860773,-0.00021668678,-0.13794528,0.0,-0.2524869,0.0,0.0,-0.03803262,0.0,0.0,0.0,0.0,0.0,-0.22003503,0.0,-0.015147548,-0.0036069527,0.0,-0.011062326,-0.0007986329,0.0,-0.15602632,-0.8112536,0.081996046,0.07830102,0.041392777,0.0,0.0015780787,-0.004013705,-0.14289717,0.001407335
-0.015935063,-0.32366753,-0.25802723,-0.12281535,-0.0039018083,0.0,0.0,0.0,-0.06522952,0.0,0.054397523,0.0,0.043761592,0.0,-0.00041246324,8.630735e-05,-0.13563775,0.0,-0.24946047,0.0,0.0,0.030065892,0.0,0.0,0.0,0.0,0.0,-0.2154354,0.0,-0.012828371,-0.0036069527,0.0,-0.020711815,-0.0007986329,0.0,-0.15602632,-0.836678,0.081996046,0.06456164,0.039847087,0.0,-0.0034601106,-0.004013705,-0.18029697,0.001407335
-0.014197989,-0.46170208,-0.24983512,-0.092082724,0.003986607,0.0,0.0,0.0,0.024551252,0.0,0.012503779,0.0,0.05025418,0.0,-0.00041246324,-0.0015942659,-0.12852193,0.0,-0.24852377,0.0,0.0,0.032006364,0.0,0.0,0.0,0.0,0.0,-0.23350412,0.0,-0.012828371,0.0037387437,0.0,0.045697637,-0.0007986329,0.0,-0.15602632,-0.81618243,0.081996046,0.06456164,0.034326952,0.0,-0.005422732,0.0004675381,-0.20847644,0.00047790786
-0.008726221,-0.317957,-0.0024220971,-0.08141613,-0.0036061984,0.0,0.0,0.0,0.026003558,0.0,-0.011517948,0.0,-0.1203313,0.0,-0.0007462308,0.0011452292,0.22321771,0.0,0.16650383,0.0,0.0,-0.06152853,0.0,0.0,0.0,0.0,0.0,0.14884262,0.0,0.00059738336,0.010109393,0.0,0.045343954,-0.002082019,0.0,-0.018002236,0.5395421,-0.030314967,0.02896408,0.08164527,0.0,-0.0015202136,0.0006897679,0.22981715,0.00047790786
-0.011669214,-0.49356988,0.33681688,-0.028898899,0.0030846638,0.0,0.0,0.0,-0.06387947,0.0,-0.0028311147,0.0,0.06342353,0.0,0.001603096,0.0011452292,0.1934987,0.0,0.14183575,0.0,0.0,0.054238074,0.0,0.0,0.0,0.0,0.0,0.11155962,0.0,0.0008712949,0.010109393,0.0,0.028942715,0.002744601,0.0,0.041109182,0.4709455,-0.043107126,0.033997215,0.10801054,0.0,0.0059297876,0.0006897679,-0.20866299,0.00047790786
-0.008781608,0.501854,-0.11161564,-0.02584866,0.0008880644,0.0,0.0,0.0,0.022292038,0.0,-0.0042897584,0.0,0.12782186,0.0,0.0054231794,0.0011452292,0.16557641,0.0,0.20543578,0.0,0.0,0.05696327,0.0,0.0,0.0,0.0,0.0,0.17237014,0.0,0.00059738336,-0.009753089,0.0,-0.023026688,-0.002082019,0.0,-0.017821584,0.6104998,-0.030314967,0.022736453,0.11013803,0.0,-0.0021067285,0.0006897679,0.25043678,0.001407335
-0.012081348,-0.013368206,-0.14674567,0.012084761,0.00039413373,0.0,0.0,0.0,0.0302831,0.0,0.012914714,0.0,0.1003094,0.0,-0.0025244548,-0.0015942659,-0.352017,0.0,0.17738794,0.0,0.0,0.040258553,0.0,0.0,0.0,0.0,0.0,0.15920514,0.0,0.0007378072,0.010109393,0.0,0.041775137,0.002744601,0.0,0.044531405,0.44913492,-0.040954176,0.032238737,0.10662939,0.0,0.0073685125,0.0005887636,-0.22170357,0.00047790786
-0.021733113,0.15232095,-0.16610953,-0.029927377,0.0038481215,0.0,0.0,0.0,0.0126669835,0.0,-0.0047195475,0.0,-0.094490364,0.0,-0.0025244548,-0.0018972601,-0.1449176,0.0,0.2414309,0.0,0.0,-0.04127022,0.0,0.0,0.0,0.0,0.0,-0.19133283,0.0,-0.015147548,-0.0036069527,0.0,-0.02466891,0.0010527901,0.0,0.14439392,-0.733063,0.15968803,0.062484328,-0.18605624,0.0,-0.0016245872,0.0005887636,-0.10500723,-0.0044233957
-0.02194535,0.52380383,-0.105732985,-0.013359824,0.0013894028,0.0,0.0,0.0,0.018264128,0.0,-0.0042897584,0.0,0.074570276,0.0,0.0054231794,0.00013513495,0.16048314,0.0,0.19238771,0.0,0.0,0.033858698,0.0,0.0,0.0,0.0,0.0,0.1277542,0.0,0.0008712949,-0.009753089,0.0,-0.023026688,-0.002082019,0.0,-0.030243225,0.63731724,-0.030314967,0.03272259,-0.24618903,0.0,-0.002424514,-0.006881507,-0.19364777,0.001407335
-0.015326486,-0.5596699,-0.17575175,-0.036231842,-0.004841806,0.0,0.0,0.0,-0.08931732,0.0,-0.004486008,0.0,0.05171758,0.0,0.0008860773,-0.00021668678,-0.13446577,0.0,-0.25668842,0.0,0.0,-0.053204868,0.0,0.0,0.0,0.0,0.0,0.13626654,0.0,0.0008712949,0.010109393,0.0,0.014470387,-0.002082019,0.0,-0.15602632,-0.8566214,0.081111684,0.053384252,0.054135982,0.0,-0.0016381877,-0.004013705,-0.1641877,0.00047790786
-0.0153771555,-0.42516342,-0.21174137,-0.056693375,0.003349129,0.0,0.0,0.0,-0.08790213,0.0,-0.004486008,0.0,0.047023606,0.0,0.0008860773,-0.00021668678,-0.13748135,0.0,-0.28473854,0.0,0.0,-0.058571666,0.0,0.0,0.0,0.0,0.0,-0.27749014,0.0,-0.015147548,-0.0036069527,0.0,-0.011062326,0.0010527901,0.0,0.07309928,-0.83667547,-0.16574232,-0.29279202,0.040126756,0.0,0.0015780787,-0.004013705,-0.13940002,0.001407335
-0.012666204,0.17014791,-0.11707511,-0.0341837,0.00039413373,0.0,0.0,0.0,0.01655822,0.0,-0.0047195475,0.0,-0.1268053,0.0,-0.0025244548,-0.00021668678,-0.35273737,0.0,0.17907673,0.0,0.0,0.041895974,0.0,0.0,0.0,0.0,0.0,0.17380753,0.0,0.0008712949,0.010109393,0.0,0.040976282,0.002744601,0.0,0.038461722,0.47161785,-0.040954176,0.032238737,0.09863399,0.0,-0.0020425096,-0.004291843,-0.17647104,0.00047790786
-0.014326894,-0.41878146,-0.29334134,-0.11898448,0.003349129,0.0,0.0,0.0,0.028425679,0.0,-0.019792344,0.0,0.051377296,0.0,0.0008860773,0.0011452292,-0.13794528,0.0,-0.2834698,0.0,0.0,-0.052973412,0.0,0.0,0.0,0.0,0.0,-0.3090887,0.0,0.0007378072,0.0037387437,0.0,-0.028905764,0.0010527901,0.0,-0.07653732,-0.9040666,-0.08801111,-0.28074378,0.03823806,0.0,0.041673288,0.00056854245,-0.17447004,0.001407335
-0.02591985,-0.340658,-0.09855861,-0.014996238,0.0008755954,0.0,0.0,0.0,0.009116791,0.0,-0.004486008,0.0,-0.07036569,0.0,-0.00041246324,-0.00021668678,-0.29110372,0.0,-0.23138158,0.0,0.0,0.030002825,0.0,0.0,0.0,0.0,0.0,0.118484885,0.0,0.0007378072,-0.009753089,0.0,-0.030849716,-0.002082019,0.0,-0.036651637,0.46972203,-0.026733205,0.041223142,-0.15979867,0.0,-0.001837999,-0.004013705,-0.1738739,0.001407335
-0.012238149,-0.43339807,0.050741628,-0.0067132777,0.00037425695,0.0,0.0,0.0,0.009781091,0.0,-0.0028311147,0.0,-0.0855328,0.0,-0.0007462308,0.0011452292,0.19600444,0.0,0.15360714,0.0,0.0,-0.02403598,0.0,0.0,0.0,0.0,0.0,0.12729432,0.0,0.0008712949,-0.009753089,0.0,-0.011560374,0.002744601,0.0,0.040691633,0.51318216,-0.040954176,0.039109446,0.078030385,0.0,0.005653361,0.0006897679,-0.17264573,0.001407335
0.053335533,-0.4466223,0.04233254,-0.027250756,-0.00074664445,0.0,0.0,0.0,0.01717856,0.0,-0.0028311147,0.0,0.111395,0.0,0.001603096,0.00082474446,0.17769353,0.0,0.1764102,0.0,0.0,0.044829186,0.0,0.0,0.0,0.0,0.0,0.15023209,0.0,0.00059738336,-0.009753089,0.0,-0.01787705,0.002744601,0.0,0.019343577,0.5155503,-0.040954176,0.023973953,0.06145175,0.0,-0.00093439256,0.0006897679,0.24275176,0.001407335
-0.01420359,-0.8965615,-0.11516595,-0.036412273,-0.0011914009,0.0,0.0,0.0,-0.08931732,0.0,-0.004486008,0.0,0.045926895,0.0,0.0008860773,-0.00021668678,-0.13748135,0.0,-0.3863423,0.0,0.0,-0.07389321,0.0,0.0,0.0,0.0,0.0,-0.3158726,0.0,-0.015147548,0.0037387437,0.0,0.015855063,0.0010527901,0.0,0.07309928,-0.8585696,-0.17083718,-0.32660896,0.055386063,0.0,0.0015780787,-0.004013705,-0.13539056,0.00047790786
-0.017263245,0.8251189,-0.23028877,0.09328676,0.0008880644,0.0,0.0,0.0,0.02407669,0.0,0.020550637,0.0,0.10527502,0.0,-0.0025244548,-0.015332067,-0.23675507,0.0,0.17957209,0.0,0.0,0.06802838,0.0,0.0,0.0,0.0,0.0,0.21760543,0.0,0.0031137276,-0.0041200104,0.0,-0.02224917,-0.002082019,0.0,-0.017821584,0.5535287,-0.030314967,0.02515618,0.101527944,0.0,-0.004073928,0.0011661218,0.2434601,0.0005919774
0.049819373,0.52982914,0.008913191,-0.039795034,0.0008880644,0.0,0.0,0.0,0.012597819,0.0,-0.0042897584,0.0,-0.16338582,0.0,-0.0025244548,0.00082474446,0.15152575,0.0,0.2193171,0.0,0.0,0.047101427,0.0,0.0,0.0,0.0,0.0,0.15314005,0.0,0.00059738336,-0.009753089,0.0,-0.021508856,0.002744601,0.0,0.017742842,0.6108331,-0.040954176,0.024692705,0.07337915,0.0,-0.0015209079,0.0006897679,0.14971526,0.001407335
-0.012128151,0.25542232,0.50976896,-0.10007164,-0.009305112,0.0,0.0,0.0,0.022140767,0.0,-0.0042897584,0.0,0.082417935,0.0,0.0054231794,0.0011452292,0.2655119,0.0,0.16377507,0.0,0.0,0.046671722,0.0,0.0,0.0,0.0,0.0,-0.18890305,0.0,-0.015147548,0.0037387437,0.0,0.052333217,0.0010527901,0.0,0.041109182,0.5195174,-0.043231074,0.073624134,0.1010632,0.0,0.0011737567,0.0006897679,-0.18230455,-0.0015021125
0.05032957,-0.45636067,0.28299373,-0.017059948,0.0030846638,0.0,0.0,0.0,0.03336218,0.0,-0.0028311147,0.0,0.08002138,0.0,0.001603096,0.00082474446,0.19201563,0.0,0.16076438,0.0,0.0,-0.097962774,0.0,0.0,0.0,0.0,0.0,0.1296592,0.0,0.00059738336,0.010109393,0.0,0.03022242,0.002744601,0.0,0.019343577,0.47572985,-0.043107126,0.03052726,0.081195734,0.0,-0.00093439256,0.0006897679,0.20818199,0.00047790786
-0.011834187,0.44579095,0.4426746,-0.015296772,-0.006824146,0.0,0.0,0.0,0.028587252,0.0,-0.0042897584,0.0,0.09635951,0.0,0.0054231794,0.00013513495,0.2399337,0.0,0.17960408,0.0,0.0,-0.059660397,0.0,0.0,0.0,0.0,0.0,0.12943438,0.0,0.0008712949,0.010109393,0.0,0.045303337,0.002744601,0.0,0.035995018,0.5510388,-0.043107126,0.041171204,0.12675056,0.0,-0.0020425096,-0.006881507,-0.14946198,0.00047790786
-0.008726221,-0.38394767,0.017363088,0.0029768734,0.0025898977,0.0,0.0,0.0,-0.08824039,0.0,-0.0028311147,0.0,-0.09365485,0.0,-0.0007462308,0.0011452292,0.20200741,0.0,0.16908507,0.0,0.0,-0.0895912,0.0,0.0,0.0,0.0,0.0,0.14850731,0.0,0.00059738336,0.010109393,0.0,0.012624432,-0.002082019,0.0,-0.018002236,0.51769483,-0.030314967,0.02896408,0.08131248,0.0,-0.0017024063,0.0006897679,0.20097719,0.00047790786
-0.013342175,-0.5959072,0.6603607,-0.031220537,-0.0011914009,0.0,0.0,0.0,0.04049124,0.0,-0.0028311147,0.0,0.03619653,0.0,0.001603096,0.00013513495,0.09423941,0.0,0.17126654,0.0,0.0,-0.06757107,0.0,0.0,0.0,0.0,0.0,-0.20223309,0.0,-0.015147548,0.0037387437,0.0,0.037968814,0.000697852,0.0,0.07309928,-0.84356546,-0.18012184,-0.18362854,0.07876169,0.0,0.0009785228,-0.006881507,-0.115656614,0.00047790786
-0.015501994,-0.5243842,-0.20393434,-0.065922566,0.0037992327,0.0,0.0,0.0,0.01744307,0.0,-0.004486008,0.0,-0.076878086,0.0,-0.00041246324,-0.00021668678,-0.1349297,0.0,-0.23887573,0.0,0.0,-0.029289758,0.0,0.0,0.0,0.0,0.0,0.12444358,0.0,0.0007378072,-0.009753089,0.0,-0.028905764,-0.002082019,0.0,-0.15585108,-0.8566214,0.081111684,0.053384252,0.05091491,0.0,-0.0014559947,-0.004013705,-0.14725153,0.001407335
0.050331514,-0.052232984,-0.07089942,-0.11480906,0.00051153684,0.0,0.0,0.0,0.02014675,0.0,-0.0042897584,0.0,0.113499545,0.0,0.0008860773,0.00082474446,0.20693268,0.0,-0.2833224,0.0,0.0,0.05245134,0.0,0.0,0.0,0.0,0.0,0.1557361,0.0,0.00059738336,-0.009753089,0.0,-0.028743288,-0.002082019,0.0,-0.01817747,0.55988836,-0.026733205,0.034791745,0.07351164,0.0,-0.0015209079,0.00056854245,0.2699002,0.001407335
-0.0107962275,-1.2633494,-0.23714718,-0.02736029,0.003349129,0.0,0.0,0.0,0.018552445,0.0,-0.004486008,0.0,0.049881924,0.0,0.0008860773,-0.0018972601,-0.10561399,0.0,-0.46315628,0.0,0.0,-0.052890692,0.0,0.0,0.0,0.0,0.0,-0.3199256,0.0,-0.015147548,-0.0036069527,0.0,-0.019389352,-0.0007986329,0.0,-0.07653732,-0.9092125,-0.09310598,-0.2953324,0.054220337,0.0,0.0049620075,0.020313105,-0.22866158,0.001407335
-0.013241807,-0.5153797,0.018826406,-0.09229209,0.0037992327,0.0,0.0,0.0,0.013739816,0.0,-0.0028311147,0.0,0.059072714,0.0,0.0008860773,0.00013513495,0.20657696,0.0,-0.265867,0.0,0.0,0.028195476,0.0,0.0,0.0,0.0,0.0,0.124347076,0.0,0.0008712949,-0.009753089,0.0,-0.019394884,-0.002082019,0.0,-0.036826875,0.55845547,-0.026733205,0.043093268,0.05381261,0.0,-0.0014559947,-0.0066033686,-0.21173277,0.001407335
-0.016206173,-0.28589264,-0.41902393,-0.13188273,0.00082032394,0.0,0.0,0.0,-0.050467588,0.0,-0.019792344,0.0,-0.06625042,0.0,-0.00041246324,0.00013513495,-0.14377964,0.0,-0.23581396,0.0,0.0,-0.047737893,0.0,0.0,0.0,0.0,0.0,-0.2338374,0.0,0.0007378072,0.0037387437,0.0,-0.012042965,0.0010527901,0.0,-0.15615508,-0.83716935,0.081996046,0.07830102,0.0505518,0.0,-0.022421611,-0.0066033686,-0.08876531,0.001407335
-0.011237687,-0.69017977,-0.053462893,-0.040824566,0.008222258,0.0,0.0,0.0,0.026463883,0.0,-0.0028311147,0.0,0.052037623,0.0,0.0008860773,0.0011452292,0.21415569,0.0,-0.2697195,0.0,0.0,-0.030860128,0.0,0.0,0.0,0.0,0.0,-0.2292463,0.0,-0.015147548,-0.0036069527,0.0,-0.02631143,-0.0007986329,0.0,-0.036826875,0.5302058,-0.026857154,0.08948566,0.034726504,0.0,-0.005422732,0.00056854245,-0.16776605,0.001407335
-0.0113839,-0.48984683,-0.40717354,-0.091314085,0.003349129,0.0,0.0,0.0,-0.10230515,0.0,-0.019792344,0.0,-0.10956941,0.0,-0.00041246324,0.0011452292,-0.16673478,0.0,-0.25825423,0.0,0.0,-0.117735475,0.0,0.0,0.0,0.0,0.0,-0.26345417,0.0,0.00046389567,0.0037387437,0.0,-0.008581734,0.0010527901,0.0,-0.095883735,-0.7838693,0.081996046,0.06967126,0.040156696,0.0,-0.022485832,0.00056854245,0.18784656,0.001407335
-0.014326894,-0.49510098,-0.30054972,-0.11924138,-0.0039018083,0.0,0.0,0.0,0.020785864,0.0,-0.019792344,0.0,0.051377296,0.0,0.0008860773,0.0011452292,-0.13794528,0.0,-0.2834698,0.0,0.0,-0.052973412,0.0,0.0,0.0,0.0,0.0,-0.30852786,0.0,0.0007378072,0.0037387437,0.0,-0.028425612,0.0010527901,0.0,-0.07653732,-0.9040666,-0.08801111,-0.28074378,0.035550013,0.0,0.041673288,0.00056854245,-0.17447004,0.001407335
0.06963887,-0.81894344,0.16895209,-0.045145754,0.00038571784,0.0,0.0,0.0,0.022697475,0.0,-0.0028311147,0.0,0.069122,0.0,0.001603096,-0.00018534983,0.16408443,0.0,0.1372909,0.0,0.0,0.046031892,0.0,0.0,0.0,0.0,0.0,0.123920836,0.0,0.0008712949,0.010109393,0.0,0.058062088,0.002744601,0.0,0.041109182,0.45793745,-0.043107126,0.032636676,0.06785069,0.0,0.0011634006,-0.006881507,-0.21663147,0.00047790786
0.046643723,-1.3456258,0.7526259,-0.07371439,-0.0011914009,0.0,0.0,0.0,0.027236562,0.0,-0.0028311147,0.0,0.024266006,0.0,0.0008860773,0.00082474446,0.06889354,0.0,-0.3666871,0.0,0.0,-0.076862805,0.0,0.0,0.0,0.0,0.0,-0.23982179,0.0,-0.015147548,0.0037387437,0.0,0.02845147,0.000697852,0.0,0.07309928,-0.88208014,-0.16011286,-0.2665591,0.056200814,0.0,0.0022759757,0.020414108,-0.13245006,0.00047790786
-0.024926879,-0.09158977,-0.2366348,-0.039790247,-0.0016793734,0.0,0.0,0.0,-0.07587154,0.0,0.035587132,0.0,0.04961943,0.0,-0.00041246324,-0.0015942659,-0.1426454,0.0,-0.22193739,0.0,0.0,0.08582323,0.0,0.0,0.0,0.0,0.0,-0.24509212,0.0,-0.012828371,-0.0036069527,0.0,-0.023693224,-0.0007986329,0.0,-0.077973545,-0.937561,-0.08801111,-0.2296369,-0.12889904,0.0,-0.006258454,0.0004675381,-0.207925,-0.0044233957
-0.012278283,0.2282687,0.01545235,-0.003908619,0.003346783,0.0,0.0,0.0,0.018264128,0.0,-0.0042897584,0.0,0.093293026,0.0,0.0054231794,0.00013513495,0.26192343,0.0,0.18614589,0.0,0.0,0.033347234,0.0,0.0,0.0,0.0,0.0,-0.21175152,0.0,-0.015147548,-0.0036069527,0.0,-0.030231468,-0.0007986329,0.0,-0.03541136,0.5858501,-0.030438917,0.06524628,0.086587645,0.0,0.0011737567,-0.006881507,-0.19005597,0.001407335
-0.008781608,0.48809254,-0.11228602,-0.040646274,-0.0012802833,0.0,0.0,0.0,0.012597819,0.0,-0.0042897584,0.0,-0.16101086,0.0,-0.0025244548,0.0011452292,0.15466973,0.0,0.19614214,0.0,0.0,0.047101427,0.0,0.0,0.0,0.0,0.0,0.17173555,0.0,0.00059738336,-0.009753089,0.0,-0.023506839,-0.002082019,0.0,-0.016514113,0.61176944,-0.030314967,0.022483882,0.096814685,0.0,-0.0021067285,0.0006897679,0.2062144,0.001407335
-0.012238149,-0.40662304,-0.10365277,-0.01362076,0.00037425695,0.0,0.0,0.0,0.007930725,0.0,-0.0028311147,0.0,-0.08786923,0.0,-0.0007462308,0.0011452292,0.1934987,0.0,0.14633834,0.0,0.0,0.01884726,0.0,0.0,0.0,0.0,0.0,0.14152788,0.0,0.0008712949,-0.009753089,0.0,-0.030261122,-0.002082019,0.0,-0.036651637,0.5369125,-0.030314967,0.030394895,0.07494406,0.0,0.005653361,0.0006897679,-0.21615984,0.001407335
-0.012071481,-0.036591545,-0.6933162,-0.032034397,0.003346783,0.0,0.0,0.0,-0.058358006,0.0,-0.0045834514,0.0,-0.12292536,0.0,-0.00083217025,0.0011452292,-0.3768193,0.0,-0.2905587,0.0,0.0,-0.062016774,0.0,0.0,0.0,0.0,0.0,-0.280264,0.0,0.0007378072,0.0037387437,0.0,-0.012870305,0.0010527901,0.0,-0.03410389,0.47595826,-0.026857154,0.07603893,0.0624291,0.0,-0.017969938,0.0005507715,-0.110528335,-0.0044233957
-0.01855407,-0.33372208,0.5876979,-0.04086453,0.0024119657,0.0,0.0,0.0,0.03644755,0.0,-0.0028311147,0.0,0.031204065,0.0,0.0008860773,0.0011452292,0.09640004,0.0,-0.16441585,0.0,0.0,-0.05489204,0.0,0.0,0.0,0.0,0.0,0.05781536,0.0,0.0008712949,0.010109393,0.0,0.037968814,0.0012553849,0.0,0.14704137,-0.7312475,0.12903547,0.04651968,-0.18409173,0.0,0.008154979,0.00056854245,-0.14295366,0.00047790786
-0.027493805,0.9538134,-0.24673022,0.1909375,-0.0042438754,0.0,0.0,0.0,0.016353026,0.0,-0.005054005,0.0,-0.059274465,0.0,-0.00083217025,0.012792513,-0.26321495,0.0,-0.26846814,0.0,0.0,-0.041330837,0.0,0.0,0.0,0.0,0.0,-0.28825694,0.0,0.008358839,0.0023605714,0.0,-0.01847295,0.0010527901,0.0,-0.028935755,0.55970454,-0.026857154,0.09729773,-0.14721473,0.0,-0.0068660825,0.0029948216,-0.10360378,-0.0018606446
-0.008119185,-0.71742404,0.19368804,-0.022659501,-0.0011914009,0.0,0.0,0.0,0.029551422,0.0,-0.0028311147,0.0,-0.15427224,0.0,-0.0007462308,0.0011452292,0.19275829,0.0,0.14020151,0.0,0.0,0.06106574,0.0,0.0,0.0,0.0,0.0,-0.24996652,0.0,-0.010383418,0.0037387437,0.0,0.0456322,0.0010527901,0.0,0.018926028,0.4437364,-0.043231074,0.056490906,0.06376852,0.0,0.001696053,0.0006897679,0.17998411,0.00047790786
0.048184954,-0.76614225,-0.033166744,-0.048906196,-0.012402311,0.0,0.0,0.0,0.036586165,0.0,-0.0028311147,0.0,0.10343735,0.0,0.001603096,0.00082474446,0.17259315,0.0,0.17986089,0.0,0.0,-0.069109775,0.0,0.0,0.0,0.0,0.0,0.15054196,0.0,0.00059738336,-0.009753089,0.0,-0.035475194,0.002744601,0.0,0.019343577,0.5020973,-0.040954176,0.02924294,0.05464904,0.0,-0.00093439256,0.0006897679,0.22432433,0.001407335
-0.014373497,-0.5393512,-0.21766338,-0.0778464,0.003349129,0.0,0.0,0.0,-0.07696417,0.0,-0.004486008,0.0,-0.06061042,0.0,-0.00041246324,-0.0018972601,-0.13794528,0.0,-0.23487726,0.0,0.0,-0.0350373,0.0,0.0,0.0,0.0,0.0,-0.22156082,0.0,-0.015147548,-0.0036069527,0.0,-0.011062326,-0.0007986329,0.0,-0.15585108,-0.8112536,0.081996046,0.07830102,0.03128179,0.0,-0.005146305,0.0004675381,-0.11062698,0.001407335
-0.016377619,-0.2914463,-0.17053518,-0.118257396,-0.00074664445,0.0,0.0,0.0,-0.0725717,0.0,0.054397523,0.0,0.053359605,0.0,-0.0007462308,8.630735e-05,-0.14374162,0.0,0.26331037,0.0,0.0,-0.035827655,0.0,0.0,0.0,0.0,0.0,0.13314249,0.0,0.0007378072,-0.009753089,0.0,-0.012523114,0.002744601,0.0,0.14704137,-0.6980996,0.15880366,0.03723932,0.08903097,0.0,-0.006676377,-0.004291843,-0.13790733,0.001407335
-0.008656769,0.285144,-0.10146991,-0.028709982,0.003346783,0.0,0.0,0.0,-0.04326637,0.0,-0.0042897584,0.0,-0.13381933,0.0,-0.0025244548,0.0011452292,0.25611,0.0,0.18212585,0.0,0.0,0.061202664,0.0,0.0,0.0,0.0,0.0,-0.28977644,0.0,-0.010383418,-0.0036069527,0.0,-0.019868229,-0.0007986329,0.0,-0.016514113,0.5792352,-0.030438917,0.047344282,0.076766275,0.0,0.0009273448,0.0006897679,0.19526383,0.001407335
-0.020980226,-0.27970153,-0.21176904,-0.14504829,-0.000549158,0.0,0.0,0.0,-0.08318992,0.0,0.054397523,0.0,0.08028625,0.0,-0.00041246324,-0.0015942659,-0.13883843,0.0,-0.23221257,0.0,0.0,0.07649105,0.0,0.0,0.0,0.0,0.0,-0.20804012,0.0,-0.008064239,-0.0036069527,0.0,-0.021191964,-0.0007986329,0.0,-0.09575498,-0.7885678,0.081996046,0.055931885,-0.10585722,0.0,-0.006322672,0.0004675381,0.29370221,0.001407335
-0.012666204,0.19276163,-0.11585373,-0.007885614,-0.0006428057,0.0,0.0,0.0,0.024005726,0.0,-0.0047195475,0.0,0.1003094,0.0,0.0054231794,-0.00021668678,-0.35227346,0.0,0.1914868,0.0,0.0,0.043622043,0.0,0.0,0.0,0.0,0.0,0.18077838,0.0,0.0008712949,0.010109393,0.0,0.04162754,0.002744601,0.0,0.041577153,0.47161785,-0.040954176,0.032238737,0.11262293,0.0,-0.0020425096,-0.004291843,-0.20913112,0.00047790786
0.05931246,-0.4143014,0.31217954,0.017740427,0.0030846638,0.0,0.0,0.0,0.03952377,0.0,-0.0028311147,0.0,0.048049644,0.0,0.0008860773,0.00082474446,0.20509389,0.0,-0.26154542,0.0,0.0,-0.11165214,0.0,0.0,0.0,0.0,0.0,0.1152675,0.0,0.00059738336,0.010109393,0.0,0.03268112,0.0012553849,0.0,0.019343577,0.4339534,-0.03606665,0.042872436,0.07652079,0.0,-0.0017161415,0.00056854245,0.13178758,0.00047790786
-0.009664915,0.4001567,-0.1383779,0.007648497,-0.0012802833,0.0,0.0,0.0,0.028677428,0.0,0.012914714,0.0,0.12782186,0.0,-0.0025244548,-0.0015942659,-0.2957338,0.0,0.21034119,0.0,0.0,0.07335449,0.0,0.0,0.0,0.0,0.0,0.185836,0.0,0.00046389567,-0.0079009235,0.0,-0.024095433,-0.002082019,0.0,-0.017821584,0.5146633,-0.030314967,0.022483882,0.110470824,0.0,-0.0021067285,0.0005887636,0.2531784,0.001407335
-0.008357218,-0.5983901,0.31127676,-0.026545469,0.00038571784,0.0,0.0,0.0,-0.082190484,0.0,-0.0028311147,0.0,0.10431737,0.0,0.001603096,0.0011452292,0.18768531,0.0,0.15731369,0.0,0.0,0.0887268,0.0,0.0,0.0,0.0,0.0,0.1294389,0.0,0.00059738336,0.010109393,0.0,0.042007178,0.002744601,0.0,0.019343577,0.47452176,-0.043107126,0.025198435,0.09863375,0.0,-0.0017024063,0.0006897679,0.24432734,0.00047790786
-0.008726221,-0.45222268,0.27998954,-0.017059948,0.0030846638,0.0,0.0,0.0,0.03336218,0.0,-0.0028311147,0.0,0.08002138,0.0,0.001603096,0.0011452292,0.20200741,0.0,0.16134776,0.0,0.0,-0.097962774,0.0,0.0,0.0,0.0,0.0,0.12941346,0.0,0.00059738336,0.010109393,0.0,0.032279484,0.002744601,0.0,0.019343577,0.4737151,-0.043107126,0.03052726,0.10429847,0.0,-0.0015202136,0.0006897679,0.2230183,0.00047790786
-0.0131103005,0.45164397,-0.16487141,-0.01619454,-0.0037612498,0.0,0.0,0.0,0.011894668,0.0,-0.0047195475,0.0,-0.10874167,0.0,-0.0025244548,-0.0018972601,-0.31010163,0.0,0.19622555,0.0,0.0,0.03400329,0.0,0.0,0.0,0.0,0.0,-0.30108574,0.0,-0.012828371,-0.0036069527,0.0,-0.025887229,-0.0007986329,0.0,-0.028935755,0.5064053,-0.030438917,0.05580853,0.06962282,0.0,0.0011737567,0.0005887636,-0.15726762,-0.0044233957
-0.017754905,0.42323247,-0.028444912,-0.025015265,-0.0011254315,0.0,0.0,0.0,0.01833942,0.0,-0.0042897584,0.0,-0.1397524,0.0,-0.0025244548,0.0011452292,0.19699699,0.0,0.20495826,0.0,0.0,0.054808006,0.0,0.0,0.0,0.0,0.0,0.12244255,0.0,0.00059738336,0.010109393,0.0,0.03159886,-0.002082019,0.0,-0.016514113,0.61120695,-0.030314967,0.024354007,-0.22820905,0.0,-0.0024887328,0.0006897679,0.20001651,0.00047790786
0.12412686,-0.22771852,-0.02133488,-0.12147424,0.0005189446,0.0,0.0,0.0,0.0141790705,0.0,-0.0042897584,0.0,-0.09167063,0.0,-0.0007462308,0.00082474446,0.19966781,0.0,0.12847127,0.0,0.0,0.027942473,0.0,0.0,0.0,0.0,0.0,0.1086451,0.0,0.0008712949,0.010109393,0.0,0.038959827,-0.002082019,0.0,-0.036651637,0.56349015,-0.030314967,0.032593265,-0.1826241,0.0,0.0048119305,0.0006897679,-0.19370155,0.00047790786
-0.014373497,-0.47203478,-0.20634818,-0.06294641,-0.0039018083,0.0,0.0,0.0,-0.08755153,0.0,-0.004486008,0.0,0.047023606,0.0,0.0008860773,-0.0018972601,-0.13748135,0.0,-0.25530145,0.0,0.0,-0.03803262,0.0,0.0,0.0,0.0,0.0,-0.22711602,0.0,-0.015147548,-0.0036069527,0.0,-0.010582176,0.0010527901,0.0,0.14704137,-0.67235154,0.14841963,0.08133852,0.033236835,0.0,-0.005146305,0.0004675381,-0.1142683,0.001407335
-0.012717492,0.2097298,-0.1420561,0.012039079,-0.0006428057,0.0,0.0,0.0,0.030391116,0.0,0.012914714,0.0,0.09826146,0.0,-0.0025244548,8.630735e-05,-0.352017,0.0,0.19216213,0.0,0.0,0.040258553,0.0,0.0,0.0,0.0,0.0,0.17741181,0.0,0.0007378072,0.010109393,0.0,0.042426396,-0.002082019,0.0,-0.030243225,0.49988103,-0.030314967,0.032470018,0.10616021,0.0,-0.0020425096,-0.004291843,-0.21125937,0.00047790786
0.07571674,-0.46722558,0.06105463,-0.031792972,-0.00074664445,0.0,0.0,0.0,0.013150646,0.0,-0.0028311147,0.0,0.06527191,0.0,0.001603096,-0.00018534983,0.18350692,0.0,0.16073595,0.0,0.0,0.020573327,0.0,0.0,0.0,0.0,0.0,0.12816912,0.0,0.0008712949,-0.009753089,0.0,-0.01787705,0.002744601,0.0,0.041109182,0.51197404,-0.040954176,0.03378062,0.05973049,0.0,0.0011634006,-0.006881507,-0.20742276,0.001407335
-0.014108619,-0.5310461,-0.81870055,-0.066853836,-0.0039018083,0.0,0.0,0.0,0.02233924,0.0,-0.019792344,0.0,-0.12484116,0.0,-0.00041246324,0.00013513495,-0.13666384,0.0,-0.26536372,0.0,0.0,-0.06676541,0.0,0.0,0.0,0.0,0.0,-0.29081014,0.0,0.0007378072,0.0037387437,0.0,-0.025564205,0.0010527901,0.0,-0.07666607,-0.90948683,-0.08801111,-0.26470077,0.13171299,0.0,-0.022239419,-0.0065646917,-0.13616809,0.001407335
-0.0082126735,0.48074713,-0.011261774,-0.032992844,0.00039413373,0.0,0.0,0.0,0.01833942,0.0,-0.0042897584,0.0,-0.16101086,0.0,-0.0025244548,0.0011452292,0.19699699,0.0,0.2193171,0.0,0.0,0.055045344,0.0,0.0,0.0,0.0,0.0,0.15656336,0.0,0.00059738336,0.010109393,0.0,0.030947603,-0.002082019,0.0,-0.016514113,0.6065372,-0.030314967,0.024354007,0.09648189,0.0,-0.0021067285,0.0006897679,0.2062144,0.00047790786
-0.01770263,-0.47310266,-0.010889484,-0.056984883,-0.0034087119,0.0,0.0,0.0,-0.117551744,0.0,-0.004486008,0.0,0.08561492,0.0,0.0008860773,-0.0018972601,-0.30097216,0.0,-0.2696133,0.0,0.0,0.096216604,0.0,0.0,0.0,0.0,0.0,-0.2594112,0.0,-0.010383418,0.0037387437,0.0,0.04523781,0.0010527901,0.0,0.019343577,0.4218272,-0.037496362,0.06745521,-0.108733065,0.0,-0.0012844838,0.0004675381,0.19502829,0.00047790786
-0.012697086,-0.00818847,0.006355143,-0.081016056,-0.019408831,0.0,0.0,0.0,0.017969202,0.0,-0.0042897584,0.0,0.07218524,0.0,0.0008860773,0.00013513495,0.24289125,0.0,-0.264389,0.0,0.0,-0.030860128,0.0,0.0,0.0,0.0,0.0,-0.20589323,0.0,-0.015147548,-0.0036069527,0.0,-0.03355966,-0.0007986329,0.0,-0.036826875,0.57023215,-0.026857154,0.0898139,0.069564424,0.0,0.0011737567,-0.0066033686,-0.16565685,0.001407335
-0.02082113,-0.35396534,-0.20209259,-0.0031254771,-0.000549158,0.0,0.0,0.0,-0.068411894,0.0,-0.004486008,0.0,-0.0463478,0.0,-0.00041246324,-0.0018972601,-0.13794528,0.0,-0.23233029,0.0,0.0,-0.05470863,0.0,0.0,0.0,0.0,0.0,-0.23061939,0.0,-0.012828371,-0.0036069527,0.0,-0.011062326,-0.0007986329,0.0,-0.07636209,-0.88927096,-0.08801111,-0.28074378,-0.08548147,0.0,0.0044905534,0.0004675381,-0.13136499,0.001407335
-0.01074556,-1.2773572,-0.21950507,-0.060962066,-0.004841806,0.0,0.0,0.0,-0.0694786,0.0,-0.004486008,0.0,0.05162853,0.0,0.0008860773,-0.0018972601,-0.09643652,0.0,-0.44807655,0.0,0.0,0.07822676,0.0,0.0,0.0,0.0,0.0,0.19608681,0.0,0.0008712949,0.010109393,0.0,0.021272004,-0.002082019,0.0,-0.07653732,-0.9595092,-0.08870507,-0.18100728,0.07068702,0.0,0.016314523,0.020313105,-0.285169,0.00047790786
-0.018064994,0.24980319,-0.4090467,-0.001683679,0.0038481215,0.0,0.0,0.0,0.025410624,0.0,-0.0045834514,0.0,-0.11144782,0.0,-0.00083217025,0.0011452292,-0.1629198,0.0,-0.2919501,0.0,0.0,-0.092113644,0.0,0.0,0.0,0.0,0.0,-0.25915968,0.0,0.00046389567,0.0032900295,0.0,-0.018807417,0.0010527901,0.0,-0.094091624,-0.9015008,0.081996046,0.07039001,-0.14033239,0.0,-0.020650309,0.00056854245,0.20678674,0.001407335
-0.008788914,-1.1712466,-0.025798535,-0.058782194,0.0037992327,0.0,0.0,0.0,-0.056116834,0.0,-0.0028311147,0.0,0.061677817,0.0,0.001603096,0.00013513495,0.06697418,0.0,0.41354385,0.0,0.0,0.03994251,0.0,0.0,0.0,0.0,0.0,0.18596305,0.0,0.0008712949,-0.009753089,0.0,-0.0048034326,0.002744601,0.0,0.07309928,-1.0264336,-0.19154009,-0.1329732,0.09321279,0.0,-0.012804193,-0.09187074,-0.2906454,0.001407335
